{"bm25": {"s2s": {"1": 8.56909388656253, "2": 10.389501948760206, "10": 12.871328530613841, "5": 11.99478472741735, "20": 13.486833918355542}}, "Rouge": {"s2s": {"10": 10.988894345201246, "1": 8.303672361771497, "20": 11.716755942146278, "5": 10.29501730304527, "2": 9.16523178153165}}, "Pos": {"s2s": {"20": 10.47632326764275, "10": 10.088673178450406, "2": 8.584833421860726, "5": 9.573754939880342, "1": 8.188245159212453}}, "Grakel": {"s2s": {"2": 8.528616666962067, "10": 9.711124923472573, "20": 10.193169045433265, "1": 8.010299071587143, "5": 9.448798723346716}}, "BLEU_pos": {"s2s": {"2": 8.943113671537967, "20": 10.550925045769691, "1": 8.037854117395508, "5": 9.665632800766529, "10": 9.968180609773366}}, "BLEU": {"s2s": {"5": 11.446298013732529, "1": 8.463689123469154, "2": 10.117971693549281, "20": 12.574642106972334, "10": 11.866351885176652}}}