{"bm25": {"s2s": {"2": 43.55891938689677, "5": 43.63567555956181, "1": 42.944217766002545, "10": 44.011232720425795, "20": 44.175657942111606}}, "Rouge": {"s2s": {"5": 43.78281599679668, "20": 43.85389740889472, "2": 43.12446222150429, "10": 43.92820308273161, "1": 43.34087021229236}}, "Pos": {"s2s": {"2": 43.41574767818325, "20": 44.19137384870469, "10": 43.98892243260361, "5": 43.65912561036785, "1": 43.11823870890252}}, "Grakel": {"s2s": {"20": 44.001821546411065, "10": 43.648121839096575, "2": 43.86519054062441, "1": 43.15071490782393, "5": 43.468003282402634}}, "BLEU_pos": {"s2s": {"20": 44.32732510691666, "5": 43.95979022902189, "2": 43.490886247670105, "1": 43.046135509039125, "10": 44.05598612684031}}, "BLEU": {"s2s": {"10": 44.1248877638587, "1": 42.836119898575696, "20": 43.93681637180061, "5": 43.7378458760153, "2": 43.39702304168327}}}