{"bm25": {"s2s": {"1": 2.5854933851101625, "10": 3.6786192754334675, "20": 3.753434433517056, "2": 2.8394717275082053, "5": 3.1131573342480325}}, "Rouge": {"s2s": {"5": 2.820964249462992, "2": 2.3769601300407857, "10": 3.1291318871672225, "1": 2.2204770194995587, "20": 3.443709311597961}}, "Pos": {"s2s": {"10": 2.9596709800425605, "2": 2.6883804988529874, "5": 2.795502942370916, "1": 2.3582205061695056, "20": 3.1867168786631637}}, "Grakel": {"s2s": {"5": 2.3523033602797576, "1": 2.034243969693732, "20": 2.781913726630102, "2": 2.157045198279748, "10": 2.539003606224443}}, "BLEU_pos": {"s2s": {"2": 2.566091621633765, "5": 2.8337371901428376, "10": 2.936169468966606, "20": 2.989355109243438, "1": 2.277632606456734}}, "BLEU": {"s2s": {"5": 3.0299027799094103, "20": 3.5889954550199956, "1": 2.529658495693457, "2": 2.8236889107861334, "10": 3.3920369797423056}}}