{"bm25": {"s2s": {"5": 53.510275016383815, "20": 54.521862826147284, "1": 52.7705376165687, "10": 54.231906768369974, "2": 53.19151789079704}}, "Rouge": {"s2s": {"1": 52.16882101002728, "10": 53.524991277457815, "2": 53.05225476573776, "5": 53.511961150334685, "20": 54.19132269389631}}, "Pos": {"s2s": {"1": 52.48112948891415, "10": 54.11075898290195, "5": 53.74386208999072, "20": 54.62876869586149, "2": 53.12052550803365}}, "Grakel": {"s2s": {"10": 54.418519244742676, "20": 54.74845046889373, "1": 52.646343752924984, "5": 54.088840400021326, "2": 53.62387034469658}}, "BLEU_pos": {"s2s": {"5": 53.67637748079414, "1": 52.60156985714096, "20": 54.34073387756272, "10": 54.18352140339904, "2": 53.223962506472176}}, "BLEU": {"s2s": {"2": 53.03536623673629, "1": 52.4976652919353, "10": 54.0379139507046, "5": 53.80054174855298, "20": 54.204412638198384}}}