{"Laser2": {"s2t": {"10": 27.984745838671742, "1": 26.363338123345667, "5": 27.54609564035471, "20": 28.165582215683365, "2": 26.593575062774796}, "t2t": {"5": 28.128277618644375, "10": 28.392789426844217, "1": 26.236628988213067, "2": 27.355090925719196, "20": 28.925166796411474}, "s2s": {"1": 26.59523295641501, "2": 27.31893255067589, "5": 27.956403725292, "10": 28.48894154558196, "20": 29.030252818722648}}, "Cohere": {"s2t": {"20": 29.5252582683691, "1": 26.603460339196516, "10": 28.364846243153153, "5": 28.044468991668285, "2": 27.204039254757166}, "t2t": {"2": 27.513361404207366, "5": 28.258096959727144, "1": 26.216472620827115, "10": 28.766944336398616, "20": 29.98623896640998}, "s2s": {"1": 26.403975435733066, "2": 27.447694603925303, "5": 28.48073724237384, "20": 30.08019340721344, "10": 29.371199766558526}}, "LaBSE": {"s2s": {"2": 27.455368038712805, "10": 29.214362612349973, "20": 29.726259194731888, "5": 28.396453194373407, "1": 26.75213165406408}, "t2t": {"20": 29.35458810027999, "2": 27.553052753603126, "10": 29.044855224170938, "5": 28.26926568399646, "1": 26.51431756650829}, "s2t": {"1": 26.749198921272733, "5": 28.154924347474207, "10": 28.75189693719457, "2": 27.39200569473953, "20": 29.581748743266417}}, "SONAR": {"s2s": {"10": 28.631178024518203, "2": 26.86210152519379, "1": 26.46415612937985, "5": 28.11114118240194, "20": 29.913690433066233}, "s2t": {"10": 28.899203335754404, "20": 29.821075935438863, "1": 26.63650913805797, "5": 28.276974411289956, "2": 27.164855435213514}, "t2t": {"1": 26.6770528247947, "2": 27.309479575131675, "20": 30.19768943876195, "5": 28.67204768965044, "10": 29.446655680614054}}, "Random": {"s2s": {"1": {"mean": 25.812062789770945, "std": 0.10820473724947823}, "10": {"mean": 27.029517146523006, "std": 0.20458584792125595}, "20": {"mean": 27.42670496749224, "std": 0.18663807631897053}, "2": {"mean": 26.330932513479798, "std": 0.10626711146843083}, "5": {"mean": 26.678498819950892, "std": 0.10603984605212055}, "0": {"mean": 22.533433130748794, "std": 0.0}}}, "E5": {"t2t": {"5": 28.41816023385984, "2": 27.588786198316146, "1": 26.323121105839412, "10": 29.326367134632886, "20": 30.12734010262654}, "s2t": {"5": 28.02696667274144, "2": 27.127943486806036, "10": 28.47950972456617, "1": 26.259344668876537, "20": 29.170644093009198}, "s2s": {"2": 27.49990445661501, "20": 29.717669973773024, "10": 29.103823756494318, "5": 28.21876697951105, "1": 26.628524086794286}}}