{"Laser2": {"t2t": {"10": 42.70109523405958, "2": 42.64104233232405, "1": 42.10525957351702, "5": 42.62655799362246, "20": 43.26241840942499}, "s2t": {"5": 42.52846844434421, "2": 42.55819146614383, "1": 41.73946845807454, "10": 42.913366797239014, "20": 43.156791069728044}, "s2s": {"1": 41.65142248807814, "10": 42.29143840309745, "2": 42.37771582739449, "20": 42.695045970013595, "5": 42.31343461541934}}, "Cohere": {"s2s": {"5": 42.513228770708075, "20": 42.744481384930076, "1": 42.025774271549366, "2": 42.62167532354404, "10": 42.79635352148091}, "s2t": {"5": 42.788871960884926, "20": 42.82114954572497, "10": 42.7314579001155, "2": 42.437307667316844, "1": 41.82476618325634}, "t2t": {"5": 42.51407709949318, "10": 42.82357067530127, "2": 42.47919148302969, "1": 41.84139390492631, "20": 43.00624248911382}}, "LaBSE": {"t2t": {"5": 43.14520639224971, "10": 42.733001511256376, "1": 42.30781596337083, "2": 42.68394849953666, "20": 43.01639054939899}, "s2t": {"2": 42.97338341984481, "5": 42.76100646943626, "1": 42.03019809783925, "20": 43.04431902772843, "10": 42.78148803926757}, "s2s": {"10": 42.79023888865914, "2": 42.86723649323094, "5": 42.74505235987394, "1": 42.358037704199525, "20": 42.661478611707544}}, "SONAR": {"t2t": {"10": 43.59053775054818, "5": 43.11237457895675, "20": 43.5182936865124, "1": 42.067684700728904, "2": 42.97035037448577}, "s2t": {"10": 42.771613782501355, "1": 41.95362285033235, "2": 42.582421259638636, "20": 43.121866438367086, "5": 42.97270055538239}, "s2s": {"20": 43.03062325062497, "10": 43.275105688177895, "2": 42.48528286005482, "1": 41.842838125069385, "5": 42.79278370825511}}, "Random": {"s2s": {"20": {"mean": 42.88278949649384, "std": 0.1588379448315276}, "0": {"mean": 37.53306594208457, "std": 0.0}, "10": {"mean": 42.45148782882395, "std": 0.0893219276609935}, "2": {"mean": 42.486971928848995, "std": 0.12686667539831314}, "5": {"mean": 42.352743534999206, "std": 0.2875118825980848}, "1": {"mean": 41.80329434609573, "std": 0.06850295517649832}}}, "E5": {"t2t": {"1": 41.86622617982049, "5": 42.65915816560172, "10": 42.78850875892759, "2": 42.40331752132878, "20": 42.95229596472662}, "s2s": {"2": 42.30467045371009, "5": 42.72957751943808, "1": 41.80572162579265, "20": 42.807200307349305, "10": 42.93108763297319}, "s2t": {"1": 42.06816901219282, "5": 42.5872584043899, "10": 42.77604454876312, "2": 42.18736954363592, "20": 42.87017804732516}}}