{"Laser2": {"s2s": {"10": 3.55247997701729, "2": 2.3524117264730195, "1": 1.8890256757237942, "5": 3.0814807858002946, "20": 4.087333329053016}, "t2t": {"20": 3.7828738405260074, "5": 2.5747752032450335, "1": 1.7923512666328438, "10": 3.349626232498161, "2": 2.2603943913609377}, "s2t": {"2": 2.3140483581039017, "20": 3.79528689158886, "1": 1.861558247672551, "10": 3.1883177442159996, "5": 2.854796305898423}}, "Cohere": {"t2t": {"2": 2.3723896010272654, "20": 4.008596438231371, "1": 2.0904105133575133, "10": 3.443710373975417, "5": 2.995652882451031}, "s2s": {"20": 4.610311647162761, "10": 3.4959449553504753, "1": 1.9318230548352113, "2": 2.5507923885336163, "5": 3.015375270038253}, "s2t": {"5": 3.0748955054629468, "10": 3.76039427580278, "20": 4.610864041107142, "2": 2.3477029705967913, "1": 2.0036451055552513}}, "LaBSE": {"s2t": {"10": 3.3337619306595943, "5": 2.863083066457345, "20": 3.8677053845405776, "1": 2.122168973315143, "2": 2.4579475330067804}, "s2s": {"5": 3.141183387021023, "10": 3.7469101053100973, "20": 4.60309470549126, "2": 2.4808535877455027, "1": 2.1038428159282185}, "t2t": {"20": 3.6113111926252657, "1": 2.071675455249031, "5": 2.749161857262824, "2": 2.279252561173272, "10": 3.066508939315531}}, "SONAR": {"s2s": {"10": 3.6717986838799206, "5": 3.2198310384348243, "2": 2.5645765125640922, "20": 4.590415384949309, "1": 2.199763426091087}, "s2t": {"10": 3.902092165463211, "5": 3.365927273991253, "20": 4.757123395854132, "2": 2.5341601043001285, "1": 2.201705187096225}, "t2t": {"10": 3.6937228655897405, "2": 2.3340816918466207, "1": 2.022340851000474, "20": 4.562613917945744, "5": 3.0970700854988786}}, "Random": {"s2s": {"10": {"mean": 2.3923801057028506, "std": 0.09282717906243503}, "1": {"mean": 1.419664502275569, "std": 0.1280448042953249}, "0": {"mean": 1.933957205101482, "std": 0.012977623508073608}, "20": {"mean": 2.795993791846635, "std": 0.024951816919652925}, "2": {"mean": 1.5703333461491986, "std": 0.048908083465430977}, "5": {"mean": 1.9711146528146548, "std": 0.052873114584184394}}}, "E5": {"s2t": {"10": 3.3390255972523124, "1": 1.9567868733968443, "2": 2.4018403651688414, "20": 3.9109077449653773, "5": 2.852238153279155}, "t2t": {"20": 4.266141869548155, "10": 3.6761502871722347, "1": 2.010947726495573, "2": 2.448991679823365, "5": 3.188677489447642}, "s2s": {"5": 3.0662012711791102, "2": 2.39976608727734, "1": 2.0948671582097664, "10": 3.6266469986858407, "20": 4.476564585276363}}}