{"Laser2": {"t2t": {"2": 52.86691661608659, "20": 53.62006848288609, "10": 53.16888703869595, "5": 53.31568817066998, "1": 52.30793211595303}, "s2t": {"1": 52.227432468947356, "10": 53.544774105316385, "5": 53.06654539814259, "20": 53.568461679566866, "2": 52.520100433053756}, "s2s": {"2": 52.671567222423995, "10": 53.413226520220604, "5": 53.18273481554381, "20": 53.45925626057284, "1": 52.04856856873579}}, "Cohere": {"s2s": {"2": 52.420002634282774, "10": 53.37210827941532, "20": 53.41505847656159, "1": 51.95547302998005, "5": 52.73625306817572}, "t2t": {"20": 53.817568987854706, "2": 52.86478491658652, "5": 53.4245126256377, "1": 52.396377938933675, "10": 53.75717461911087}, "s2t": {"2": 52.38392622877718, "20": 53.317047397443986, "1": 52.1356148229097, "10": 53.18241138577686, "5": 52.93195194747287}}, "LaBSE": {"t2t": {"20": 53.55596888675655, "1": 51.95239978037332, "2": 52.596140960263625, "10": 53.56862541601214, "5": 53.12219560247394}, "s2t": {"2": 52.62307306449996, "1": 52.03288632080581, "20": 53.66264647935479, "5": 53.41912747361639, "10": 53.00434609905927}, "s2s": {"1": 52.23556097627774, "5": 53.088889485988176, "10": 53.239189677418686, "20": 53.488424657791995, "2": 52.65714329930753}}, "SONAR": {"s2s": {"10": 53.470977847348315, "1": 52.23576596696338, "2": 52.423110453465306, "5": 53.09626600133604, "20": 53.504064573060546}, "s2t": {"1": 52.27066206346549, "10": 53.273494261782986, "5": 53.010983663541715, "2": 52.66998064236749, "20": 53.386684384708666}, "t2t": {"10": 53.861521730444, "20": 53.95072759434003, "2": 53.76727552493411, "5": 54.12420793802628, "1": 52.999807757496754}}, "Random": {"s2s": {"2": {"mean": 52.10120698920602, "std": 0.14897343730621151}, "1": {"mean": 52.001492760772955, "std": 0.2628791324964994}, "0": {"mean": 49.291271377570276, "std": 0.0}, "5": {"mean": 52.7940862216309, "std": 0.13627756863699675}, "20": {"mean": 53.10667211653651, "std": 0.13354105728439675}, "10": {"mean": 53.044320859959804, "std": 0.09948850182507342}}}, "E5": {"t2t": {"10": 53.90910961660398, "20": 54.233373754538206, "1": 52.673428797641186, "2": 53.204641537361894, "5": 53.56230261018599}, "s2t": {"1": 52.47164460030545, "10": 52.98121959009548, "20": 53.444148092737635, "5": 53.08170677924376, "2": 52.847433104578464}, "s2s": {"2": 52.3026987166831, "10": 53.27162344072184, "5": 52.63399188544662, "1": 51.7814962160542, "20": 53.634295230228474}}}