{"bm25": {"s2s": {"1": 2.795025265969096, "10": 3.4236205908424413, "20": 3.7470698832053384, "2": 2.9548501231249125, "5": 3.2724998437351713}}, "Rouge": {"s2s": {"5": 2.8533796965694904, "2": 2.637499418698569, "10": 3.182292721702858, "1": 2.446794355970184, "20": 3.4521881546719557}}, "Pos": {"s2s": {"10": 2.999596717383904, "2": 2.7967643715848354, "5": 2.911339395257857, "1": 2.761162467099026, "20": 3.0704125353019336}}, "Grakel": {"s2s": {"5": 2.3414758927908, "1": 2.4210378325711712, "20": 2.7637446439630127, "2": 2.143015371910703, "10": 2.5214622194411027}}, "BLEU_pos": {"s2s": {"2": 2.470984596595482, "5": 2.737509475400975, "10": 3.0024946224980953, "20": 3.143211789317082, "1": 2.7834032575203396}}, "BLEU": {"s2s": {"5": 2.8558191090480167, "20": 3.5509431189985285, "1": 2.605078156796594, "2": 2.7179897818036705, "10": 3.196281286927129}}}