{"bm25": {"s2s": {"1": 3.440803758693434, "2": 3.9201000076402894, "10": 5.657476910949986, "5": 4.967754448931391, "20": 6.3338056670372875}}, "Rouge": {"s2s": {"10": 4.134468692508132, "1": 3.1904204017368443, "20": 4.677699076224604, "5": 3.794568118214575, "2": 3.3745763740358328}}, "Pos": {"s2s": {"20": 3.917762771737599, "10": 3.596868064354716, "2": 2.938572967944188, "5": 2.9476345108276223, "1": 2.9350238791060557}}, "Grakel": {"s2s": {"2": 2.656990968462529, "10": 2.922519010060447, "20": 3.2832458599486065, "1": 2.6250282461682106, "5": 2.989863590598812}}, "BLEU_pos": {"s2s": {"2": 2.942729618502578, "20": 3.8549304726797144, "1": 2.801777718699442, "5": 3.1755846395578318, "10": 3.58824654685276}}, "BLEU": {"s2s": {"5": 4.463210439197196, "1": 3.4570485680985477, "2": 3.620611501646094, "20": 5.534443219617898, "10": 4.776590748043292}}}