{"bm25": {"s2s": {"5": 48.602277745386694, "20": 49.172838815248475, "1": 47.66233726748512, "10": 49.0302096814337, "2": 47.97407317322313}}, "Rouge": {"s2s": {"1": 47.43196952664944, "10": 48.54672471711568, "2": 47.64708146516687, "5": 48.36566138129074, "20": 49.04545169166142}}, "Pos": {"s2s": {"1": 47.343699895799936, "10": 49.00256120604342, "5": 48.5271999713661, "20": 49.013904049543804, "2": 48.11255525010701}}, "Grakel": {"s2s": {"10": 49.077041593805134, "20": 49.146290405991124, "1": 47.91329294859716, "5": 48.66354735130397, "2": 48.32728090355612}}, "BLEU_pos": {"s2s": {"5": 48.4116204804305, "1": 47.3623922415838, "20": 49.0887525071988, "10": 48.94070269672157, "2": 47.508180669655204}}, "BLEU": {"s2s": {"2": 48.13473152329896, "1": 47.88605639546533, "10": 48.962020810082045, "5": 48.540622722488074, "20": 49.157806073783654}}}