{"bm25": {"s2s": {"2": 37.32595223603974, "5": 37.90305120311604, "1": 36.54155764847424, "10": 38.13361846716026, "20": 38.529279403191865}}, "Rouge": {"s2s": {"5": 37.586327389815054, "20": 38.172252667058665, "2": 37.502078520113315, "10": 37.9761539151294, "1": 36.71615330358476}}, "Pos": {"s2s": {"2": 36.979360133948575, "20": 37.783680263951666, "10": 37.451279704505374, "5": 37.27805939215898, "1": 36.05816374245841}}, "Grakel": {"s2s": {"20": 37.48069960694726, "10": 37.5660305533129, "2": 36.63022477525888, "1": 36.39748226085631, "5": 37.125245842951486}}, "BLEU_pos": {"s2s": {"20": 37.68700919906927, "5": 37.55202440673701, "2": 37.45623359653474, "1": 36.08650073262074, "10": 37.58264810588604}}, "BLEU": {"s2s": {"10": 37.75938938561773, "1": 36.807980040086065, "20": 38.21782167861113, "5": 37.63845017899941, "2": 37.390516980342404}}}