{"BLOOM_one": {"s2s": {"5": 34.59090928939376, "1": 29.593048302915154, "10": 34.24687641461032}, "s2t": {"10": 34.09025210818364, "5": 33.55680296427457, "1": 28.39218197778201}, "t2t": {"5": 34.24815786760053, "1": 29.602693161335047, "10": 34.74998200102145}}, "BLOOM_one_avg": {"s2s": {"5": 34.88216636086812, "10": 35.29194309971807, "1": 30.414144866657423}, "s2t": {"10": 33.44835836380529, "1": 27.918124830380016, "5": 32.8682359556544}, "t2t": {"1": 30.934174277067335, "5": 34.87418725083643, "10": 35.550176741980394}}, "BLOOM_middle": {"s2t": {"1": 29.682175879216445, "5": 34.38361183225586, "10": 34.50948602385043}, "t2t": {"5": 34.878988142087906, "1": 30.04511279391827, "10": 34.86281950108594}, "s2s": {"10": 34.75725326692499, "1": 29.6692918682042, "5": 34.482162765623094}}, "BLOOM_middle_avg": {"s2t": {"1": 29.196331965843303, "5": 33.29985009196871, "10": 34.546519262265086}, "t2t": {"10": 35.31931522189951, "5": 34.361464291099466, "1": 30.23858124046673}, "s2s": {"1": 30.32909088571612, "5": 34.8065436388731, "10": 35.23172550937094}}, "BLOOM_last": {"s2s": {"1": 29.32451735887358, "5": 34.49606408966008, "10": 35.105107477191126}, "t2t": {"1": 29.963137302568082, "10": 34.44829071867811, "5": 33.75613385686634}, "s2t": {"1": 23.249442116044772, "10": 33.01657991174005, "5": 31.91433029181473}}, "BLOOM_last_avg": {"s2s": {"1": 28.71437607878018, "10": 34.88777147258361, "5": 34.18208510344029}, "s2t": {"1": 26.430118535533225, "10": 31.92240669326277, "5": 31.42595059336254}, "t2t": {"10": 34.79049161271132, "1": 29.918890435680467, "5": 33.93306835915257}}}