{"BLOOM_one": {"t2t": {"5": 14.409916735996012, "10": 15.057172206417837, "1": 15.37919728418162}, "s2t": {"5": 12.263536458165197, "10": 13.348533979172863, "1": 13.080924105792302}, "s2s": {"1": 14.563998793271207, "10": 14.747587936562311, "5": 13.979292086363143}}, "BLOOM_one_avg": {"s2s": {"10": 16.25131378295873, "1": 16.451228243072023, "5": 15.549313961149316}, "s2t": {"5": 11.424868533497424, "10": 11.758415001994162, "1": 12.266272082211383}, "t2t": {"1": 19.26454535721444, "5": 17.70669647649218, "10": 18.31087423537992}}, "BLOOM_middle": {"t2t": {"10": 15.97500434224695, "5": 15.353452474190252, "1": 16.205832046289128}, "s2s": {"10": 16.22885212158946, "1": 16.143615306024785, "5": 15.678835529936935}, "s2t": {"10": 15.324550791790204, "5": 14.600210533921507, "1": 14.136447265794708}}, "BLOOM_middle_avg": {"s2t": {"1": 11.672770752987441, "10": 12.051087859511455, "5": 11.733311992036315}, "t2t": {"10": 16.540695105067574, "1": 17.08767394634419, "5": 16.322859733856376}, "s2s": {"5": 15.808801765798489, "10": 15.893740768327888, "1": 15.89222936799909}}, "BLOOM_last": {"s2s": {"1": 14.422223750906852, "5": 14.253088578394216, "10": 14.833167842763565}, "t2t": {"1": 15.62314524034489, "10": 15.968963026313467, "5": 15.085034779254505}, "s2t": {"10": 13.360857389437077, "1": 10.84174937218696, "5": 13.100649450857778}}, "BLOOM_last_avg": {"s2s": {"10": 15.249701998519798, "5": 14.842789106809807, "1": 14.680737600439691}, "t2t": {"5": 15.747886885316067, "10": 16.284052653525183, "1": 16.221540218835344}, "s2t": {"1": 11.015539263514933, "10": 13.957317550600148, "5": 11.97763267591989}}}