{"BLOOM_one": {"s2t": {"10": 63.720126549353616, "5": 63.31509963493814, "1": 59.30541847511823}, "s2s": {"10": 63.82488886129949, "5": 63.732513357406184, "1": 58.82493746788398}, "t2t": {"5": 64.29790182960336, "1": 59.06839599952599, "10": 64.73178787701708}}, "BLOOM_one_avg": {"s2s": {"1": 60.05552983744199, "10": 64.12673805832758, "5": 63.74981043871254}, "t2t": {"10": 64.61331677925295, "5": 64.1176255814838, "1": 59.427412006637226}, "s2t": {"1": 60.236297748111156, "10": 63.924204977549024, "5": 63.452274946462865}}, "BLOOM_middle": {"s2t": {"10": 64.08008179432109, "1": 59.727659510499805, "5": 63.75390285983581}, "t2t": {"5": 64.05844393649133, "10": 64.35470749169838, "1": 60.08483474940214}, "s2s": {"1": 58.939581879584544, "5": 63.700658284386535, "10": 63.94956143846194}}, "BLOOM_middle_avg": {"s2s": {"1": 59.39918987157009, "5": 63.53031024632318, "10": 63.943860469642956}, "t2t": {"10": 64.46313848042749, "1": 60.18321996449837, "5": 64.34812290539492}, "s2t": {"10": 63.797264275033726, "5": 63.454759051834586, "1": 60.01651523480505}}, "BLOOM_last": {"s2s": {"5": 63.68351988232938, "10": 63.82044144030103, "1": 59.581904423657036}, "s2t": {"10": 63.38552899876477, "1": 61.10763611097991, "5": 63.20236763064453}, "t2t": {"1": 60.85953704419167, "5": 64.16901048556211, "10": 64.45223566307796}}, "BLOOM_last_avg": {"t2t": {"5": 64.03778673284994, "10": 64.26372998851444, "1": 58.80094753507904}, "s2s": {"5": 63.70244295452898, "1": 58.816143555832056, "10": 64.19742007282424}, "s2t": {"5": 62.52406520606346, "10": 63.082980032865464, "1": 60.76540257347639}}}