{"BLOOM_one": {"s2t": {"5": 37.55772823549034, "1": 34.51336692706679, "10": 37.98888412262525}, "t2t": {"1": 35.3623845537677, "10": 38.0640609346188, "5": 37.89346283979727}, "s2s": {"1": 35.05494627393504, "5": 37.90278090337785, "10": 37.98417862039849}}, "BLOOM_one_avg": {"t2t": {"10": 38.486325127270185, "5": 38.45965813458563, "1": 35.511444636308376}, "s2s": {"1": 35.10450692067744, "10": 38.2942516181379, "5": 37.9972764509024}, "s2t": {"1": 34.859188590333844, "5": 37.223327071701846, "10": 37.55599181024935}}, "BLOOM_middle": {"t2t": {"1": 35.893536659751035, "5": 38.01877051229137, "10": 38.2050645413223}, "s2s": {"10": 38.047637508445206, "5": 37.7715383181753, "1": 35.43051653387168}, "s2t": {"10": 38.1613048848694, "5": 37.82076543486125, "1": 35.680297874806584}}, "BLOOM_middle_avg": {"s2s": {"1": 35.075756632146046, "5": 37.70162638301794, "10": 37.84799381729252}, "t2t": {"5": 38.07497602467858, "1": 35.30120539906751, "10": 38.319635105819394}, "s2t": {"1": 34.75402187721785, "5": 37.463211311550296, "10": 37.524630054119825}}, "BLOOM_last": {"t2t": {"10": 37.94564686857515, "1": 35.390277072832504, "5": 37.89346138251707}, "s2s": {"5": 37.473055279479624, "1": 34.821306536443366, "10": 37.56741867439017}, "s2t": {"10": 38.05921571539572, "5": 37.48881596712902, "1": 35.18698430848097}}, "BLOOM_last_avg": {"s2s": {"1": 34.675667201013006, "5": 37.28687107856285, "10": 37.64793853494331}, "t2t": {"5": 38.01562174603367, "1": 35.61795126098931, "10": 38.22398278705826}, "s2t": {"1": 33.834364772220795, "5": 37.25237314776691, "10": 37.132787214089326}}}