{"bm25": {"s2s": {"1": 14.309483881349768, "10": 15.993415197583746, "20": 16.53448818814633, "2": 14.391573231322855, "5": 14.896815676165712}}, "Rouge": {"s2s": {"5": 13.993335988453023, "2": 13.16365681364412, "10": 14.820686913389789, "1": 13.133663409012685, "20": 15.694959816117196}}, "Pos": {"s2s": {"10": 15.285139037752499, "2": 13.831315117804635, "5": 14.445163751292428, "1": 13.95084513882942, "20": 15.823617293028303}}, "Grakel": {"s2s": {"5": 13.085979824020866, "1": 13.155156594155107, "20": 14.40699004449916, "2": 12.773554230178569, "10": 13.916705857343983}}, "BLEU_pos": {"s2s": {"2": 12.631085682147415, "5": 13.551362673369882, "10": 14.46931263941914, "20": 15.107232583755001, "1": 13.57829654530344}}, "BLEU": {"s2s": {"5": 14.148869425146776, "20": 16.06365447843822, "1": 13.79326334150481, "2": 13.582968560175605, "10": 15.228463695774632}}}