{"bm25": {"s2s": {"1": 17.92086508148958, "2": 18.923543440640607, "10": 22.146228793294185, "5": 20.75234079160917, "20": 23.51716332769308}}, "Rouge": {"s2s": {"10": 19.485451514545478, "1": 17.225408512124815, "20": 20.725490916182345, "5": 18.443243878963063, "2": 17.35234432317731}}, "Pos": {"s2s": {"20": 18.96852244638672, "10": 18.466404290168544, "2": 16.92084008839407, "5": 17.393104782167665, "1": 17.167545193327676}}, "Grakel": {"s2s": {"2": 16.65495723719996, "10": 17.093960715094653, "20": 17.969005348554557, "1": 16.619218724832365, "5": 17.088279940265167}}, "BLEU_pos": {"s2s": {"2": 16.740480396582008, "20": 18.91973288577967, "1": 16.519957146865963, "5": 17.20494368014904, "10": 18.11880036470433}}, "BLEU": {"s2s": {"5": 19.360925569121207, "1": 17.695098779575684, "2": 17.96690067708085, "20": 21.58985106493384, "10": 20.489476519449163}}}