{"bm25": {"s2s": {"5": 64.76543680429891, "20": 65.1265169624029, "1": 64.10353138035948, "10": 65.08847369834714, "2": 64.44541314685594}}, "Rouge": {"s2s": {"1": 63.75294722894, "10": 64.75279549591944, "2": 64.18550028517218, "5": 64.61853305623671, "20": 64.96658092328714}}, "Pos": {"s2s": {"1": 63.970597360405094, "10": 65.00588020295713, "5": 64.7245741536857, "20": 64.992902936941, "2": 64.61370896900365}}, "Grakel": {"s2s": {"10": 64.91154386863295, "20": 64.97784742937375, "1": 64.32319062194772, "5": 64.78650000308144, "2": 64.56264123717149}}, "BLEU_pos": {"s2s": {"5": 64.73545356577326, "1": 63.8858108939532, "20": 65.03224803845173, "10": 65.05472122957225, "2": 64.08006606029171}}, "BLEU": {"s2s": {"2": 64.53320679343763, "1": 64.2396814887808, "10": 64.95815757523484, "5": 64.68792849710599, "20": 65.14134521213839}}}