{"bm25": {"s2s": {"2": 56.69737318325401, "5": 57.27418677674534, "1": 55.92889560977644, "10": 57.43688226628926, "20": 57.73890747771656}}, "Rouge": {"s2s": {"5": 57.087176085983, "20": 57.46950110501462, "2": 56.84965430639595, "10": 57.287727053972695, "1": 55.953689382872476}}, "Pos": {"s2s": {"2": 56.40630998389107, "20": 57.19587439938817, "10": 57.01359726654811, "5": 56.85192494168431, "1": 55.59710674418461}}, "Grakel": {"s2s": {"20": 56.97093704240201, "10": 57.03136461467396, "2": 56.164417008909204, "1": 55.74316002484373, "5": 56.64630320486642}}, "BLEU_pos": {"s2s": {"20": 57.067298019428655, "5": 57.06969017120258, "2": 56.89559564701467, "1": 55.534563652422754, "10": 57.14275964726435}}, "BLEU": {"s2s": {"10": 57.07738844163486, "1": 56.00868398010057, "20": 57.544888393266056, "5": 57.00052878729587, "2": 56.597430649639605}}}