{"bm25": {"s2s": {"1": 51.19531157397793, "2": 51.41669025325505, "10": 53.355572535510646, "5": 52.788493458734266, "20": 53.91152368675704}}, "Rouge": {"s2s": {"10": 52.33978440017398, "1": 50.68423533296833, "20": 52.7387501456347, "5": 52.212356097456805, "2": 51.24776486075102}}, "Pos": {"s2s": {"20": 52.38435380822418, "10": 51.672520633463094, "2": 51.110884758190714, "5": 51.73689058671067, "1": 50.69362273785707}}, "Grakel": {"s2s": {"2": 50.935271221148916, "10": 51.97576493776952, "20": 52.37701470265898, "1": 50.47141613033775, "5": 51.2805805177394}}, "BLEU_pos": {"s2s": {"2": 50.88585543060249, "20": 52.6263842769944, "1": 50.4914793290825, "5": 51.45146760470075, "10": 51.73901957858613}}, "BLEU": {"s2s": {"5": 52.49518730558871, "1": 51.07300201325617, "2": 51.47995087879919, "20": 53.39816285440679, "10": 52.541617415081234}}}