{"bm25": {"s2s": {"5": 67.9841125157735, "20": 68.08933382435517, "1": 67.50308749337411, "10": 67.48551174247291, "2": 67.88373837022662}}, "Rouge": {"s2s": {"1": 67.54629331644017, "10": 67.95609550149705, "2": 67.8403946520777, "5": 68.07760349323233, "20": 68.10566075790274}}, "Pos": {"s2s": {"1": 67.27736654595647, "10": 67.87948359152828, "5": 67.85617190377393, "20": 68.2459478921468, "2": 67.69875870454659}}, "Grakel": {"s2s": {"10": 68.00177579680873, "20": 68.11712458756881, "1": 67.86770688856217, "5": 68.07911076546176, "2": 68.06019868893628}}, "BLEU_pos": {"s2s": {"5": 67.9758649553711, "1": 67.47971087251385, "20": 68.04481331686965, "10": 68.09557239735412, "2": 67.60176084691636}}, "BLEU": {"s2s": {"2": 67.86561181732816, "1": 67.81142309090136, "10": 68.1016034132255, "5": 68.21905915241055, "20": 68.28896762822538}}}