{"bm25": {"s2s": {"2": 60.683963321740855, "5": 60.782450376295486, "1": 59.96939132713881, "10": 60.64243277729482, "20": 60.85283831014073}}, "Rouge": {"s2s": {"5": 60.799560973563736, "20": 60.911518540479726, "2": 60.280224061303265, "10": 60.68666829730734, "1": 59.94578755746831}}, "Pos": {"s2s": {"2": 60.522276258627386, "20": 61.065991396164954, "10": 60.62544758407987, "5": 60.72686226889095, "1": 60.28887622001291}}, "Grakel": {"s2s": {"20": 60.84662672123143, "10": 60.75017299996832, "2": 60.72063273527794, "1": 60.51542653662463, "5": 60.86634358985448}}, "BLEU_pos": {"s2s": {"20": 60.856014400441985, "5": 60.890195942935144, "2": 60.52334440854303, "1": 60.57978586035665, "10": 60.935481260362124}}, "BLEU": {"s2s": {"10": 60.966971935004906, "1": 60.44248684498121, "20": 60.85331561210039, "5": 60.82224525244588, "2": 60.349525653473854}}}