{"bm25": {"s2s": {"1": 10.212968160083127, "10": 16.269002011501577, "20": 18.17293544726573, "2": 11.353992277894513, "5": 14.182610889171734}}, "Rouge": {"s2s": {"5": 12.493385052462713, "2": 10.624578109747675, "10": 14.74385006844668, "1": 9.504802351895949, "20": 16.73390952628517}}, "Pos": {"s2s": {"10": 14.448154097554806, "2": 10.609691999114574, "5": 12.963846634130594, "1": 10.265305723097399, "20": 16.254915003862724}}, "Grakel": {"s2s": {"5": 12.48636801120518, "1": 9.492261861415967, "20": 15.484467221821351, "2": 10.586376141484878, "10": 13.915988200925561}}, "BLEU_pos": {"s2s": {"2": 10.089523983807075, "5": 11.938472563200857, "10": 13.734872821257799, "20": 15.65133476114604, "1": 9.346449200765866}}, "BLEU": {"s2s": {"5": 13.580414649439456, "20": 16.995405774617804, "1": 10.07615175207949, "2": 10.849439195016823, "10": 15.076450753872098}}}