{"bm25": {"s2s": {"1": 1.8491575420062956, "10": 2.5749029087505626, "20": 2.887540568368014, "2": 1.828079242026501, "5": 2.3059276891593505}}, "Rouge": {"s2s": {"5": 2.0103406635051817, "2": 1.6414233623040329, "10": 2.324652543052359, "1": 1.7053758793344207, "20": 2.5105133469768033}}, "Pos": {"s2s": {"10": 2.3115642319294407, "2": 1.8662597719670975, "5": 2.2167782167436743, "1": 1.9295524739466108, "20": 2.602931101692038}}, "Grakel": {"s2s": {"5": 1.8190726076731596, "1": 1.4934299495949053, "20": 2.1236107118850356, "2": 1.5025245038665251, "10": 1.8486033351842348}}, "BLEU_pos": {"s2s": {"2": 1.6086428133937107, "5": 1.9742603587983458, "10": 2.0803634908376045, "20": 2.3130577196060917, "1": 1.959783783425691}}, "BLEU": {"s2s": {"5": 2.103502041244904, "20": 2.6791623758307015, "1": 1.9678294288806926, "2": 1.6704643190787098, "10": 2.5584324351162655}}}