{"bm25": {"s2s": {"5": 43.93276726631639, "20": 44.425709935557535, "1": 42.65386807130826, "10": 44.28320126775745, "2": 43.273967319606065}}, "Rouge": {"s2s": {"1": 41.72609274422745, "10": 43.513412570374236, "2": 42.265111398207345, "5": 43.33440071875652, "20": 44.163944918618355}}, "Pos": {"s2s": {"1": 41.97187535736057, "10": 43.67658560339166, "5": 43.11577416672142, "20": 44.000052845573514, "2": 42.52139664645283}}, "Grakel": {"s2s": {"10": 43.82275721207784, "20": 43.7865683157968, "1": 42.35701889652307, "5": 43.66437469891994, "2": 43.35962413185782}}, "BLEU_pos": {"s2s": {"5": 43.185102293958664, "1": 42.13514082266586, "20": 43.72375156764454, "10": 43.46782953014825, "2": 42.761494984846955}}, "BLEU": {"s2s": {"2": 42.97273176139924, "1": 42.69606794622717, "10": 43.91630104095644, "5": 43.49250076914586, "20": 43.94467216684516}}}