{"bm25": {"s2s": {"2": 32.44759097090617, "5": 33.4502489243097, "1": 31.94899140885162, "10": 33.378288908013374, "20": 33.493770844201784}}, "Rouge": {"s2s": {"5": 33.45641772480388, "20": 33.79372343969346, "2": 32.740224422317866, "10": 33.551268879602766, "1": 32.26749143979814}}, "Pos": {"s2s": {"2": 32.60879217963963, "20": 33.7020778489616, "10": 33.49508297491522, "5": 33.56012519623627, "1": 31.99590798370105}}, "Grakel": {"s2s": {"20": 33.40684065329808, "10": 33.28096725389089, "2": 32.83914773407036, "1": 32.285274018907586, "5": 33.23223268086225}}, "BLEU_pos": {"s2s": {"20": 33.40761763327107, "5": 32.91106067776153, "2": 32.41905684408858, "1": 32.38955557039315, "10": 32.95708702195426}}, "BLEU": {"s2s": {"10": 33.602348595629294, "1": 31.967783961655794, "20": 34.041196771373585, "5": 33.489136724590004, "2": 32.70761071133971}}}