{"bm25": {"s2s": {"1": 11.85871498038342, "2": 12.883512343681705, "10": 15.1184496309687, "5": 14.270787369897233, "20": 15.371798445341232}}, "Rouge": {"s2s": {"10": 13.50633944687953, "1": 11.269059472828712, "20": 14.048805222840492, "5": 13.091899112930442, "2": 11.959664526772489}}, "Pos": {"s2s": {"20": 12.493669535606616, "10": 12.3954312337262, "2": 11.748181232767621, "5": 12.3232194292847, "1": 10.79887713464197}}, "Grakel": {"s2s": {"2": 10.624136639772324, "10": 12.010004240224914, "20": 12.516133590109032, "1": 9.84497758729889, "5": 11.774571937073901}}, "BLEU_pos": {"s2s": {"2": 12.01898451090078, "20": 12.801907593853414, "1": 11.010283605561996, "5": 12.088676823544422, "10": 12.502738354495609}}, "BLEU": {"s2s": {"5": 14.070403571468312, "1": 12.120059366809999, "2": 12.580628266162545, "20": 14.519025573492325, "10": 14.300311512022304}}}