{"Laser2": {"s2t": {"10": 22.932307278921826, "1": 20.095576207063758, "5": 22.231010993299417, "20": 23.337644577823465, "2": 20.821339179232286}, "t2t": {"5": 22.509449456538004, "10": 23.291283827520154, "1": 20.174561373808732, "2": 21.11048666257668, "20": 23.61159201255641}, "s2s": {"1": 20.712637314947813, "2": 21.08294292077539, "5": 22.68746946396942, "10": 23.685007673911354, "20": 23.620923173583563}}, "Cohere": {"s2t": {"20": 25.237955058991297, "1": 20.347695532122533, "10": 24.352331985704627, "5": 23.47570403858585, "2": 22.07753775025881}, "t2t": {"2": 21.763824522559492, "5": 23.363984064916636, "1": 20.73165235063388, "10": 24.147906655619668, "20": 25.24508648822729}, "s2s": {"1": 20.589607899714828, "2": 22.146858496313808, "5": 23.462920360156442, "20": 25.10592967267229, "10": 24.44166341121138}}, "LaBSE": {"s2s": {"2": 21.896459989530268, "10": 24.70787284794545, "20": 25.489535228114086, "5": 23.58740217965304, "1": 20.585273665073974}, "t2t": {"20": 25.348062530176524, "2": 22.313114137809222, "10": 24.61800583776719, "5": 23.78071729657597, "1": 20.734665558284526}, "s2t": {"1": 20.814361639354374, "5": 23.648043235830166, "10": 24.808650763868425, "2": 21.8729137696106, "20": 25.21045304041002}}, "SONAR": {"s2s": {"10": 24.74838512731022, "2": 22.29813977828334, "1": 20.62317088934334, "5": 23.348239904478596, "20": 25.077329897540167}, "s2t": {"10": 25.12398313306865, "20": 25.237941517116365, "1": 20.67562292578755, "5": 23.993431744255407, "2": 22.117577833695112}, "t2t": {"1": 20.748646366446106, "2": 21.938702612282395, "20": 25.491320012983927, "5": 23.50039224226191, "10": 24.591761492999947}}, "Random": {"s2s": {"1": {"mean": 19.01295963113255, "std": 0.11921206440752624}, "10": {"mean": 20.762306864788698, "std": 0.013514468912611304}, "20": {"mean": 20.749115058397198, "std": 0.19749346630245906}, "2": {"mean": 19.43282026727654, "std": 0.3745541124589925}, "5": {"mean": 20.31460451568798, "std": 0.08901316232930612}, "0": {"mean": 15.672485316381476, "std": 0.0}}}, "E5": {"t2t": {"5": 23.545048709574107, "2": 22.158037591583817, "1": 20.77440830018461, "10": 24.316941660065826, "20": 25.34875985157318}, "s2t": {"5": 23.112247947964622, "2": 21.674299697495734, "10": 24.171305045756803, "1": 20.449651507004777, "20": 24.694302351736816}, "s2s": {"2": 22.132558929826864, "20": 24.83451667658198, "10": 24.014181231150562, "5": 23.220382863321827, "1": 20.666363473778294}}}