{"Laser2": {"t2t": {"2": 65.14186311079457, "20": 66.07050729715864, "10": 66.00647272301208, "5": 65.49066629203544, "1": 64.74981054787023}, "s2t": {"1": 64.68747338983547, "10": 65.75124654240216, "5": 65.61224575161485, "20": 66.01503828306365, "2": 64.9158046514087}, "s2s": {"2": 64.8608352295745, "10": 65.89515405348628, "5": 65.57054975419356, "20": 66.02997280136674, "1": 64.77134028943043}}, "Cohere": {"s2s": {"2": 64.90129514027075, "10": 65.63001084173492, "20": 65.87901484852377, "1": 64.57350452815737, "5": 65.31061556308136}, "t2t": {"20": 66.330395596217, "2": 65.09260893891418, "5": 65.56245324468335, "1": 64.69617843106595, "10": 66.15518641072255}, "s2t": {"2": 64.96000445722704, "20": 66.16143382199844, "1": 64.77066880357432, "10": 65.82437074045464, "5": 65.37060690150797}}, "LaBSE": {"t2t": {"20": 65.96363316988068, "1": 64.82382281860016, "2": 61.572286359214615, "10": 65.77020222212633, "5": 65.6451899751939}, "s2t": {"2": 64.81947535200554, "1": 64.47908765591906, "20": 65.95172152293912, "5": 65.67305255824995, "10": 65.72098454178649}, "s2s": {"1": 64.47832466381165, "5": 65.77771941607917, "10": 65.8047482173218, "20": 65.8855745493517, "2": 64.79480591123887}}, "SONAR": {"s2s": {"10": 65.70240533251774, "1": 64.97906114785529, "2": 65.4119268121645, "5": 65.51102893066066, "20": 66.03103466354862}, "s2t": {"1": 64.78961180926562, "10": 65.9716172199052, "5": 65.47065975670778, "2": 65.1544818676353, "20": 65.94453064072076}, "t2t": {"10": 66.33866939084876, "20": 66.39936785917126, "2": 65.55619489319108, "5": 65.90299406666648, "1": 65.31192448835775}}, "Random": {"s2s": {"2": {"mean": 64.95397657076767, "std": 0.08351703990425921}, "1": {"mean": 64.66646570649493, "std": 0.15311160559717082}, "0": {"mean": 63.358232321957956, "std": 0.03050561956177029}, "5": {"mean": 65.39792254893374, "std": 0.18535822534053603}, "20": {"mean": 65.86977663497623, "std": 0.12243706953625676}, "10": {"mean": 65.84389498788087, "std": 0.07687731885451872}}}, "E5": {"t2t": {"10": 66.2230773323981, "20": 66.48568608182511, "1": 64.99807308771274, "2": 62.757643315090185, "5": 65.86634736607704}, "s2t": {"1": 64.88932582204706, "10": 65.84539573918993, "20": 66.04546163612957, "5": 65.30309719167676, "2": 65.05984517004514}, "s2s": {"2": 64.8611567632729, "10": 65.72308963460146, "5": 65.38415669615875, "1": 64.69634779784855, "20": 66.26441245998096}}}