{"Laser2": {"t2t": {"10": 58.51957087072671, "2": 57.964247379877385, "1": 57.53848644409258, "5": 58.269977256810215, "20": 58.48196247340067}, "s2t": {"5": 58.08521936378093, "2": 57.48259107071796, "1": 57.35964858052118, "10": 58.37870206797812, "20": 58.476618506706444}, "s2s": {"1": 57.30712513924021, "10": 58.3427693710441, "2": 57.66429088396771, "20": 58.63270870359264, "5": 58.18336886811015}}, "Cohere": {"s2s": {"5": 57.78809969319779, "20": 58.69769521613316, "1": 57.403633099028475, "2": 57.65321278923157, "10": 58.30528002694745}, "s2t": {"5": 57.87597299329279, "20": 58.56985930484206, "10": 58.462308645275186, "2": 57.5548234288444, "1": 57.245007457823306}, "t2t": {"5": 58.392865719035115, "10": 58.59613056248345, "2": 57.56557966433034, "1": 57.28595960989617, "20": 58.62324206781698}}, "LaBSE": {"t2t": {"5": 58.5201915169681, "10": 58.89621891941659, "1": 57.17841138052413, "2": 57.42535722873093, "20": 58.76458990163951}, "s2t": {"2": 54.60463650679773, "5": 58.37703298332505, "1": 57.404435199062554, "20": 58.81270498068396, "10": 58.59827773932215}, "s2s": {"10": 58.476310703576374, "2": 57.53295768932214, "5": 58.120036501436424, "1": 57.0559115924647, "20": 58.83912138126923}}, "SONAR": {"t2t": {"10": 58.646188921971984, "5": 58.07617589505799, "20": 58.97761254596743, "1": 57.320237927570616, "2": 57.658084004147746}, "s2t": {"10": 58.45871274808411, "1": 57.30915729185697, "2": 57.721819800121565, "20": 58.53356101073044, "5": 57.951161232326065}, "s2s": {"20": 58.682422420891776, "10": 58.44076487173224, "2": 57.67821489289603, "1": 57.24878893178102, "5": 57.7528213558216}}, "Random": {"s2s": {"20": {"mean": 58.43818816862534, "std": 0.16323238199001144}, "0": {"mean": 54.9936038732258, "std": 7.105427357601002e-15}, "10": {"mean": 58.322241943319376, "std": 0.1664897482337448}, "2": {"mean": 57.7546336154127, "std": 0.17746912144160554}, "5": {"mean": 57.93652247172458, "std": 0.10755011573512326}, "1": {"mean": 57.14014989034491, "std": 0.027818137256685662}}}, "E5": {"t2t": {"1": 57.30227513572057, "5": 58.143845553572824, "10": 58.69948990748514, "2": 55.797732544775826, "20": 58.55131611699094}, "s2s": {"2": 54.75199231694528, "5": 58.19162760810427, "1": 57.408623675262895, "20": 58.73242792438836, "10": 58.4966134500852}, "s2t": {"1": 57.519046157011466, "5": 57.922382579204864, "10": 58.31337885863178, "2": 57.643400526276565, "20": 58.449104539080885}}}