{"Laser2": {"s2s": {"10": 15.010533480714491, "2": 14.575331830821755, "1": 13.505408236637379, "5": 14.620108048953195, "20": 15.09196882065985}, "t2t": {"20": 14.219836100635911, "5": 13.062020869308547, "1": 12.632028002551252, "10": 13.929250309002311, "2": 13.023168196285445}, "s2t": {"2": 13.302029508510573, "20": 14.158794289280136, "1": 12.820673486263596, "10": 13.816511602690811, "5": 13.713688701972341}}, "Cohere": {"t2t": {"2": 14.835047290177627, "20": 14.178267858648594, "1": 14.115348341401567, "10": 13.926231563223093, "5": 14.15238023088992}, "s2s": {"20": 15.131769311397003, "10": 14.689639474240257, "1": 13.51081541173326, "2": 14.088312749354209, "5": 14.038768069479929}, "s2t": {"5": 14.263783745515601, "10": 14.631802218137432, "20": 14.79861696658874, "2": 14.122092960323226, "1": 13.173694696691815}}, "LaBSE": {"s2t": {"10": 14.68504012414839, "5": 14.346684972575746, "20": 15.123585095076717, "1": 13.205443002778368, "2": 13.87964673598607}, "s2s": {"5": 14.463776112441574, "10": 14.996426843757508, "20": 15.191636534649355, "2": 14.7316194773393, "1": 14.103296522385222}, "t2t": {"20": 14.373768670212584, "1": 13.012871186914005, "5": 13.777792385801687, "2": 13.573342287418058, "10": 14.117927936143355}}, "SONAR": {"s2s": {"10": 14.818441684235648, "5": 14.68037536585717, "2": 14.21144874710655, "20": 15.368210204993794, "1": 13.4985836322775}, "s2t": {"10": 15.371016957151774, "5": 14.901022512772066, "20": 15.255011494829857, "2": 14.306484913925557, "1": 14.079355194728347}, "t2t": {"10": 14.717431926154942, "2": 14.360477015902125, "1": 13.793559743641707, "20": 14.986762938444853, "5": 14.253440916915908}}, "Random": {"s2s": {"10": {"mean": 11.626982704203193, "std": 0.022480946505447505}, "1": {"mean": 9.958827339086652, "std": 0.2787439327449366}, "0": {"mean": 13.091567713521153, "std": 0.0033501590276526876}, "20": {"mean": 12.159045175215917, "std": 0.254133036195155}, "2": {"mean": 10.582611431449072, "std": 0.17577381446007667}, "5": {"mean": 11.041387211616572, "std": 0.10606054393561425}}}, "E5": {"s2t": {"10": 14.273910031101336, "1": 12.519549149910173, "2": 13.288544273978161, "20": 14.674395780450835, "5": 13.821531444699598}, "t2t": {"20": 14.982890102699972, "10": 14.281288616461415, "1": 13.96243119660423, "2": 14.538212588108554, "5": 14.454115746232704}, "s2s": {"5": 14.432304964555035, "2": 14.232389074880642, "1": 13.79421985553701, "10": 14.395224971836578, "20": 14.70920674236766}}}