{"Laser2": {"t2t": {"10": 45.843370980357044, "2": 45.894590805597375, "1": 45.67003101283135, "5": 45.702601109263, "20": 22.009855054578743}, "s2t": {"5": 45.820839600236454, "2": 45.5802548353335, "1": 45.80498132920172, "10": 45.98191968349404, "20": 21.52952613040451}, "s2s": {"1": 45.57454943644561, "10": 45.97239101326952, "2": 45.476231200420585, "20": 19.944485535024643, "5": 45.88037078071691}}, "Cohere": {"s2s": {"5": 45.915961399077354, "20": 45.30467330344718, "1": 45.6107387907697, "2": 45.98132172462483, "10": 45.69239551373448}, "s2t": {"5": 45.97541914861827, "20": 45.51254255988288, "10": 46.247379949110886, "2": 45.91310132277152, "1": 45.59048188376476}, "t2t": {"5": 45.895212450061464, "10": 46.04800612447754, "2": 46.133446086859955, "1": 45.65786621970082, "20": 45.972180642636204}}, "LaBSE": {"t2t": {"5": 45.978428207285326, "10": 45.783794718988865, "1": 45.885067948190475, "2": 45.868972145823264, "20": 42.10718464678187}, "s2t": {"2": 45.710450003189145, "5": 45.963545381332665, "1": 45.787791075761255, "20": 41.892266390624634, "10": 46.03033543844576}, "s2s": {"10": 46.12357385035986, "2": 45.6378794651726, "5": 45.75123622534162, "1": 45.73130374280723, "20": 40.74052610448555}}, "SONAR": {"t2t": {"10": 45.903754488594174, "5": 45.79778140720696, "20": 44.58345593075255, "1": 45.56441180231959, "2": 46.109651483011866}, "s2t": {"10": 45.36597029941799, "1": 45.79595755485809, "2": 45.83130694599834, "20": 44.27275666554396, "5": 45.93893570448634}, "s2s": {"20": 44.32321909487045, "10": 45.44684589578903, "2": 45.48242972518509, "1": 45.95454968387868, "5": 45.574929377658655}}, "Random": {"s2s": {"20": {"mean": 45.17829345450479, "std": 0.0718215128958309}, "0": {"mean": 35.071066661985604, "std": 0.023325408315312348}, "10": {"mean": 45.2928690753973, "std": 0.07292596574860971}, "2": {"mean": 45.34477758310451, "std": 0.02335084189216962}, "5": {"mean": 45.30784469200961, "std": 0.033388559672134506}, "1": {"mean": 45.21551105981155, "std": 0.1547873355227284}}}, "E5": {"t2t": {"1": 45.53115448852312, "5": 45.98036150260308, "10": 46.1809605720425, "2": 45.95781963751261, "20": 45.93284435014696}, "s2s": {"2": 45.89655117157513, "5": 46.1099395184352, "1": 45.466540674403745, "20": 45.455217333805415, "10": 46.0931176536707}, "s2t": {"1": 45.41696185780737, "5": 45.763422159876086, "10": 45.65746983516443, "2": 45.43939254684494, "20": 46.18238296428816}}}