{"Laser2": {"s2s": {"10": 13.407240905342805, "2": 12.642103613206165, "1": 13.266978353019834, "5": 13.033595376010904, "20": 3.825207933970106}, "t2t": {"20": 3.8084210246629877, "5": 11.95522790487674, "1": 12.71800324072046, "10": 11.876555653752263, "2": 11.536284829050482}, "s2t": {"2": 11.509526512577366, "20": 4.4508719464317235, "1": 12.73479713724726, "10": 12.286548191827325, "5": 12.212523739273674}}, "Cohere": {"t2t": {"2": 12.391347566759954, "20": 10.958421128545904, "1": 13.539153805970289, "10": 12.903905587193432, "5": 12.676376401509762}, "s2s": {"20": 12.340031415065393, "10": 13.300223941540612, "1": 12.959850590295849, "2": 12.542478370493223, "5": 12.798846576156771}, "s2t": {"5": 12.578534600192137, "10": 13.218307023818255, "20": 13.154104364084118, "2": 11.976029693613532, "1": 12.921507729079526}}, "LaBSE": {"s2t": {"10": 12.913752960128377, "5": 12.680818123993037, "20": 6.737597612544493, "1": 12.473388807040116, "2": 11.853750885654444}, "s2s": {"5": 12.91868558568925, "10": 13.626963164430386, "20": 10.216180708913653, "2": 12.707379559130077, "1": 13.582087754805281}, "t2t": {"20": 7.746409686610277, "1": 13.14861891939472, "5": 12.21232712273179, "2": 11.869922346551338, "10": 12.785087323072098}}, "SONAR": {"s2s": {"10": 13.832177724375274, "5": 13.003036109582201, "2": 12.372073708881096, "20": 12.321036500471918, "1": 13.104857727846095}, "s2t": {"10": 13.64617656628406, "5": 13.487192063266706, "20": 11.618173191493767, "2": 12.674105209519002, "1": 13.384463178688929}, "t2t": {"10": 13.516659503362954, "2": 12.75420363410741, "1": 13.599633268274955, "20": 11.703304348471837, "5": 13.153805863627221}}, "Random": {"s2s": {"10": {"mean": 9.950216958222493, "std": 0.12528905884759345}, "1": {"mean": 10.088274357148007, "std": 0.07111264919108028}, "0": {"mean": 14.821673321119432, "std": 0.001547633550474927}, "20": {"mean": 9.80172704668887, "std": 0.15136300309692954}, "2": {"mean": 9.394266532658717, "std": 0.12481165125714697}, "5": {"mean": 9.492665407725378, "std": 0.21615628858530644}}}, "E5": {"s2t": {"10": 12.332652779240712, "1": 12.459909445946348, "2": 11.728421340871062, "20": 12.50692010937222, "5": 12.02568342259987}, "t2t": {"20": 9.57910532411161, "10": 13.14270036447271, "1": 13.777737975174523, "2": 12.286651637698151, "5": 13.127656011009083}, "s2s": {"5": 12.78358853264397, "2": 12.480558573921781, "1": 13.06631322601345, "10": 13.244234549831276, "20": 12.420771099118282}}}