{"Laser2": {"t2t": {"2": 55.63354914047045, "20": 30.394069622572996, "10": 55.79980163592603, "5": 55.75842635232272, "1": 55.211424478587055}, "s2t": {"1": 55.258671720731336, "10": 55.825245876203425, "5": 55.69044207495529, "20": 32.0257369406974, "2": 55.461429649941195}, "s2s": {"2": 55.0142878636207, "10": 55.66426912146174, "5": 55.5459987464746, "20": 30.56247804964196, "1": 55.091318512731156}}, "Cohere": {"s2s": {"2": 55.1707617357034, "10": 55.79872761899978, "20": 55.491487415187265, "1": 55.20307165412359, "5": 55.58608082619073}, "t2t": {"20": 56.11547134178784, "2": 55.53468547818184, "5": 55.96949869610266, "1": 55.40001638764123, "10": 55.880776266560105}, "s2t": {"2": 55.4409083111753, "20": 55.97735832096158, "1": 55.04218613392423, "10": 55.88694264137896, "5": 55.5815008338539}}, "LaBSE": {"t2t": {"20": 53.915920006583264, "1": 55.253509145453826, "2": 55.41817317252761, "10": 55.54479307286616, "5": 55.43070627522254}, "s2t": {"2": 55.49341331606126, "1": 55.10769472849788, "20": 52.323758297218134, "5": 55.72662353473218, "10": 55.856743384533694}, "s2s": {"1": 55.04424467810907, "5": 55.55584488932921, "10": 56.132418509348305, "20": 51.385588568830556, "2": 55.34494318476835}}, "SONAR": {"s2s": {"10": 55.94565235433997, "1": 55.05209268801352, "2": 55.525599394088985, "5": 55.69192445171869, "20": 54.35267198780136}, "s2t": {"1": 55.298786744941154, "10": 55.74566559274678, "5": 55.738898675210734, "2": 55.397520989372616, "20": 55.01202059649072}, "t2t": {"10": 56.3366845203001, "20": 55.42264870337175, "2": 55.577221549698386, "5": 55.76239926989188, "1": 55.354351714273164}}, "Random": {"s2s": {"2": {"mean": 55.008447836667095, "std": 0.11202341003778957}, "1": {"mean": 55.11358699465782, "std": 0.08386644047300776}, "0": {"mean": 43.863623234811136, "std": 0.010813924957112675}, "5": {"mean": 55.168876371003385, "std": 0.10102210596679616}, "20": {"mean": 55.48832637807101, "std": 0.08999043245230395}, "10": {"mean": 55.081953730171335, "std": 0.13341720732419565}}}, "E5": {"t2t": {"10": 55.93102901169684, "20": 55.96633587474139, "1": 55.407775258130506, "2": 55.66924519202109, "5": 56.164347160873994}, "s2t": {"1": 55.305352169656075, "10": 55.60200544354864, "20": 55.82431762820852, "5": 55.794397622507006, "2": 55.626975007440926}, "s2s": {"2": 55.421184749978316, "10": 55.74229243083221, "5": 55.58496483164084, "1": 55.131826597264975, "20": 55.4122602265019}}}