{"Laser2": {"s2t": {"10": 19.227702340999052, "1": 17.39225759144723, "5": 18.385331323237413, "20": 1.4016692927732308, "2": 17.42482306814509}, "t2t": {"5": 17.732104549074066, "10": 18.564069937217464, "1": 17.29939545553322, "2": 17.109730893558623, "20": 5.71037285041209}, "s2s": {"1": 17.44426372921864, "2": 17.38496037338844, "5": 18.497587281580643, "10": 19.470100637214184, "20": 3.7678835515652107}}, "Cohere": {"s2t": {"20": 20.097756818423036, "1": 17.872832160808105, "10": 20.24919270758715, "5": 19.400739273467025, "2": 18.476661401824156}, "t2t": {"2": 18.16443775395031, "5": 19.0662370500322, "1": 17.756563300889695, "10": 20.121096707493223, "20": 20.241011074667313}, "s2s": {"1": 17.917646793260634, "2": 18.100861934606037, "5": 19.474830586613955, "20": 18.977261441097742, "10": 20.13493028193435}}, "LaBSE": {"s2s": {"2": 18.04601024059837, "10": 20.167298579253547, "20": 13.955075866593674, "5": 19.515751466966968, "1": 18.487245651279018}, "t2t": {"20": 13.991228759548912, "2": 18.200696297272067, "10": 20.096894169152506, "5": 19.33202524554866, "1": 17.858338560043443}, "s2t": {"1": 17.93037500585933, "5": 19.163693439085208, "10": 20.457385130857446, "2": 18.08954927104134, "20": 14.126249653392259}}, "SONAR": {"s2s": {"10": 20.5285187620646, "2": 18.111879595527196, "1": 17.92799523925312, "5": 19.782883683976134, "20": 18.582195864801594}, "s2t": {"10": 20.289870901021718, "20": 18.049957315280178, "1": 18.365007929498315, "5": 19.499034290558786, "2": 18.177241828957666}, "t2t": {"1": 18.182667489044434, "2": 18.17114339505363, "20": 19.120858901895332, "5": 19.318123665679167, "10": 20.315188370313976}}, "Random": {"s2s": {"1": {"mean": 15.435332068766838, "std": 0.18563795852260911}, "10": {"mean": 16.161908712638592, "std": 0.061357653227424494}, "20": {"mean": 15.888185968278087, "std": 0.1467471822968402}, "2": {"mean": 15.794690069357102, "std": 0.21057836185246337}, "5": {"mean": 15.922706037180015, "std": 0.036080651831359244}, "0": {"mean": 13.286567191255235, "std": 0.003581699284647837}}}, "E5": {"t2t": {"5": 19.578248932537363, "2": 18.12534797450575, "1": 18.02820091597674, "10": 20.131081742665966, "20": 19.447583017306023}, "s2t": {"5": 18.988879812952064, "2": 17.571333942869177, "10": 19.89243288924303, "1": 17.342771987108275, "20": 20.13965831967191}, "s2s": {"2": 17.845343735056474, "20": 19.00756005825621, "10": 19.8976436786592, "5": 18.69987480543802, "1": 17.780164122600823}}}