{"bm25": {"s2s": {"2": 0.8257450384820403, "5": 0.8296601030195183, "1": 0.8193547250960656, "10": 0.8306565644594992, "20": 0.8336099656261945}}, "BLEU": {"s2s": {"10": 0.8288894958882463, "1": 0.8179427444669805, "20": 0.8331063918092034, "5": 0.83198552431443, "2": 0.825409390238434}}, "BLEU_pos": {"s2s": {"20": 0.8317228440828475, "5": 0.8281335077679204, "2": 0.8244408604655813, "1": 0.8211111624544788, "10": 0.8295357534477833}}, "Rouge": {"s2s": {"5": 0.83086590068378, "20": 0.8293425286770338, "2": 0.8248938569732805, "10": 0.8292746617801104, "1": 0.8180779902183491}}, "Pos": {"s2s": {"2": 0.8252859864781497, "20": 0.8301260874205427, "10": 0.8300278996054834, "5": 0.8285276112349137, "1": 0.8202936769474165}}, "Grakel": {"s2s": {"20": 0.8300711589427333, "10": 0.830830618798026, "2": 0.8261041195672962, "1": 0.8145265370725172, "5": 0.829000798668786}}}