{"bm25": {"s2s": {"1": 0.6407461272545247, "2": 0.6491700214712988, "10": 0.684153927644722, "5": 0.672688358150452, "20": 0.6839096537780149}}, "BLEU": {"s2s": {"5": 0.6698054140912214, "1": 0.636412279893876, "2": 0.6498357490470759, "20": 0.6724117071084355, "10": 0.6695011180380116}}, "BLEU_pos": {"s2s": {"2": 0.6416230437607162, "20": 0.6613505338373863, "1": 0.6293435158877976, "5": 0.6477313744633094, "10": 0.6529097316175582}}, "Rouge": {"s2s": {"10": 0.6661874466380583, "1": 0.628719799691745, "20": 0.6784071463487836, "5": 0.659809624076832, "2": 0.6470063391616457}}, "Pos": {"s2s": {"20": 0.657167158932554, "10": 0.6514560569946474, "2": 0.6409262626509186, "5": 0.6495744310790607, "1": 0.6263745220252883}}, "Grakel": {"s2s": {"2": 0.6271568382004269, "10": 0.6502475303270129, "20": 0.6565289044745355, "1": 0.6155777058523634, "5": 0.6431963438160806}}}