{"bm25": {"s2s": {"5": 0.850837009461972, "20": 0.8526674942536787, "1": 0.8466951483382067, "10": 0.8515861679324991, "2": 0.8496045362749118}}, "BLEU": {"s2s": {"2": 0.8466463495090074, "1": 0.8471021169553632, "10": 0.8505582009909652, "5": 0.8497988204122061, "20": 0.8502327514142387}}, "BLEU_pos": {"s2s": {"5": 0.849372624938667, "1": 0.8464897374508409, "20": 0.849933320413465, "10": 0.8494136076081883, "2": 0.8476037828347428}}, "Rouge": {"s2s": {"1": 0.8459718073663033, "10": 0.8496159981538656, "2": 0.8462468402482304, "5": 0.8494816241057023, "20": 0.8515944121913477}}, "Pos": {"s2s": {"1": 0.8453518872852382, "10": 0.8498924226746729, "5": 0.8501481951578803, "20": 0.8506358726458116, "2": 0.845944457610134}}, "Grakel": {"s2s": {"10": 0.8509571837342303, "20": 0.8512433198365298, "1": 0.8435053149230867, "5": 0.8497234822909823, "2": 0.8485659779354989}}}