{"bm25": {"s2s": {"1": 0.363037605604282, "10": 0.45344784149068146, "20": 0.45110649803999386, "2": 0.36212747027221404, "5": 0.43383751152885763}}, "BLEU": {"s2s": {"5": 0.42113703149168386, "20": 0.4458984808017143, "1": 0.3413609538831023, "2": 0.34080055230867723, "10": 0.43329746195155644}}, "BLEU_pos": {"s2s": {"2": 0.3120090473487443, "5": 0.3684984934424223, "10": 0.4123750727903466, "20": 0.4237888482631195, "1": 0.3094120197322058}}, "Rouge": {"s2s": {"5": 0.40710409942705167, "2": 0.34041464508404373, "10": 0.43552024488745944, "1": 0.3336579712188762, "20": 0.44478633977737825}}, "Pos": {"s2s": {"10": 0.41980139101329056, "2": 0.33904413718420995, "5": 0.39572874976417766, "1": 0.3107580016753655, "20": 0.4294011091496869}}, "Grakel": {"s2s": {"5": 0.40231087419532036, "1": 0.34249407047103986, "20": 0.4232914172289635, "2": 0.3560233650059097, "10": 0.4243999561773458}}}