{"BLOOM_one": {"t2t": {"5": 2.05104180337513, "10": 2.365692477053879, "1": 1.857119927744128}, "s2t": {"5": 2.0267238293331995, "10": 2.407338318288622, "1": 1.9641816060342292}, "s2s": {"1": 1.481195853447241, "10": 2.1725859919327686, "5": 2.0470808422110363}}, "BLOOM_one_avg": {"s2s": {"10": 2.0745520868819267, "1": 1.1486622690336639, "5": 1.7861843407152151}, "s2t": {"5": 1.856004866963698, "10": 1.8968013372391395, "1": 1.4988900337825835}, "t2t": {"1": 2.006129216915046, "5": 2.4023077778066737, "10": 2.699915865116803}}, "BLOOM_middle": {"t2t": {"10": 2.576635629421947, "5": 2.3485730297786183, "1": 1.9675181353922309}, "s2s": {"10": 2.7198797891366713, "1": 2.1480215377600893, "5": 2.484280068580814}, "s2t": {"10": 2.6157922727906646, "5": 2.286723206206868, "1": 1.7599164780343235}}, "BLOOM_middle_avg": {"s2t": {"1": 1.9647541583405508, "10": 2.522970149578501, "5": 2.250256943017282}, "t2t": {"10": 2.7604462672797547, "1": 2.2394213720263507, "5": 2.74136423665869}, "s2s": {"5": 2.5854634811545054, "10": 2.6318581937744048, "1": 2.0078448664415047}}, "BLOOM_last": {"s2s": {"1": 1.4198659778101677, "5": 2.0551456855283874, "10": 2.3064962866762113}, "t2t": {"1": 1.224514185097818, "10": 2.5432437773267424, "5": 2.0789284551661833}, "s2t": {"10": 2.6203096209522965, "1": 1.8913308163371576, "5": 2.4531205816638915}}, "BLOOM_last_avg": {"s2s": {"10": 2.6538842382432724, "5": 2.4022077951729743, "1": 1.6695627538771205}, "t2t": {"5": 2.4709958068554823, "10": 2.6285006367785133, "1": 1.8166105667391974}, "s2t": {"1": 1.9607315972173416, "10": 2.7472448198749984, "5": 2.2090658945020163}}}