{"BLOOM_one": {"s2t": {"5": 13.944400239963349, "1": 11.901668537945755, "10": 14.075662336958192}, "t2t": {"1": 12.866629135987953, "10": 14.719370214637046, "5": 14.511678609071925}, "s2s": {"1": 12.457889725795573, "5": 14.39395537180909, "10": 14.534151855416992}}, "BLOOM_one_avg": {"t2t": {"10": 15.157365497155133, "5": 15.181749701373972, "1": 12.958776343493689}, "s2s": {"1": 12.505901830072595, "10": 14.861320506755439, "5": 14.514005113239485}, "s2t": {"1": 12.226851578929296, "5": 13.899248021475941, "10": 14.08362203888095}}, "BLOOM_middle": {"t2t": {"1": 13.092486627567181, "5": 14.46647663041101, "10": 14.79307700562312}, "s2s": {"10": 14.573990442269372, "5": 14.306193822157416, "1": 12.762586051888613}, "s2t": {"10": 14.72819568947513, "5": 14.421208154994142, "1": 12.835932805366536}}, "BLOOM_middle_avg": {"s2s": {"1": 12.425840353351667, "5": 14.314489146623878, "10": 14.530984521741074}, "t2t": {"5": 14.648364168519032, "1": 12.718447138208054, "10": 14.83556505083596}, "s2t": {"1": 12.321583571789102, "5": 14.025398281458342, "10": 14.160995514224338}}, "BLOOM_last": {"t2t": {"10": 14.753285497731015, "1": 12.945168189745186, "5": 14.501337246851556}, "s2s": {"5": 14.12545763032345, "1": 12.335139230190737, "10": 14.349673466246074}, "s2t": {"10": 14.4649145864445, "5": 14.05062880382101, "1": 12.513416632472945}}, "BLOOM_last_avg": {"s2s": {"1": 12.26081649757805, "5": 14.17688187454306, "10": 14.611931850819618}, "t2t": {"5": 14.401346312181175, "1": 12.673924936439386, "10": 14.813808983006947}, "s2t": {"1": 11.741487939406142, "5": 13.820481382378274, "10": 13.910710670108145}}}