{"BLOOM_one": {"s2t": {"10": 47.32227661978218, "5": 46.68830806744252, "1": 42.19507138697643}, "s2s": {"10": 47.53094761860419, "5": 47.26714485965686, "1": 41.70147343038826}, "t2t": {"5": 48.861234102270274, "1": 43.013356841623875, "10": 49.38826077672317}}, "BLOOM_one_avg": {"s2s": {"1": 43.48094970831456, "10": 47.91152882128551, "5": 47.40777669598097}, "t2t": {"10": 48.71030003548027, "5": 48.102713267235586, "1": 42.78922487884344}, "s2t": {"1": 43.179783555634174, "10": 47.670540937000396, "5": 46.9644509031722}}, "BLOOM_middle": {"s2t": {"10": 47.782220074430114, "1": 42.84680505012485, "5": 47.30614371135651}, "t2t": {"5": 48.18898742090685, "10": 48.52815152117534, "1": 43.459151821361615}, "s2s": {"1": 41.84318135134807, "5": 47.183434336327984, "10": 47.7142053848725}}, "BLOOM_middle_avg": {"s2s": {"1": 42.38840319608154, "5": 47.12147070753205, "10": 47.64022883976749}, "t2t": {"10": 48.399612879454615, "1": 43.44322124333977, "5": 48.26658618412766}, "s2t": {"10": 47.399228859949666, "5": 46.968843285959245, "1": 43.16681649592954}}, "BLOOM_last": {"s2s": {"5": 47.16852372060915, "10": 47.61621547128032, "1": 42.598852562200825}, "s2t": {"10": 46.41241934995783, "1": 43.88707870369581, "5": 46.18538248957084}, "t2t": {"1": 44.60229661538607, "5": 48.2377682998906, "10": 48.79195469665084}}, "BLOOM_last_avg": {"t2t": {"5": 47.94556713176865, "10": 48.18726286761152, "1": 42.03426908908135}, "s2s": {"5": 47.33272513553078, "1": 41.844806687853946, "10": 48.07435138681206}, "s2t": {"5": 45.16871701387617, "10": 46.032419539940484, "1": 43.19931451636891}}}