{"BLOOM_one": {"s2s": {"5": 11.49033170121205, "1": 8.453428174102296, "10": 11.204364250395386}, "s2t": {"10": 11.172867910578367, "5": 10.60840794454, "1": 8.110057373650623}, "t2t": {"5": 11.124408907089277, "1": 8.40111459246905, "10": 11.501567162554645}}, "BLOOM_one_avg": {"s2s": {"5": 11.53262423382671, "10": 11.934581269150646, "1": 9.105410247256712}, "s2t": {"10": 10.918988041404294, "1": 7.645063682307794, "5": 10.277709233943558}, "t2t": {"1": 9.065102278125657, "5": 11.639711557451893, "10": 12.072557502841066}}, "BLOOM_middle": {"s2t": {"1": 8.725569263081784, "5": 11.632014212580811, "10": 11.433743225430204}, "t2t": {"5": 11.62062695796161, "1": 8.583006991348299, "10": 11.624931628443733}, "s2s": {"10": 11.752612126276125, "1": 8.572368800208896, "5": 11.36604938500309}}, "BLOOM_middle_avg": {"s2t": {"1": 8.387415596639068, "5": 10.89889328393923, "10": 11.864782058669485}, "t2t": {"10": 12.233478456188854, "5": 11.148121354026006, "1": 8.895557515864605}, "s2s": {"1": 8.94609219142058, "5": 11.713578278237387, "10": 12.202581496363702}}, "BLOOM_last": {"s2s": {"1": 8.616731007850115, "5": 11.335844805320985, "10": 11.831037398650789}, "t2t": {"1": 8.735328672298309, "10": 11.616534492030404, "5": 11.079161514036786}, "s2t": {"1": 6.720351315797294, "10": 10.670532458207251, "5": 9.694870629916522}}, "BLOOM_last_avg": {"s2s": {"1": 8.197927377592897, "10": 11.848051240396119, "5": 11.221726615536502}, "s2t": {"1": 7.4843154125239995, "10": 9.713501968360408, "5": 9.443540012855678}, "t2t": {"10": 11.599787034233325, "1": 8.757735515267132, "5": 10.997094751298498}}}