{"SONAR": {"s2s": {"10": 0.515856403401011, "5": 0.5025957213795703, "2": 0.4880693973053114, "20": 0.5100139360065046, "1": 0.5022996243074713}}}