{"SONAR": {"s2s": {"10": 0.6968416435121312, "2": 0.6240874053873563, "1": 0.5738126424255343, "5": 0.6783710023012792, "20": 0.7002770328680753}}}