{"SONAR": {"s2s": {"20": 0.608668483337277, "10": 0.6094785340189227, "2": 0.5891433632214785, "1": 0.5534739749793243, "5": 0.5962681629558797}}}