{"SONAR": {"s2s": {"10": 0.8662020283725422, "1": 0.7977477925509332, "2": 0.8630585873668845, "5": 0.86575807209896, "20": 0.8687221647604652}}}