{"Laser2": {"s2t": {"10": 64.50634632982371, "5": 64.50862761159742, "1": 63.50459201593911, "20": 64.88893797597073, "2": 64.12274588123536}, "s2s": {"1": 63.48783939075753, "2": 64.10124654233023, "10": 64.50465833398226, "5": 64.39951961281758, "20": 64.9163384175565}, "t2t": {"2": 64.0582622917823, "20": 65.08301912819041, "10": 64.90376861075119, "1": 63.745371061439236, "5": 64.6275359973962}}, "Cohere": {"t2t": {"10": 64.84583323533874, "20": 65.27101489060723, "2": 64.16162783130986, "5": 64.49077432199871, "1": 63.82013306892832}, "s2s": {"10": 64.65745627678562, "2": 63.92783521076765, "1": 63.756727095594435, "20": 65.0068698043966, "5": 64.1818609290515}, "s2t": {"10": 64.89391418924474, "2": 63.81816701789141, "20": 64.99261576475756, "1": 63.74142758467365, "5": 64.27712654469659}}, "LaBSE": {"t2t": {"2": 64.08479631644603, "20": 64.94547313829744, "10": 64.78007571724984, "5": 64.67808067795262, "1": 63.80617318804253}, "s2t": {"20": 64.99239212070714, "2": 64.12286657037708, "10": 64.76842194707578, "1": 63.84589406710046, "5": 64.43260125075753}, "s2s": {"10": 64.62476942023109, "5": 64.20833218521584, "1": 63.721019975222625, "20": 64.82917545120242, "2": 64.11292428669032}}, "SONAR": {"s2t": {"10": 64.843822727765, "20": 64.8543692005491, "5": 64.44981062312331, "1": 63.68509042396291, "2": 63.841563873655474}, "s2s": {"5": 64.58783244764206, "10": 64.64563411010317, "20": 64.86609644075185, "1": 63.53762204958174, "2": 63.881584901298815}, "t2t": {"1": 63.791563863379096, "20": 65.20488280964635, "5": 64.67233660366948, "2": 64.20768973439714, "10": 65.03303443931252}}, "Random": {"s2s": {"10": {"mean": 64.55805401305952, "std": 0.0809285632259153}, "5": {"mean": 64.38041762074792, "std": 0.07042908155154982}, "0": {"mean": 63.16672150413214, "std": 0.0}, "20": {"mean": 64.83464502133513, "std": 0.059386750881668934}, "2": {"mean": 63.86252564652285, "std": 0.1009816610375502}, "1": {"mean": 63.754636898121305, "std": 0.11577584435937635}}}, "E5": {"s2s": {"1": 63.653314168511784, "10": 64.61136255417699, "20": 64.92699003001555, "2": 64.02550170505418, "5": 64.47740688625555}, "s2t": {"2": 64.05588757906906, "20": 64.86890998581289, "5": 64.36728733884293, "1": 63.60862608982099, "10": 64.69506448303244}, "t2t": {"10": 64.89691183472934, "2": 64.26544751808346, "1": 63.81087802162353, "5": 64.34988984805538, "20": 65.37676517966486}}}