{"Laser2": {"t2t": {"10": 55.85231038540572, "2": 55.24501652614331, "1": 54.83306449878754, "5": 55.52314405974689, "20": 55.956690877342574}, "s2t": {"5": 55.57879855444774, "2": 55.262927941433105, "1": 54.609859465921076, "10": 55.81070548521894, "20": 55.83911672344679}, "s2s": {"1": 54.420130948003965, "10": 55.56798548251047, "2": 55.21039301349124, "20": 55.83438527814114, "5": 55.541969127680126}}, "Cohere": {"s2s": {"5": 55.319707612420075, "20": 55.34684644633325, "1": 54.74568226113382, "2": 55.269227326234684, "10": 55.35555915954868}, "s2t": {"5": 55.351017366380205, "20": 55.7591766181627, "10": 55.8009785527394, "2": 54.77065631613952, "1": 54.679758404001554}, "t2t": {"5": 55.54289939369197, "10": 55.68748678246861, "2": 55.02631767941435, "1": 54.92831287236368, "20": 55.96013205031605}}, "LaBSE": {"t2t": {"5": 55.48761175269672, "10": 55.56984665046698, "1": 54.79864571867207, "2": 55.06578608251307, "20": 55.89138035621766}, "s2t": {"2": 55.0719231795272, "5": 55.51050551665379, "1": 54.619035085737856, "20": 55.69288719070661, "10": 55.681649918118005}, "s2s": {"10": 55.39014474545765, "2": 55.01012274175543, "5": 55.635072138541176, "1": 54.69212558829595, "20": 55.60337975628069}}, "SONAR": {"t2t": {"10": 55.745866779868024, "5": 55.67181553877653, "20": 55.9179508442305, "1": 54.36442684337946, "2": 54.98202858230219}, "s2t": {"10": 55.770935048335154, "1": 54.44874125299536, "2": 54.992481587436345, "20": 55.73033200481877, "5": 55.645004382835225}, "s2s": {"20": 55.88577663408974, "10": 55.709684645128654, "2": 54.69078270411703, "1": 54.43894140343251, "5": 55.47838002633716}}, "Random": {"s2s": {"20": {"mean": 55.52358538794666, "std": 0.07821627757540325}, "0": {"mean": 18.079341782541242, "std": 0.0026214662857628806}, "10": {"mean": 55.371535240579156, "std": 0.019533670623733974}, "2": {"mean": 54.92981569914471, "std": 0.15427589105123182}, "5": {"mean": 55.18034389620726, "std": 0.10674128389133807}, "1": {"mean": 54.213463497743156, "std": 0.06920518046796276}}}, "E5": {"t2t": {"1": 54.57854494397005, "5": 55.36520863182584, "10": 55.81243220948162, "2": 55.00838450705693, "20": 55.80327275607727}, "s2s": {"2": 54.95424666199891, "5": 55.728783583424025, "1": 54.82964674235454, "20": 55.90377923794891, "10": 55.55327061102295}, "s2t": {"1": 54.37277687681976, "5": 55.26113131099359, "10": 55.693109109870335, "2": 54.99189777662329, "20": 55.85189886243762}}}