{"Laser2": {"t2t": {"2": 62.0703365058067, "20": 63.187011570800365, "10": 63.01155358638009, "5": 62.615641731758195, "1": 61.90901825360778}, "s2t": {"1": 61.93614852312061, "10": 62.63338305852842, "5": 62.66384301750251, "20": 62.751771613098384, "2": 62.029391661781474}, "s2s": {"2": 62.15700232137002, "10": 62.654762060570704, "5": 62.40432404514482, "20": 63.02786058306498, "1": 61.92256659370579}}, "Cohere": {"s2s": {"2": 62.016622083175776, "10": 62.80285776102027, "20": 62.7003494720111, "1": 61.77780078652213, "5": 62.502430688827026}, "t2t": {"20": 63.11231391285182, "2": 61.99664084853572, "5": 62.558492808574705, "1": 61.71524669127959, "10": 62.94109302058586}, "s2t": {"2": 61.82450961715795, "20": 63.06766951351908, "1": 61.76639071873383, "10": 62.894381907300534, "5": 62.45811704021848}}, "LaBSE": {"t2t": {"20": 63.11805585196319, "1": 62.10959659177213, "2": 62.34629133128748, "10": 62.90155533023623, "5": 62.57813598999812}, "s2t": {"2": 62.21053461532517, "1": 61.84448388338446, "20": 62.74330082221332, "5": 62.452648946331536, "10": 62.77183736577335}, "s2s": {"1": 61.69624440813662, "5": 62.20923490691022, "10": 62.62662914931136, "20": 62.79239590324025, "2": 61.72578025903681}}, "SONAR": {"s2s": {"10": 62.74252421528267, "1": 61.885774890328705, "2": 61.8570566468607, "5": 62.40165820971571, "20": 63.074817681584406}, "s2t": {"1": 61.753582999254874, "10": 62.77692399218553, "5": 62.477176191896625, "2": 62.00895284578557, "20": 62.853932298328544}, "t2t": {"10": 63.04712657131737, "20": 63.421390432230965, "2": 62.408104659208355, "5": 62.8774665055247, "1": 61.98609302016328}}, "Random": {"s2s": {"2": {"mean": 61.930240477868686, "std": 0.05209697403770221}, "1": {"mean": 61.73088268367161, "std": 0.09509876263077731}, "0": {"mean": 19.547887014790703, "std": 0.0019240980926009926}, "5": {"mean": 62.23939598324429, "std": 0.059293057717196986}, "20": {"mean": 62.52264543302413, "std": 0.006387517595769598}, "10": {"mean": 62.30071572075685, "std": 0.1312722972458676}}}, "E5": {"t2t": {"10": 63.29184604516671, "20": 63.277132827822804, "1": 61.92949672072925, "2": 62.33224775006744, "5": 62.799973118196775}, "s2t": {"1": 61.836823769372415, "10": 62.75298628691931, "20": 62.97208906036139, "5": 62.41413420202054, "2": 62.20265742122139}, "s2s": {"2": 62.06870181685149, "10": 62.92579349147481, "5": 62.73021237293182, "1": 61.94462975494989, "20": 63.07755052885783}}}