{"Laser2": {"s2s": {"10": 16.468806410301557, "2": 15.209933767051195, "1": 15.119188869138759, "5": 16.51516679059645, "20": 16.377114249188107}, "t2t": {"20": 16.09714219844454, "5": 15.850451074241917, "1": 15.154527215050322, "10": 16.149878339754544, "2": 14.324592244013012}, "s2t": {"2": 14.062270688323947, "20": 16.173091568659512, "1": 15.010228271122333, "10": 16.156649111978112, "5": 15.662731595973565}}, "Cohere": {"t2t": {"2": 14.414742650155413, "20": 15.929501904039576, "1": 15.13410563343404, "10": 16.14438771676232, "5": 16.21181269286044}, "s2s": {"20": 15.991792992644822, "10": 16.119208535901596, "1": 13.730585736199261, "2": 13.908280633096245, "5": 15.608625367813556}, "s2t": {"5": 15.487921780274535, "10": 15.724158895069243, "20": 16.21262641693425, "2": 13.624034167539866, "1": 13.452623961576823}}, "LaBSE": {"s2t": {"10": 16.04740537084116, "5": 15.9220663160636, "20": 16.222775401897945, "1": 14.165013588559457, "2": 14.478771213140398}, "s2s": {"5": 16.323684541036535, "10": 16.668982030448916, "20": 16.52008402495303, "2": 14.970035532360445, "1": 14.622481141450091}, "t2t": {"20": 16.385391829009485, "1": 15.09920792166613, "5": 16.189987427614085, "2": 14.482402315760401, "10": 16.2192292817722}}, "SONAR": {"s2s": {"10": 16.42364795726421, "5": 15.958036162013068, "2": 14.10862881097441, "20": 16.40827177116881, "1": 13.420393283551132}, "s2t": {"10": 16.48541205019589, "5": 16.49364068432801, "20": 16.83869367608574, "2": 14.949117023337461, "1": 14.44882061443199}, "t2t": {"10": 16.371195178151208, "2": 14.97163820364324, "1": 14.316838054295584, "20": 16.40308096579194, "5": 16.122251735246618}}, "Random": {"s2s": {"10": {"mean": 12.776885813555486, "std": 0.1275330225152299}, "1": {"mean": 11.158655495251788, "std": 0.13088771310560063}, "0": {"mean": 9.2555564135618, "std": 0.019989949824337862}, "20": {"mean": 13.110203468468095, "std": 0.016587383990161682}, "2": {"mean": 10.306619866695629, "std": 0.22361952750707995}, "5": {"mean": 11.995619953361077, "std": 0.11032069779301325}}}, "E5": {"s2t": {"10": 15.26619100821079, "1": 12.255867691742564, "2": 12.648843231778253, "20": 15.410029635249328, "5": 14.671725248790194}, "t2t": {"20": 16.335970824231502, "10": 16.486725570454567, "1": 15.487223976294754, "2": 15.123081687750348, "5": 16.444207981426857}, "s2s": {"5": 15.594969272156382, "2": 14.26970335407832, "1": 13.905287314413808, "10": 15.544499217594701, "20": 15.76811048621318}}}