{"Laser2": {"s2t": {"10": 18.572678417417535, "1": 18.250299216300288, "5": 18.069040618859486, "20": 19.7060638221486, "2": 16.772792318104347}, "t2t": {"5": 17.52747727361467, "10": 18.78802749362703, "1": 17.740431820981726, "2": 16.66983357412782, "20": 19.302011857649664}, "s2s": {"1": 18.08364933279311, "2": 17.054347460221717, "5": 18.320924049324496, "10": 19.404205296096112, "20": 19.980183292300786}}, "Cohere": {"s2t": {"20": 20.691415477433303, "1": 17.890869317220186, "10": 20.004232522285644, "5": 19.034373738972022, "2": 17.54838183179879}, "t2t": {"2": 17.280852815961616, "5": 18.896406462714573, "1": 17.715017423500644, "10": 20.019719562014405, "20": 20.60650740805792}, "s2s": {"1": 17.5143653730834, "2": 17.215108865332382, "5": 19.048235928174552, "20": 20.550802569075156, "10": 19.97758666387638}}, "LaBSE": {"s2s": {"2": 17.860675876804667, "10": 20.196625612224558, "20": 20.532993331628642, "5": 19.333591198698922, "1": 18.362276120250925}, "t2t": {"20": 20.907230913370057, "2": 17.668426804461756, "10": 20.16938311197576, "5": 18.9531305711482, "1": 18.048268566023236}, "s2t": {"1": 17.974543808602526, "5": 19.14501741469293, "10": 20.400324424841234, "2": 17.592433599614736, "20": 20.980148869993126}}, "SONAR": {"s2s": {"10": 19.910256136354352, "2": 17.30668415693107, "1": 17.715365619255273, "5": 19.041807574661714, "20": 20.90293496832763}, "s2t": {"10": 20.013211527753576, "20": 20.97704661251994, "1": 17.72298582567997, "5": 19.172951634678498, "2": 17.17833642516016}, "t2t": {"1": 17.439638918443183, "2": 17.28207637745988, "20": 20.864033327605405, "5": 19.051510009796683, "10": 19.984297743151895}}, "Random": {"s2s": {"1": {"mean": 14.827523800857257, "std": 0.07097248515020903}, "10": {"mean": 16.11079487636587, "std": 0.14447466330694464}, "20": {"mean": 16.53137104092063, "std": 0.2031370895816576}, "2": {"mean": 14.573362937116167, "std": 0.13823363577826264}, "5": {"mean": 15.664458273569997, "std": 0.0771449185217122}, "0": {"mean": 11.2404351845244, "std": 0.0}}}, "E5": {"t2t": {"5": 19.00611521445867, "2": 17.607887523533144, "1": 18.26136265664934, "10": 20.21481457365904, "20": 20.733822414630588}, "s2t": {"5": 18.81316177351072, "2": 16.987434466915925, "10": 19.462002107603144, "1": 17.167274874448353, "20": 19.919654432999}, "s2s": {"2": 17.21322230109711, "20": 20.39607358081606, "10": 19.983822044575504, "5": 18.64545789845146, "1": 17.742755277073968}}}