{"Laser2": {"t2t": {"1": 65.14029924253968, "5": 65.83449195552943, "10": 66.20402051725276, "2": 65.40174721852054, "20": 66.31646013711998}, "s2s": {"2": 65.27485748523038, "5": 65.68388563338789, "10": 65.71268752802786, "20": 65.96980746616565, "1": 64.93842320505573}, "s2t": {"10": 65.91693047443134, "2": 65.21215748339344, "5": 65.63742367586546, "1": 65.0135977620876, "20": 66.30486248032767}}, "Cohere": {"s2t": {"5": 65.51744766308751, "20": 66.15612055875143, "1": 64.76871067477887, "10": 65.81304054929517, "2": 65.14517048292127}, "t2t": {"1": 64.8854352425919, "2": 65.33184193789755, "5": 65.74351216027671, "20": 66.35929251705666, "10": 66.05072043546664}, "s2s": {"20": 65.87884499301894, "10": 65.61013431139405, "2": 65.02321861652113, "5": 65.51914900888754, "1": 64.78254100838262}}, "LaBSE": {"t2t": {"1": 65.17248149616299, "20": 66.29047340029456, "5": 65.87815566243933, "2": 65.27647610934282, "10": 65.87333988624734}, "s2t": {"5": 65.67048544607454, "10": 65.73620875183033, "1": 65.2297336426251, "20": 66.09234061303924, "2": 65.45195051651943}, "s2s": {"5": 65.6443120390931, "2": 65.2684512350002, "1": 65.15803072800122, "10": 65.88710836881668, "20": 66.01955789675465}}, "SONAR": {"s2s": {"20": 66.16182919822727, "2": 65.40285107417078, "10": 66.08421419171783, "1": 65.12785196529292, "5": 65.71503826721298}, "s2t": {"10": 65.7168066837012, "2": 65.21013484708203, "20": 66.10376067395005, "5": 65.42338144429785, "1": 65.09926274044915}, "t2t": {"1": 65.01999940838277, "20": 66.08573987770023, "10": 66.02867527616853, "5": 65.76015374302237, "2": 65.2950500861419}}, "Random": {"s2s": {"10": {"mean": 65.62766576630106, "std": 0.10119950636082176}, "5": {"mean": 65.32158516009595, "std": 0.13353002690067006}, "2": {"mean": 65.20437076378393, "std": 0.006081291459501301}, "20": {"mean": 65.61888009637168, "std": 0.07075898510875477}, "1": {"mean": 64.81174634621766, "std": 0.0930146157286092}, "0": {"mean": 64.39132569419091, "std": 0.004327605009481543}}}, "E5": {"s2t": {"1": 64.93582067956181, "5": 65.55866804262062, "20": 66.18612597477463, "2": 65.24850802770459, "10": 65.86079079139216}, "s2s": {"1": 64.91242168279084, "20": 66.25174305185544, "2": 65.35186125957917, "5": 65.53904260827119, "10": 65.8775392425186}, "t2t": {"1": 65.07913726852263, "2": 65.54764506870285, "10": 66.15949434049115, "5": 65.86934533247582, "20": 66.48699997551122}}}