{"Laser2": {"t2t": {"20": 28.86466342278513, "1": 26.25773168934617, "10": 28.325138492500578, "2": 27.813181294251088, "5": 28.08916329358313}, "s2t": {"2": 26.540015803487776, "20": 28.164905057796986, "1": 25.66042795466484, "5": 27.238464830672516, "10": 27.94257566745398}, "s2s": {"5": 27.35701185583962, "20": 28.605485567474677, "10": 27.899535416440102, "1": 25.6430465545579, "2": 26.697201280866643}}, "Cohere": {"s2s": {"1": 26.06048240218656, "2": 27.383057697392182, "5": 28.08494351155848, "20": 28.86185577782243, "10": 28.57362128708113}, "s2t": {"10": 28.654700720512583, "5": 28.035448717825766, "2": 27.478030217746248, "20": 29.177397902620395, "1": 25.62525084271266}, "t2t": {"1": 26.143975057623564, "10": 29.041825079356432, "5": 28.65198192954731, "2": 27.68331883718993, "20": 29.86106532036745}}, "LaBSE": {"t2t": {"20": 28.91610299973913, "5": 28.31270128921053, "10": 28.606130382074358, "1": 26.117277368330257, "2": 27.830611596080256}, "s2s": {"5": 28.43463501189486, "1": 26.043675181256177, "10": 28.771637068947175, "20": 29.269167961377345, "2": 27.753315165820986}, "s2t": {"10": 28.465860039173702, "5": 27.989244471193913, "1": 25.908102227189257, "2": 27.62484082364108, "20": 29.113045305775415}}, "SONAR": {"s2t": {"5": 28.337042112326333, "20": 29.102966887116878, "2": 27.612960363135453, "10": 28.899337659267903, "1": 26.126170648487378}, "s2s": {"5": 28.281118955729628, "2": 27.46414298691553, "1": 26.134241469723808, "20": 29.09839052162801, "10": 28.805820432848407}, "t2t": {"2": 27.45613409223558, "1": 25.83535946780061, "5": 28.182824463839022, "20": 29.319188810115044, "10": 28.803090376833378}}, "Random": {"s2s": {"20": {"mean": 26.887761789687417, "std": 0.016587061877470954}, "1": {"mean": 24.965951578825297, "std": 0.09100413765075084}, "10": {"mean": 26.641791963934423, "std": 0.21177043175111696}, "2": {"mean": 25.714035484001528, "std": 0.20319781362971825}, "0": {"mean": 23.090158879200885, "std": 0.0}, "5": {"mean": 26.336003781869028, "std": 0.18974759182631903}}}, "E5": {"t2t": {"1": 26.12866258416781, "5": 28.92454738105513, "10": 29.539533595558787, "20": 29.59352885426573, "2": 27.496398660488868}, "s2s": {"20": 29.170675567775167, "5": 28.26626963183022, "10": 28.57277414437832, "2": 27.27823566293152, "1": 26.116906836462324}, "s2t": {"10": 28.89304381239224, "20": 29.363173124557697, "2": 27.249623580466725, "5": 28.32793443537956, "1": 25.934865035562648}}}