{"Laser2": {"s2s": {"10": 22.339039841130706, "2": 21.378011587011866, "5": 22.042512955768924, "1": 21.141978615536665, "20": 22.892634992174198}, "s2t": {"1": 21.31231023656808, "5": 22.48306227478703, "2": 21.661950693984934, "10": 22.90852890689323, "20": 23.22997942239889}, "t2t": {"20": 24.03605498524825, "10": 23.765418838872673, "2": 22.640979973497593, "1": 21.859279227179815, "5": 23.3590244820166}}, "Cohere": {"t2t": {"5": 22.766223099410094, "20": 23.67352037725393, "1": 21.097112718051818, "2": 21.964392837940874, "10": 23.44594388801727}, "s2t": {"10": 21.67137515834266, "20": 22.250214045247134, "2": 20.779815829129824, "5": 21.17336387833848, "1": 19.90138586661815}, "s2s": {"2": 21.101797343186043, "20": 22.416045208904535, "5": 21.546431569625348, "10": 22.165540258235943, "1": 20.859888821066054}}, "LaBSE": {"t2t": {"2": 22.344509873461714, "5": 23.000881240350008, "1": 21.614739047093845, "10": 23.479937649408463, "20": 23.63601594881096}, "s2s": {"2": 21.086587756296897, "20": 22.662121876785644, "5": 21.57649658266206, "1": 20.55924062798052, "10": 22.25650921147065}, "s2t": {"1": 20.503355167301905, "2": 20.872042805606718, "20": 22.113834117546812, "10": 22.300770210542193, "5": 21.522965634387837}}, "SONAR": {"s2t": {"10": 22.847503592859958, "5": 22.487761285853495, "20": 23.323587869132478, "2": 21.830413916862778, "1": 21.219260705800487}, "t2t": {"10": 23.379592448731547, "2": 22.073519647660493, "1": 20.96833638742535, "5": 22.748879681047743, "20": 23.656189823743553}, "s2s": {"20": 22.81885888657684, "2": 21.805936567471466, "1": 21.05805786879352, "5": 22.207206465602695, "10": 22.447316395201916}}, "Random": {"s2s": {"10": {"mean": 20.851906120567836, "std": 0.05343438381531924}, "1": {"mean": 19.130413248829072, "std": 0.1495510339249839}, "0": {"mean": 18.323556211163545, "std": 0.01096641464331408}, "20": {"mean": 21.206454693153592, "std": 0.06636891610041458}, "5": {"mean": 20.67875299907143, "std": 0.1272767159799764}, "2": {"mean": 19.78425834165345, "std": 0.07943421728882573}}}, "E5": {"t2t": {"1": 20.809172334099337, "20": 23.326832915718843, "10": 22.92677350489232, "2": 21.84963645653067, "5": 22.584950516987334}, "s2t": {"2": 21.37615866221587, "5": 21.893208350519114, "10": 22.42277922045219, "20": 22.804956441662206, "1": 20.719840860720158}, "s2s": {"1": 21.08494578602701, "5": 22.040072179131943, "20": 22.664547104159105, "10": 22.46835037764847, "2": 21.396092684415578}}}