{"bm25": {"s2s": {"2": 57.53337910110484, "5": 58.042397420662475, "1": 57.61891155476795, "10": 58.72888580064695, "20": 58.7101357810004}}, "Rouge": {"s2s": {"5": 57.90045080907355, "20": 58.72932678491931, "2": 57.78533093296356, "10": 58.514721750415866, "1": 57.58823293197839}}, "Pos": {"s2s": {"2": 57.64332224943966, "20": 58.74535511584713, "10": 58.49838273047101, "5": 58.52962112243747, "1": 57.48415045533988}}, "Grakel": {"s2s": {"20": 58.557581683669966, "10": 58.65795853181079, "2": 56.65284318637891, "1": 57.536001022407724, "5": 58.52217066153992}}, "BLEU_pos": {"s2s": {"20": 58.396627115442556, "5": 58.18466546886205, "2": 57.719078833357514, "1": 57.229616764272926, "10": 58.41985877579054}}, "BLEU": {"s2s": {"10": 58.44568596324267, "1": 57.17466974929359, "20": 58.85113883571273, "5": 57.903824012512764, "2": 57.83105609969685}}}