{"bm25": {"s2s": {"5": 65.23603573333642, "20": 66.16220359712203, "1": 64.65758475839742, "10": 65.86147604658137, "2": 61.80237468705101}}, "Rouge": {"s2s": {"1": 64.57798447460631, "10": 65.5476360498206, "2": 64.95552058637027, "5": 64.98262560535733, "20": 65.9674024726352}}, "Pos": {"s2s": {"1": 64.77593551705742, "10": 66.0685942646182, "5": 65.77262035611668, "20": 66.08943359009322, "2": 65.09220413586033}}, "Grakel": {"s2s": {"10": 65.8925195151331, "20": 66.07348863324053, "1": 65.32214791438464, "5": 65.81973186062855, "2": 65.29286387777266}}, "BLEU_pos": {"s2s": {"5": 65.5420596323153, "1": 64.65470922190225, "20": 66.11105752944513, "10": 65.76324416869166, "2": 64.93182823708685}}, "BLEU": {"s2s": {"2": 65.07477402746137, "1": 64.83817608580094, "10": 65.87565724338457, "5": 65.17739257888475, "20": 65.93230490692015}}}