{"bm25": {"s2s": {"1": 20.628587021897815, "2": 21.930441731640048, "10": 24.713365827370687, "5": 23.66061855201666, "20": 25.262635045587206}}, "Rouge": {"s2s": {"10": 22.934188613350305, "1": 19.54635315747638, "20": 23.575358151299906, "5": 22.263625600515237, "2": 19.801687998925647}}, "Pos": {"s2s": {"20": 21.530061400801475, "10": 21.553913533354127, "2": 20.11295133436005, "5": 21.11004161983064, "1": 19.245339824168752}}, "Grakel": {"s2s": {"2": 19.435409005590735, "10": 21.044741323503967, "20": 21.046561114012547, "1": 18.772357148151727, "5": 20.398097251980317}}, "BLEU_pos": {"s2s": {"2": 19.87804854646313, "20": 21.363836548474353, "1": 19.280822449329506, "5": 20.897366885632565, "10": 21.39842767456302}}, "BLEU": {"s2s": {"5": 23.03869751256762, "1": 20.319189631173334, "2": 21.29040707790525, "20": 24.08582299607198, "10": 23.93052462821378}}}