{"bm25": {"s2s": {"1": 12.684667412045329, "10": 14.991705505107857, "20": 15.07208912191673, "2": 13.601583733397293, "5": 14.298598615341382}}, "Rouge": {"s2s": {"5": 13.427789909448478, "2": 11.835052114468406, "10": 13.870365129667018, "1": 11.255784002014689, "20": 14.333837829248077}}, "Pos": {"s2s": {"10": 13.683777468799713, "2": 12.25416385049462, "5": 12.516804420986261, "1": 12.006938436460524, "20": 13.995192629290361}}, "Grakel": {"s2s": {"5": 12.222705088984867, "1": 11.07812850738646, "20": 13.36102675285045, "2": 11.9646958061536, "10": 12.784067266798225}}, "BLEU_pos": {"s2s": {"2": 12.018476646750793, "5": 12.375045848014778, "10": 12.997094310567913, "20": 13.29736154110916, "1": 11.74384050885869}}, "BLEU": {"s2s": {"5": 13.691270298543254, "20": 14.657382661280765, "1": 12.133884872970992, "2": 13.166694857737514, "10": 14.26432164725863}}}