{"bm25": {"s2s": {"2": 0.8476686308918734, "5": 0.849743681050572, "1": 0.8397974148981656, "10": 0.8508598175150133, "20": 0.8516554397792213}}, "BLEU": {"s2s": {"10": 0.8500974467502752, "1": 0.8431722580974281, "20": 0.8495666422097108, "5": 0.8500081313987494, "2": 0.8467005813428065}}, "BLEU_pos": {"s2s": {"20": 0.851240295607582, "5": 0.8485124286102212, "2": 0.8471217264712092, "1": 0.8388450487623573, "10": 0.8511736086116949}}, "Rouge": {"s2s": {"5": 0.8500783322710294, "20": 0.8516956415807777, "2": 0.8473305884203892, "10": 0.852093498226211, "1": 0.842221523432628}}, "Pos": {"s2s": {"2": 0.8461729703920161, "20": 0.8520220313736573, "10": 0.8534491579876586, "5": 0.8518190928716434, "1": 0.8420052902677314}}, "Grakel": {"s2s": {"20": 0.851074313222184, "10": 0.8489024487467622, "2": 0.8476961996008756, "1": 0.8424508721814326, "5": 0.8477039817175847}}}