{"bm25": {"s2s": {"5": 0.860654453573962, "20": 0.8629448281328669, "1": 0.8565938252764257, "10": 0.8622981034248713, "2": 0.8592883323138881}}, "BLEU": {"s2s": {"2": 0.8578487592841325, "1": 0.8561324035167223, "10": 0.8611956379218064, "5": 0.8599670097349661, "20": 0.8614642748189538}}, "BLEU_pos": {"s2s": {"5": 0.8611545059167349, "1": 0.8551394489737367, "20": 0.8632028928622898, "10": 0.8622071436742549, "2": 0.8590495039234048}}, "Rouge": {"s2s": {"1": 0.8567356683402193, "10": 0.8618004999083021, "2": 0.8582996958682659, "5": 0.8598345073727751, "20": 0.8608501903094322}}, "Pos": {"s2s": {"1": 0.8567456017310912, "10": 0.861338081920571, "5": 0.8606456988767202, "20": 0.8619052246507448, "2": 0.8600386319306528}}, "Grakel": {"s2s": {"10": 0.8621525684364229, "20": 0.8623151711442254, "1": 0.8580589360399209, "5": 0.8601980300642285, "2": 0.8583359131699966}}}