{"bm25": {"s2s": {"1": 0.46796820272982353, "10": 0.4857853220503321, "20": 0.490529309752077, "2": 0.45109460901896004, "5": 0.48039276540102693}}, "BLEU": {"s2s": {"5": 0.46912460232322867, "20": 0.4822795073034264, "1": 0.46339660330782295, "2": 0.44595681613848615, "10": 0.4774191094923161}}, "BLEU_pos": {"s2s": {"2": 0.43329834321094124, "5": 0.4533428900650603, "10": 0.46144310343760275, "20": 0.46508772440048546, "1": 0.4638130444694649}}, "Rouge": {"s2s": {"5": 0.4640986452490209, "2": 0.44031180678443477, "10": 0.47516104284482513, "1": 0.45089290252787323, "20": 0.4807910645314356}}, "Pos": {"s2s": {"10": 0.46532452107948274, "2": 0.4381346889723667, "5": 0.460985351015221, "1": 0.4605182421655052, "20": 0.4654904914644396}}, "Grakel": {"s2s": {"5": 0.4432049625711479, "1": 0.47536188216784253, "20": 0.4455103953276934, "2": 0.44651359045811795, "10": 0.44381286114041985}}}