{"bm25": {"s2s": {"1": 0.443718252593114, "2": 0.4080073181318907, "10": 0.43877024646745366, "5": 0.42273023708359053, "20": 0.4431980437205243}}, "BLEU": {"s2s": {"5": 0.4113244303012554, "1": 0.43197893707648566, "2": 0.3987482063059986, "20": 0.4250399450451253, "10": 0.4177999142631005}}, "BLEU_pos": {"s2s": {"2": 0.38154805638632283, "20": 0.3979235378944356, "1": 0.41238364954239765, "5": 0.3870013285089623, "10": 0.39280079396463663}}, "Rouge": {"s2s": {"10": 0.4104461194763306, "1": 0.43207550403687794, "20": 0.4150119260719171, "5": 0.40532030698221194, "2": 0.3910511544217234}}, "Pos": {"s2s": {"20": 0.3986488297257734, "10": 0.3941042509975405, "2": 0.3836376181851498, "5": 0.38051440625676053, "1": 0.41222544316305476}}, "Grakel": {"s2s": {"2": 0.37549258450510004, "10": 0.3792330943371939, "20": 0.380123851739842, "1": 0.39897404104589, "5": 0.37409828046682797}}}