{"bm25": {"s2s": {"2": 37.333289515052854, "5": 38.53170438130864, "1": 34.82733958568423, "10": 38.4391728689179, "20": 39.07892366099199}}, "Rouge": {"s2s": {"5": 37.794369797535914, "20": 38.24792012861612, "2": 37.12746076779636, "10": 38.36495326128721, "1": 34.92497594687241}}, "Pos": {"s2s": {"2": 37.06740658962003, "20": 18.416441540708593, "10": 37.611873439804405, "5": 37.98300880558247, "1": 35.55163370167183}}, "Grakel": {"s2s": {"20": 0.5063226951294372, "10": 37.750470224994, "2": 36.931551979249164, "1": 34.61899281121944, "5": 37.63252074924748}}, "BLEU_pos": {"s2s": {"20": 33.9857581954831, "5": 37.79615315533097, "2": 36.91521586399082, "1": 35.142764118369975, "10": 38.05246498056479}}, "BLEU": {"s2s": {"10": 38.64779532536578, "1": 34.74405925423733, "20": 37.676675798096994, "5": 38.11274318140251, "2": 37.39478867586821}}}