{"bm25": {"s2s": {"5": 63.89377867484779, "20": 64.40485109808569, "1": 58.25691990103444, "10": 64.20307017980731, "2": 62.80201482949077}}, "Rouge": {"s2s": {"1": 59.14461611371008, "10": 63.805497930441156, "2": 62.52588042329572, "5": 63.30616761544717, "20": 63.89416800702811}}, "Pos": {"s2s": {"1": 58.54319419434994, "10": 64.00896847622481, "5": 63.99516338632898, "20": 60.184297747156236, "2": 63.15827286986041}}, "Grakel": {"s2s": {"10": 63.95037252766276, "20": 14.572694579447374, "1": 55.93803752935275, "5": 63.65512978204326, "2": 62.99839702824461}}, "BLEU_pos": {"s2s": {"5": 63.69901197425391, "1": 58.95962591657674, "20": 64.04384739531612, "10": 63.97086155784556, "2": 62.95521974402879}}, "BLEU": {"s2s": {"2": 63.10539087828777, "1": 58.3469421159175, "10": 63.75533620228894, "5": 63.75969549071918, "20": 64.11865282983304}}}