{"bm25": {"s2s": {"1": 29.666451655027004, "2": 32.96778031571454, "10": 36.44076568990772, "5": 34.86106009278836, "20": 36.751441782224845}}, "Rouge": {"s2s": {"10": 34.686721881776776, "1": 29.51334504975247, "20": 36.13513156527331, "5": 34.299706059809054, "2": 31.84469510066651}}, "Pos": {"s2s": {"20": 31.437293259953336, "10": 34.83249034238865, "2": 32.538972406391274, "5": 33.93648948331904, "1": 30.17890355458154}}, "Grakel": {"s2s": {"2": 32.8011098121608, "10": 34.07115246429666, "20": 5.19745030570256, "1": 30.754723099025316, "5": 33.96884853094619}}, "BLEU_pos": {"s2s": {"2": 31.786072437904835, "20": 34.34268194459414, "1": 29.91922106609512, "5": 33.50173346493725, "10": 34.32682830465033}}, "BLEU": {"s2s": {"5": 34.295894019814654, "1": 29.381112459523706, "2": 32.67828618336516, "20": 36.18212520193674, "10": 35.189199422541535}}}