{"bm25": {"s2s": {"1": 14.781214021108829, "10": 15.284689059623213, "20": 15.738547578169015, "2": 14.272724191890623, "5": 14.67338003751373}}, "Rouge": {"s2s": {"5": 13.716749324552199, "2": 13.059821808834604, "10": 14.638619762945797, "1": 13.216058182526691, "20": 15.033034955761906}}, "Pos": {"s2s": {"10": 15.913430687615332, "2": 14.869607036628555, "5": 15.387140370871794, "1": 15.976710689059997, "20": 8.39616990974498}}, "Grakel": {"s2s": {"5": 16.150534125112735, "1": 16.398333187450724, "20": 0.29484415283136095, "2": 16.016509935533158, "10": 16.626777954933207}}, "BLEU_pos": {"s2s": {"2": 13.996527582630868, "5": 14.307060789349865, "10": 15.00418563656209, "20": 14.184322427264748, "1": 14.471106213181558}}, "BLEU": {"s2s": {"5": 14.570738646977722, "20": 14.932599921095532, "1": 14.273144741203343, "2": 13.95190983919198, "10": 15.215543989651831}}}