{"SONAR": {"s2s": {"10": 0.5247835319327272, "5": 0.5169417315527148, "2": 0.505805913491447, "20": 0.5214226088033834, "1": 0.5201776500040364}}}