{"SONAR": {"s2s": {"10": 0.7053482287780569, "2": 0.6647870515734546, "1": 0.6450355240095981, "5": 0.6922452013070876, "20": 0.7084461528174726}}}