{"SONAR": {"s2s": {"10": 0.8662020283725422, "1": 0.8487048443892727, "2": 0.8644373489933994, "5": 0.86575807209896, "20": 0.8689612214243695}}}