{"SONAR": {"s2s": {"20": 0.6145691184893899, "10": 0.6126753557841533, "2": 0.6016101316942764, "1": 0.5890904894547736, "5": 0.6018358904264661}}}