{"bm25": {"s2s": {"1": 0.45174019548143796, "10": 0.46803479460564995, "20": 0.4691660854626786, "2": 0.45030083924001857, "5": 0.45558997571998433}}, "BLEU": {"s2s": {"5": 0.45282570998600347, "20": 0.4634172915381641, "1": 0.44323379706900584, "2": 0.4441912980242209, "10": 0.45512499987136706}}, "BLEU_pos": {"s2s": {"2": 0.41898273639822664, "5": 0.4235273809890031, "10": 0.43151022180208104, "20": 0.4358678061529817, "1": 0.43007836511483777}}, "Rouge": {"s2s": {"5": 0.44597662115108827, "2": 0.4255105919193609, "10": 0.4505425425238996, "1": 0.434326695594863, "20": 0.4625331947042537}}, "Pos": {"s2s": {"10": 0.43449863557346724, "2": 0.4159530746518623, "5": 0.419183154719267, "1": 0.42675778631989664, "20": 0.437394626320822}}, "Grakel": {"s2s": {"5": 0.4004947751200953, "1": 0.4028524834765747, "20": 0.42057692875032837, "2": 0.3997520162271181, "10": 0.4102570223714052}}}