{"bm25": {"s2s": {"2": 0.8621012483071904, "5": 0.8608389986539076, "1": 0.8624993593030768, "10": 0.8661233746840549, "20": 0.865431125220574}}, "BLEU": {"s2s": {"10": 0.8655976744390759, "1": 0.8602227296518243, "20": 0.8655528619355364, "5": 0.8593153468528284, "2": 0.8616358282066616}}, "BLEU_pos": {"s2s": {"20": 0.8645567734368705, "5": 0.8634603198455728, "2": 0.8621733888924829, "1": 0.8613277817432117, "10": 0.8646500671333947}}, "Rouge": {"s2s": {"5": 0.8582852951475518, "20": 0.8656195012241484, "2": 0.8609406201559093, "10": 0.8644366590637463, "1": 0.8599300583007308}}, "Pos": {"s2s": {"2": 0.8590236861008429, "20": 0.8645718736139681, "10": 0.8653395961042449, "5": 0.8629023154144702, "1": 0.8610623192940305}}, "Grakel": {"s2s": {"20": 0.8652093141328676, "10": 0.8645861481018218, "2": 0.8479532701047984, "1": 0.8611584788725781, "5": 0.864503159530078}}}