{"bm25": {"s2s": {"1": 0.44129972392509104, "2": 0.4554697441989961, "10": 0.48048169863789447, "5": 0.46759078894620354, "20": 0.48475972776533116}}, "BLEU": {"s2s": {"5": 0.4568704691947449, "1": 0.4354031492363323, "2": 0.44675451656987547, "20": 0.46955296235240024, "10": 0.4657696442818453}}, "BLEU_pos": {"s2s": {"2": 0.4263017152255703, "20": 0.4367144692968945, "1": 0.42278390438130253, "5": 0.4344734224258911, "10": 0.4377837788181107}}, "Rouge": {"s2s": {"10": 0.4614378279406327, "1": 0.4275771927662753, "20": 0.4645120166389367, "5": 0.45236562388275453, "2": 0.4316125714584537}}, "Pos": {"s2s": {"20": 0.4419435699407762, "10": 0.4369708375026115, "2": 0.42639159621751827, "5": 0.43588039832624054, "1": 0.42160150180515565}}, "Grakel": {"s2s": {"2": 0.41912084826721036, "10": 0.4309936980808912, "20": 0.42976898577785777, "1": 0.41395212892487115, "5": 0.42362213979950064}}}