{"bm25": {"s2s": {"5": 0.8706028935289666, "20": 0.8742827582265077, "1": 0.8694501407591722, "10": 0.8736398269536467, "2": 0.8322699839477482}}, "BLEU": {"s2s": {"2": 0.8703531919731924, "1": 0.8702179648777242, "10": 0.873521487939028, "5": 0.8658564259618403, "20": 0.873837231117275}}, "BLEU_pos": {"s2s": {"5": 0.8709804209854763, "1": 0.8695378271722982, "20": 0.8756820727360578, "10": 0.8736667624810939, "2": 0.8709331305012873}}, "Rouge": {"s2s": {"1": 0.8692974020016523, "10": 0.8721862315778205, "2": 0.8706012226258342, "5": 0.8669453496960077, "20": 0.8732563089358477}}, "Pos": {"s2s": {"1": 0.8714418880081931, "10": 0.874606666799355, "5": 0.8735221137289002, "20": 0.8760692530234341, "2": 0.8696543094610037}}, "Grakel": {"s2s": {"10": 0.8753534908233424, "20": 0.8749065703966401, "1": 0.8718751120590881, "5": 0.8745580114159188, "2": 0.8728501721922117}}}