{"bm25": {"s2s": {"1": 0.4119197938134783, "2": 0.42470598487338057, "10": 0.46401213576258876, "5": 0.44911034796902316, "20": 0.47139420129152626}}, "BLEU": {"s2s": {"5": 0.44023056815676537, "1": 0.40809724440157646, "2": 0.41323311871337326, "20": 0.45269750001225545, "10": 0.44590656088274927}}, "BLEU_pos": {"s2s": {"2": 0.40195729936889035, "20": 0.4201375234415644, "1": 0.3945155411281369, "5": 0.41566422584617563, "10": 0.41993165694972273}}, "Rouge": {"s2s": {"10": 0.4410524891446466, "1": 0.39785180940281734, "20": 0.44713560898195615, "5": 0.43187185254669475, "2": 0.39076844144892314}}, "Pos": {"s2s": {"20": 0.42149900203283597, "10": 0.4138418905171952, "2": 0.40152307281734445, "5": 0.41416991768559447, "1": 0.39556328249955364}}, "Grakel": {"s2s": {"2": 0.38528852534329466, "10": 0.4100615142038453, "20": 0.4059067543875794, "1": 0.3785043222454226, "5": 0.39926144764887483}}}