{"bm25": {"s2s": {"5": 0.8697778157919291, "20": 0.8737056769518984, "1": 0.8688730594845628, "10": 0.8730627456790374, "2": 0.8243388706310228}}, "BLEU": {"s2s": {"2": 0.8697761106985831, "1": 0.8702179648777242, "10": 0.8729444066644186, "5": 0.8643040460619059, "20": 0.8732601498426656}}, "BLEU_pos": {"s2s": {"5": 0.8700820156649167, "1": 0.8695378271722982, "20": 0.8756820727360578, "10": 0.8736667624810939, "2": 0.8695717141208913}}, "Rouge": {"s2s": {"1": 0.868720320727043, "10": 0.870937096389386, "2": 0.8706012226258342, "5": 0.8652354832223281, "20": 0.8726792276612384}}, "Pos": {"s2s": {"1": 0.870864806144605, "10": 0.874606666799355, "5": 0.8729450324542909, "20": 0.8760692530234341, "2": 0.8696543094610037}}, "Grakel": {"s2s": {"10": 0.8753534908233424, "20": 0.8749065703966401, "1": 0.8718751120590881, "5": 0.8745580114159188, "2": 0.8728501721922117}}}