{"bm25": {"s2s": {"2": 0.8582386330889148, "5": 0.8582338476663993, "1": 0.8607823980655595, "10": 0.8648640816155159, "20": 0.8647573678625431}}, "BLEU": {"s2s": {"10": 0.8649239170810451, "1": 0.8567831903813856, "20": 0.8648791045775055, "5": 0.8550644450684781, "2": 0.8598325663640094}}, "BLEU_pos": {"s2s": {"20": 0.8638830160788397, "5": 0.8616570578851247, "2": 0.8603701269320349, "1": 0.8595183255526389, "10": 0.8633907741826513}}, "Rouge": {"s2s": {"5": 0.8570260020790128, "20": 0.8643602081556094, "2": 0.8577680795383548, "10": 0.8631773659952073, "1": 0.8575304663287321}}, "Pos": {"s2s": {"2": 0.8577643931500997, "20": 0.8645718736139681, "10": 0.8647956273301317, "5": 0.860415828086642, "1": 0.8586385741299791}}, "Grakel": {"s2s": {"20": 0.8634306822605284, "10": 0.8601841232168815, "2": 0.8436275831618799, "1": 0.8599407528582298, "5": 0.8609303423302918}}}