{"bm25": {"s2s": {"1": 0.3828551889408247, "10": 0.4335955928701893, "20": 0.4371295505656084, "2": 0.3931369190454012, "5": 0.4152059041169792}}, "BLEU": {"s2s": {"5": 0.41854677471542073, "20": 0.437493193305646, "1": 0.3598996853610508, "2": 0.38392648392397427, "10": 0.42699443014419597}}, "BLEU_pos": {"s2s": {"2": 0.3477735645156133, "5": 0.3794620065202591, "10": 0.3951989216177831, "20": 0.4023522141687719, "1": 0.3365003245444637}}, "Rouge": {"s2s": {"5": 0.40293274917032407, "2": 0.3571106760869384, "10": 0.4158643628709872, "1": 0.35383837084054004, "20": 0.43523422946689627}}, "Pos": {"s2s": {"10": 0.4004299640361028, "2": 0.3401141907327731, "5": 0.371587339906471, "1": 0.32913688863277907, "20": 0.402444817493909}}, "Grakel": {"s2s": {"5": 0.35266707192649954, "1": 0.30310439321363397, "20": 0.3737258825141922, "2": 0.3278567819108841, "10": 0.3668299499207099}}}