{"bm25": {"s2s": {"5": 55.94603695044871, "20": 55.63600255669182, "1": 55.23539714932109, "10": 55.915704326973206, "2": 55.44547388771357}}, "Rouge": {"s2s": {"1": 54.90330929499867, "10": 55.657388132129014, "2": 55.30764966771468, "5": 55.26783558729878, "20": 55.52772267454193}}, "Pos": {"s2s": {"1": 55.100421370953825, "10": 55.29927414704861, "5": 55.37659785155006, "20": 19.748809381173313, "2": 55.47974610062455}}, "Grakel": {"s2s": {"10": 55.7652715256645, "20": 0.07679684674251311, "1": 55.154044243661936, "5": 55.68021721101775, "2": 55.65291500591646}}, "BLEU_pos": {"s2s": {"5": 55.34165579159105, "1": 54.971436940522786, "20": 47.31584895538927, "10": 55.236009810292394, "2": 55.14333325865998}}, "BLEU": {"s2s": {"2": 55.25437487968022, "1": 55.47507979388383, "10": 55.78526256927516, "5": 55.65267095058306, "20": 53.46698930566336}}}