{"bm25": {"s2s": {"2": 45.53043253283013, "5": 45.5803808559499, "1": 45.48051983032522, "10": 45.84140738904808, "20": 44.956186357424265}}, "Rouge": {"s2s": {"5": 45.426165087783524, "20": 45.43964353041137, "2": 45.50290162259976, "10": 45.79432660754906, "1": 45.50742741714484}}, "Pos": {"s2s": {"2": 45.5119542866929, "20": 13.613119502379641, "10": 45.87461530371022, "5": 45.81880960766793, "1": 45.66755362146793}}, "Grakel": {"s2s": {"20": 0.0, "10": 46.062750095912286, "2": 45.682958894273455, "1": 45.56786544159052, "5": 45.48750460479237}}, "BLEU_pos": {"s2s": {"20": 37.463873373695264, "5": 45.66382356016141, "2": 45.667729318127655, "1": 45.31499238512989, "10": 45.71698133334856}}, "BLEU": {"s2s": {"10": 45.70469815986387, "1": 45.341276644815096, "20": 42.6362904106218, "5": 45.75561723898758, "2": 45.660812136592725}}}