{"bm25": {"s2s": {"1": 17.927042848461674, "2": 17.74024444201152, "10": 20.16817729377214, "5": 19.11823296777551, "20": 17.23940730122176}}, "Rouge": {"s2s": {"10": 18.632741705823065, "1": 16.694645253372816, "20": 18.63599509840042, "5": 17.749685023665403, "2": 16.786078978880155}}, "Pos": {"s2s": {"20": 2.6274590161121694, "10": 17.31704473248777, "2": 16.574146767249083, "5": 16.948546430299597, "1": 16.460436664895195}}, "Grakel": {"s2s": {"2": 15.615742790846495, "10": 16.63219549846411, "20": 0.0, "1": 15.58058641890992, "5": 15.872259980385667}}, "BLEU_pos": {"s2s": {"2": 16.073867016999575, "20": 11.769546170115209, "1": 15.981075560596494, "5": 16.50642541494079, "10": 17.209544197989775}}, "BLEU": {"s2s": {"5": 18.785542919648208, "1": 17.31931834589725, "2": 17.23153847497847, "20": 16.47147524324377, "10": 19.47518333346571}}}