{"bm25": {"s2s": {"1": 12.317458814288615, "10": 13.097764484820553, "20": 11.465008769693588, "2": 11.736708452642379, "5": 12.149653095735554}}, "Rouge": {"s2s": {"5": 11.045861809065666, "2": 10.714331211535882, "10": 11.619872778971482, "1": 10.9214047566581, "20": 11.694199141163693}}, "Pos": {"s2s": {"10": 11.709264497328542, "2": 10.95425605917475, "5": 11.446188958994021, "1": 12.132350525828732, "20": 2.5815477411218613}}, "Grakel": {"s2s": {"5": 10.635400227126492, "1": 13.042138392537511, "20": 0.0, "2": 10.992144728793557, "10": 10.89965465688905}}, "BLEU_pos": {"s2s": {"2": 10.433273211394653, "5": 10.665893755835963, "10": 10.903607529457105, "20": 7.964258650712513, "1": 11.75997777864576}}, "BLEU": {"s2s": {"5": 11.888191437871367, "20": 10.373476795246148, "1": 11.427562164694878, "2": 11.308283878540879, "10": 12.59951322092167}}}