{"Laser2": {"s2s": {"10": 14.329507313156473, "2": 11.946572340848324, "1": 12.046292251872842, "5": 13.489530787400339, "20": 14.702064799376672}, "t2t": {"20": 14.247404342965156, "5": 13.313608374756692, "1": 11.679422240779932, "10": 13.63224224940088, "2": 10.814548485384117}, "s2t": {"2": 11.121382220167792, "20": 14.317874356572204, "1": 11.886554595095884, "10": 13.965064064977051, "5": 13.230858592623601}}, "Cohere": {"t2t": {"2": 11.933272731857517, "20": 14.221701357252888, "1": 12.522322235583596, "10": 14.14357609651078, "5": 13.600264645050759}, "s2s": {"20": 14.39212588922634, "10": 14.322886957116312, "1": 12.511358737809578, "2": 12.355258835594963, "5": 13.753346338644679}, "s2t": {"5": 13.175050109895507, "10": 13.944417300821362, "20": 14.26852177528086, "2": 11.999521872674467, "1": 12.123762309754149}}, "LaBSE": {"s2t": {"10": 13.610480494173178, "5": 12.940192988420149, "20": 14.007966004225903, "1": 11.39291701036725, "2": 11.481440497843474}, "s2s": {"5": 14.057571875068614, "10": 14.96488295722241, "20": 15.076911695060776, "2": 12.56003999919528, "1": 12.391798665197719}, "t2t": {"20": 14.15527988189605, "1": 11.968229247990482, "5": 13.229649291237502, "2": 11.576789131081037, "10": 13.749513551371034}}, "SONAR": {"s2s": {"10": 14.542757975960278, "5": 13.645962404308989, "2": 12.396637301700139, "20": 14.866151817169893, "1": 12.542166012633638}, "s2t": {"10": 14.594205341177812, "5": 14.178389717373003, "20": 14.796460181733442, "2": 12.272679517094565, "1": 12.38541226687016}, "t2t": {"10": 14.327636657599136, "2": 11.786032013137376, "1": 12.35504084821977, "20": 14.982549097384732, "5": 13.477842773376498}}, "Random": {"s2s": {"10": {"mean": 9.979428113930181, "std": 0.0599086650538777}, "1": {"mean": 8.780464597336065, "std": 0.09856827499589263}, "0": {"mean": 14.384982379246248, "std": 0.01821701573142845}, "20": {"mean": 10.633383187913868, "std": 0.19929035596345307}, "2": {"mean": 8.483836414219057, "std": 0.11439543868561979}, "5": {"mean": 9.393823275404253, "std": 0.05886309957410474}}}, "E5": {"s2t": {"10": 13.175068279047327, "1": 11.425217416539297, "2": 11.185414920003858, "20": 13.579209804906197, "5": 12.446803363976496}, "t2t": {"20": 15.227196746660207, "10": 14.654560678769904, "1": 12.594401492953052, "2": 12.402538638601666, "5": 14.153964530887825}, "s2s": {"5": 13.567082211675006, "2": 12.22217419358618, "1": 12.437478475036725, "10": 13.993478264402262, "20": 14.480809738295871}}}