{"Laser2": {"t2t": {"10": 54.22293609516207, "2": 53.09612364208442, "1": 52.77969111661116, "5": 53.901903871304114, "20": 54.30085041037431}, "s2t": {"5": 53.60466808557528, "2": 53.02024389900999, "1": 52.678605561288286, "10": 53.778236414327864, "20": 53.91955369403786}, "s2s": {"1": 52.44941870389462, "10": 53.93146265256716, "2": 52.748765911580676, "20": 54.0887223327123, "5": 53.567569489915044}}, "Cohere": {"s2s": {"5": 53.502810676426385, "20": 54.09396087646816, "1": 52.018126875168704, "2": 53.04403719658934, "10": 53.60235332910213}, "s2t": {"5": 53.623569671453794, "20": 53.9735155088233, "10": 53.65773631522731, "2": 52.957677007152235, "1": 52.31384065334789}, "t2t": {"5": 53.64446895500316, "10": 53.706514952691286, "2": 53.14462722680453, "1": 52.44285361184272, "20": 53.888846785943876}}, "LaBSE": {"t2t": {"5": 53.69027744956536, "10": 53.73266501505813, "1": 52.51367477576226, "2": 53.16789817023603, "20": 54.2093789223793}, "s2t": {"2": 53.439872539923606, "5": 53.989774659992165, "1": 52.244853801273706, "20": 54.08347126109201, "10": 53.91789285913643}, "s2s": {"10": 53.80738582471143, "2": 53.27916852073338, "5": 53.52505490670595, "1": 52.61066322117883, "20": 53.94838155822499}}, "SONAR": {"t2t": {"10": 54.05786645363329, "5": 53.66478321108087, "20": 54.07770282607217, "1": 52.43921582486796, "2": 53.33847308159658}, "s2t": {"10": 53.98654270670463, "1": 52.436214133048864, "2": 53.322940410240115, "20": 54.22385072124698, "5": 53.86468117584725}, "s2s": {"20": 54.178298683919536, "10": 54.07396145918024, "2": 53.018671771856894, "1": 52.37649140640557, "5": 53.825854928077476}}, "Random": {"s2s": {"20": {"mean": 53.63769018261966, "std": 0.091835885728068}, "0": {"mean": 42.23906793999198, "std": 0.0}, "10": {"mean": 53.47215611842844, "std": 0.18792278523688632}, "2": {"mean": 52.941177019635084, "std": 0.18222461524400713}, "5": {"mean": 53.09272257459366, "std": 0.11847437175209427}, "1": {"mean": 51.975134427506894, "std": 0.2882300992529674}}}, "E5": {"t2t": {"1": 52.421746407644974, "5": 53.69662874935338, "10": 54.059970292184445, "2": 53.2200402988323, "20": 54.04568736983922}, "s2s": {"2": 53.06309050119843, "5": 53.396375068029734, "1": 52.42954839599483, "20": 53.91836785902782, "10": 53.837444756605315}, "s2t": {"1": 52.15835558650591, "5": 53.07733899106647, "10": 53.791380538834524, "2": 53.03579168492433, "20": 53.97023259666268}}}