{"Laser2": {"t2t": {"2": 60.88394290524437, "20": 61.74523793191157, "10": 61.54993686314499, "5": 61.09861471869225, "1": 60.41895224176962}, "s2t": {"1": 60.2831021488896, "10": 61.3732848013271, "5": 61.159702442893895, "20": 61.639172222886906, "2": 60.74159073605576}, "s2s": {"2": 60.753580986013944, "10": 61.482445829081264, "5": 61.10895240096136, "20": 61.48996157515896, "1": 60.245106411032644}}, "Cohere": {"s2s": {"2": 60.720324977160885, "10": 61.47968387038018, "20": 61.6936199792262, "1": 60.04948954530648, "5": 61.08904866611725}, "t2t": {"20": 61.79429501749492, "2": 61.08270480891152, "5": 61.41917801294151, "1": 60.5805176774473, "10": 61.709349823396956}, "s2t": {"2": 60.66389312806002, "20": 61.65015617595767, "1": 60.18272690294434, "10": 61.630320245841716, "5": 61.166927217842236}}, "LaBSE": {"t2t": {"20": 61.76583657907443, "1": 60.37207566800712, "2": 60.90157253968168, "10": 61.45547912817108, "5": 61.346587012417984}, "s2t": {"2": 60.8998227117979, "1": 60.364205325497124, "20": 61.68301642718661, "5": 61.0797422870757, "10": 61.51022099554885}, "s2s": {"1": 60.31052199208351, "5": 61.100340949021124, "10": 61.571458858313555, "20": 61.75098876672389, "2": 60.613732508063315}}, "SONAR": {"s2s": {"10": 61.51367820367481, "1": 60.68478321255066, "2": 60.91616051998299, "5": 61.3400789892779, "20": 61.75600679436592}, "s2t": {"1": 60.6465564397481, "10": 61.627629250544025, "5": 61.313518196363816, "2": 60.82296798492513, "20": 61.561776403566896}, "t2t": {"10": 61.99509417118014, "20": 62.15347515239827, "2": 60.95445645504114, "5": 61.93551983247914, "1": 60.52311121570397}}, "Random": {"s2s": {"2": {"mean": 60.53972715999146, "std": 0.1576117722437355}, "1": {"mean": 60.23276331319618, "std": 0.24052354408383364}, "0": {"mean": 53.390102037095176, "std": 0.013979386797444197}, "5": {"mean": 60.774405400795835, "std": 0.1732290489730687}, "20": {"mean": 61.15902442234326, "std": 0.14814837874766124}, "10": {"mean": 61.014218656251636, "std": 0.08763211518573252}}}, "E5": {"t2t": {"10": 61.73806180093829, "20": 61.81510003817995, "1": 60.5212190290786, "2": 61.095428924046814, "5": 61.700130669517485}, "s2t": {"1": 60.262937562169824, "10": 61.69814217261638, "20": 61.744571160396745, "5": 61.296749131227145, "2": 60.72954227759387}, "s2s": {"2": 60.61200104336677, "10": 61.43899746024501, "5": 61.16217637515978, "1": 60.22229188943632, "20": 61.50493141400142}}}