{"Laser2": {"s2t": {"10": 36.30279991206192, "1": 32.99112890823358, "5": 36.05551700396262, "20": 36.86195213355307, "2": 34.24294637404628}, "t2t": {"5": 36.13169898108575, "10": 36.77656097155749, "1": 33.046772006717696, "2": 34.44197652153947, "20": 36.642568702684024}, "s2s": {"1": 33.302391464603886, "2": 34.82533044125656, "5": 36.22087414909593, "10": 36.85354644456773, "20": 37.60593262201589}}, "Cohere": {"s2t": {"20": 37.78120445775543, "1": 32.94105845215657, "10": 37.46825169233332, "5": 36.257786839241525, "2": 34.59895857971234}, "t2t": {"2": 34.82694606759082, "5": 36.570542132372545, "1": 33.236919139136404, "10": 37.53290003861239, "20": 37.644077330308}, "s2s": {"1": 33.31305179501197, "2": 35.42761583861188, "5": 36.91646411602334, "20": 38.24938351962447, "10": 37.480360787730724}}, "LaBSE": {"s2s": {"2": 35.04314762864885, "10": 37.323677495876176, "20": 37.667981198372445, "5": 36.583350777226165, "1": 33.597850418265445}, "t2t": {"20": 37.740091549553796, "2": 34.85674770820274, "10": 37.36772429083293, "5": 36.851322481033506, "1": 33.70453265942543}, "s2t": {"1": 33.17763239663977, "5": 36.53369767267559, "10": 37.15463017184754, "2": 35.24883649832376, "20": 37.47134239735889}}, "SONAR": {"s2s": {"10": 37.45706017640145, "2": 35.18471569410818, "1": 33.32200185695299, "5": 36.56621898556604, "20": 38.166221238870094}, "s2t": {"10": 37.52550715081126, "20": 38.05211076727035, "1": 33.652238872633575, "5": 36.694420168613846, "2": 35.46449731208283}, "t2t": {"1": 33.26591327870763, "2": 35.69880367439773, "20": 38.140483699630636, "5": 36.90104727228849, "10": 37.2027891487746}}, "Random": {"s2s": {"1": {"mean": 32.36084085340821, "std": 0.2538254582512717}, "10": {"mean": 35.28805160042606, "std": 0.13800651811631803}, "20": {"mean": 35.17723515112496, "std": 0.31342135943132143}, "2": {"mean": 33.67668453113304, "std": 0.23311393731151162}, "5": {"mean": 34.55155047653415, "std": 0.12515988468413813}, "0": {"mean": 18.464699782384564, "std": 0.0}}}, "E5": {"t2t": {"5": 36.46892305477164, "2": 35.160992249832056, "1": 33.418796514886765, "10": 37.65295615779826, "20": 37.823128407304026}, "s2t": {"5": 36.03628812945169, "2": 34.78757317561482, "10": 36.74488557058327, "1": 33.212831286274024, "20": 37.1891312312578}, "s2s": {"2": 35.26017031165545, "20": 37.97931447926256, "10": 37.38598931292035, "5": 36.870999996747564, "1": 33.325167234629205}}}