{"bm25": {"s2s": {"1": 0.446709733102986, "10": 0.49692233470765496, "20": 0.4930047284767562, "2": 0.47031741720355547, "5": 0.479039575565945}}, "BLEU": {"s2s": {"5": 0.4758893719657136, "20": 0.4853620105699117, "1": 0.4413157128563276, "2": 0.46557950372752466, "10": 0.4817446637972306}}, "BLEU_pos": {"s2s": {"2": 0.45517654378305783, "5": 0.4602302208454477, "10": 0.4610426812303867, "20": 0.4633314392047202, "1": 0.4339061971798009}}, "Rouge": {"s2s": {"5": 0.4686994817210987, "2": 0.45410676522865123, "10": 0.4778505774001359, "1": 0.4309460428569157, "20": 0.4783844791441096}}, "Pos": {"s2s": {"10": 0.4647357305254154, "2": 0.451669864489038, "5": 0.4596218736952708, "1": 0.42567002608370874, "20": 0.4695166457783092}}, "Grakel": {"s2s": {"5": 0.44729590607372666, "1": 0.42083445772999833, "20": 0.45766991898122983, "2": 0.44046361364512576, "10": 0.4511277773693616}}}