{"bm25": {"s2s": {"1": 0.5473665585189234, "2": 0.5780299429454115, "10": 0.6188706555532608, "5": 0.604018537570601, "20": 0.6269940063799088}}, "BLEU": {"s2s": {"5": 0.5958850775134893, "1": 0.5462875703401245, "2": 0.5795875953238001, "20": 0.6126986709773069, "10": 0.6026045751901483}}, "BLEU_pos": {"s2s": {"2": 0.5563345807991009, "20": 0.5899009916033198, "1": 0.5434634087113995, "5": 0.5753142581626832, "10": 0.5787276751674683}}, "Rouge": {"s2s": {"10": 0.5991641144625283, "1": 0.5452740615300039, "20": 0.610861369596404, "5": 0.5870658044257889, "2": 0.5640965363400963}}, "Pos": {"s2s": {"20": 0.5884306009107899, "10": 0.5854578454327206, "2": 0.5607023394920609, "5": 0.5739090330604273, "1": 0.5468911239398798}}, "Grakel": {"s2s": {"2": 0.5590805188115877, "10": 0.579537241399406, "20": 0.5881168133185315, "1": 0.534070272190062, "5": 0.5713623633291646}}}