{"bm25": {"s2s": {"2": 0.8737898914239152, "5": 0.8764626978060944, "1": 0.8704050252501201, "10": 0.8775449056516994, "20": 0.8794511991291649}}, "BLEU": {"s2s": {"10": 0.8768278366845587, "1": 0.8719782504757403, "20": 0.8774366745128933, "5": 0.8750073844382885, "2": 0.8749322464225792}}, "BLEU_pos": {"s2s": {"20": 0.877883285460736, "5": 0.8764990574050798, "2": 0.8746495318742609, "1": 0.8726412544372996, "10": 0.8775334526074262}}, "Rouge": {"s2s": {"5": 0.8751803168901813, "20": 0.8777078211660913, "2": 0.8684439034212248, "10": 0.8776365824249893, "1": 0.8726195399410168}}, "Pos": {"s2s": {"2": 0.8751283776854338, "20": 0.8786995735446455, "10": 0.8779422108363728, "5": 0.8770376847902306, "1": 0.8704189640937351}}, "Grakel": {"s2s": {"20": 0.8782169409537975, "10": 0.8763478002234881, "2": 0.8754040004589813, "1": 0.873279913199749, "5": 0.8749608721422113}}}