{"bm25": {"s2s": {"5": 0.8804906620809683, "20": 0.882865895160102, "1": 0.8784971211856533, "10": 0.881810532610407, "2": 0.8792962498462247}}, "BLEU": {"s2s": {"2": 0.879506435672285, "1": 0.8755646929763287, "10": 0.8818205266366363, "5": 0.8802174239643948, "20": 0.8828608782984051}}, "BLEU_pos": {"s2s": {"5": 0.8796890754944722, "1": 0.8789254200788355, "20": 0.8833681571742763, "10": 0.8824597711384061, "2": 0.8804515666464572}}, "Rouge": {"s2s": {"1": 0.8763031695376743, "10": 0.881403823556165, "2": 0.8796429215919359, "5": 0.8804165905878949, "20": 0.8825709426355928}}, "Pos": {"s2s": {"1": 0.8749003013956688, "10": 0.8824363610018855, "5": 0.88135303144634, "20": 0.8837094513088347, "2": 0.8802800844662746}}, "Grakel": {"s2s": {"10": 0.8833250027046844, "20": 0.8837990054028778, "1": 0.8734567957845601, "5": 0.88193718735644, "2": 0.881144709148897}}}