{"bm25": {"s2s": {"2": 0.7578560494681592, "5": 0.7582735297943763, "1": 0.752490550426862, "10": 0.7591333391343652, "20": 0.7461577986363366}}, "BLEU": {"s2s": {"10": 0.7583553275100798, "1": 0.756272511696627, "20": 0.7384273888535886, "5": 0.7555901246520842, "2": 0.7561565813987623}}, "BLEU_pos": {"s2s": {"20": 0.6988727759584608, "5": 0.7592841767569776, "2": 0.7572031332687899, "1": 0.7498111721908622, "10": 0.7572763648487834}}, "Rouge": {"s2s": {"5": 0.7558223196110235, "20": 0.7569926406584474, "2": 0.7555295969893339, "10": 0.7595477539147784, "1": 0.7539715759250015}}, "Pos": {"s2s": {"2": 0.7542402412992693, "20": 0.46405233875682705, "10": 0.756107425530673, "5": 0.7571537056753758, "1": 0.7505835634858712}}, "Grakel": {"s2s": {"20": 0.2979910787592528, "10": 0.7561049661911995, "2": 0.7519574392690018, "1": 0.7515632473963051, "5": 0.750230701220601}}}