{"bm25": {"s2s": {"1": 0.42491656272366585, "2": 0.4109491100866097, "10": 0.430343014950102, "5": 0.4214005018529213, "20": 0.4300938532227584}}, "BLEU": {"s2s": {"5": 0.41434502589843963, "1": 0.4137352423322766, "2": 0.4025044054558626, "20": 0.419918479493602, "10": 0.4204343140949845}}, "BLEU_pos": {"s2s": {"2": 0.388469418017525, "20": 0.392162419237167, "1": 0.3928256500733229, "5": 0.38578885708284, "10": 0.39371829390113533}}, "Rouge": {"s2s": {"10": 0.41435357423226826, "1": 0.4057561992391532, "20": 0.4225895581951019, "5": 0.40940755152184033, "2": 0.3986299889743799}}, "Pos": {"s2s": {"20": 0.37535659656694287, "10": 0.39503959467700817, "2": 0.3860963521002545, "5": 0.39196711487096286, "1": 0.3928325596328074}}, "Grakel": {"s2s": {"2": 0.37398477144568804, "10": 0.38050968641702365, "20": 0.36603920450323657, "1": 0.376035593435345, "5": 0.37449336125563254}}}