{"bm25": {"s2s": {"5": 0.8136195134916324, "20": 0.8066867148216534, "1": 0.8086895046556891, "10": 0.8108078356493603, "2": 0.8089870988674785}}, "BLEU": {"s2s": {"2": 0.8107733900544671, "1": 0.8098111597622336, "10": 0.8110007064733581, "5": 0.8117696001477863, "20": 0.7959463654505641}}, "BLEU_pos": {"s2s": {"5": 0.8082902934181361, "1": 0.8099126775156368, "20": 0.755208937973962, "10": 0.8082723293909914, "2": 0.8114638562082302}}, "Rouge": {"s2s": {"1": 0.8073933727067449, "10": 0.8105449164691179, "2": 0.8113849980852349, "5": 0.8114583814450403, "20": 0.8096357466203893}}, "Pos": {"s2s": {"1": 0.8085735918799408, "10": 0.8089180519222742, "5": 0.8106023524354098, "20": 0.5224122398426174, "2": 0.8091551570494184}}, "Grakel": {"s2s": {"10": 0.8108343147477614, "20": 0.31620106854928814, "1": 0.8086494379952962, "5": 0.8112745733246973, "2": 0.8128006110785035}}}