{"bm25": {"s2s": {"1": 0.43872439721415163, "10": 0.4509468555686031, "20": 0.43007770700475917, "2": 0.41777239619154233, "5": 0.43718730138519063}}, "BLEU": {"s2s": {"5": 0.4328062434058651, "20": 0.42731502759656886, "1": 0.4296689542091411, "2": 0.4116706993033292, "10": 0.44568271534480597}}, "BLEU_pos": {"s2s": {"2": 0.39354587768907606, "5": 0.4064227705416472, "10": 0.4131315720116668, "20": 0.3977240054415384, "1": 0.42699514550300455}}, "Rouge": {"s2s": {"5": 0.4190032117863889, "2": 0.4056849593348183, "10": 0.43466707644431957, "1": 0.42895313350873976, "20": 0.4396222012758019}}, "Pos": {"s2s": {"10": 0.4249030232223362, "2": 0.4007044759516424, "5": 0.4150987449194132, "1": 0.4282105631772944, "20": 0.35300943530772044}}, "Grakel": {"s2s": {"5": 0.39890630956989503, "1": 0.43104441054607096, "20": 0.3255483335833776, "2": 0.395796547382481, "10": 0.4040116473384526}}}