{"Laser2": {"s2t": {"10": 30.467953056170977, "1": 27.141831140564697, "5": 29.420021887395826, "20": 31.64532155147542, "2": 27.77666500251723}, "t2t": {"5": 29.901000642999954, "10": 30.664832514517155, "1": 27.73258843013612, "2": 28.267085180727808, "20": 31.802097651044775}, "s2s": {"1": 27.113041034802183, "2": 27.97326530277811, "5": 30.136063197362677, "10": 31.226757107797415, "20": 32.50017068406134}}, "Cohere": {"s2t": {"20": 33.26637954248326, "1": 27.612367384505067, "10": 31.820673167109593, "5": 30.183070417757797, "2": 28.64229650374288}, "t2t": {"2": 28.58181967853132, "5": 29.98720731218252, "1": 27.33104256818148, "10": 31.702590214244054, "20": 33.223044691777226}, "s2s": {"1": 27.833290131231823, "2": 28.747587967867023, "5": 30.71554193143723, "20": 33.76100352815129, "10": 32.21311443712504}}, "LaBSE": {"s2s": {"2": 28.671749635564623, "10": 31.8277620348214, "20": 33.454174931177135, "5": 30.429511295730034, "1": 27.590773495184678}, "t2t": {"20": 32.95436554464007, "2": 28.119555724494997, "10": 31.28245334354186, "5": 30.452975551728688, "1": 27.70041324762531}, "s2t": {"1": 27.831798960235382, "5": 30.10861917662606, "10": 31.69035051391722, "2": 28.602491515754007, "20": 33.73805231419}}, "SONAR": {"s2s": {"10": 31.844895875296373, "2": 28.8475942340627, "1": 27.7344987933659, "5": 30.352116336446382, "20": 33.31361363726383}, "s2t": {"10": 31.9148728860291, "20": 33.53602889623959, "1": 27.667703932139066, "5": 30.584698739601713, "2": 28.86579897564907}, "t2t": {"1": 27.384721857142004, "2": 28.701129599385084, "20": 33.20464377451997, "5": 30.299163930705436, "10": 32.11242303772232}}, "Random": {"s2s": {"1": {"mean": 26.065739653806613, "std": 0.1892104662497345}, "10": {"mean": 28.260075993250933, "std": 0.11328850757697195}, "20": {"mean": 29.084006670078395, "std": 0.15241789793261645}, "2": {"mean": 26.54765505867489, "std": 0.2836936585475142}, "5": {"mean": 27.296852699711945, "std": 0.04834452024474417}, "0": {"mean": 20.561586975305566, "std": 0.056755504019235015}}}, "E5": {"t2t": {"5": 30.201963041541518, "2": 28.95449509539133, "1": 27.930574498056032, "10": 31.90793333171542, "20": 33.4108144313145}, "s2t": {"5": 29.921381706925697, "2": 28.119215442184135, "10": 31.593979769180162, "1": 27.04868481730226, "20": 32.68365755259519}, "s2s": {"2": 28.372408518630532, "20": 32.92191806499417, "10": 31.574811413562102, "5": 30.19391261570396, "1": 27.77099090133874}}}