{"Laser2": {"s2s": {"10": 16.330363891051878, "2": 14.16191944299233, "1": 12.729409406777616, "5": 15.567322831206301, "20": 16.685598550210866}, "t2t": {"20": 16.186883239689113, "5": 14.189032419285358, "1": 11.593776804790853, "10": 15.349104033406515, "2": 13.052988094693136}, "s2t": {"2": 13.191655226232344, "20": 16.105589930258084, "1": 11.761968082649602, "10": 15.275476397916258, "5": 14.56896314605485}}, "Cohere": {"t2t": {"2": 13.648099108710838, "20": 16.37920537163098, "1": 12.37667306865237, "10": 15.77603567054521, "5": 14.945018185239903}, "s2s": {"20": 16.866692536270396, "10": 15.83912285244789, "1": 12.50406543981835, "2": 14.077695043280034, "5": 15.031954119823357}, "s2t": {"5": 14.832315563678952, "10": 16.08651065160948, "20": 16.99949103980383, "2": 13.500437838964025, "1": 12.686458795769514}}, "LaBSE": {"s2t": {"10": 15.79282611960343, "5": 14.748856681923723, "20": 16.378104828128336, "1": 12.096475633456013, "2": 13.95145039645644}, "s2s": {"5": 15.384523132175604, "10": 16.438671517316276, "20": 17.20006748476239, "2": 14.347531206904751, "1": 12.955324195372592}, "t2t": {"20": 16.087320150348596, "1": 11.998216365257212, "5": 14.342111616181333, "2": 13.256170693953283, "10": 15.404432034692078}}, "SONAR": {"s2s": {"10": 15.860923764288035, "5": 14.974110435080402, "2": 14.033549553816544, "20": 16.694793651341293, "1": 12.74321057869662}, "s2t": {"10": 16.401602020738668, "5": 15.919047486587907, "20": 17.32383225661918, "2": 14.242956278919591, "1": 13.069660670213995}, "t2t": {"10": 15.904519424587422, "2": 13.889462576776774, "1": 12.82199216814286, "20": 16.987550524957303, "5": 15.217692274232434}}, "Random": {"s2s": {"10": {"mean": 12.904447668727379, "std": 0.04007792010028668}, "1": {"mean": 9.921197111659003, "std": 0.13634720556812047}, "0": {"mean": 8.81487405713382, "std": 0.0036377590766613842}, "20": {"mean": 13.682817625568946, "std": 0.09094827392608315}, "2": {"mean": 11.344092528594482, "std": 0.2051362863551414}, "5": {"mean": 11.879205147363677, "std": 0.11778650784176}}}, "E5": {"s2t": {"10": 15.251624818588889, "1": 11.779880783349297, "2": 13.167342790724229, "20": 16.470460406285024, "5": 14.547294925387874}, "t2t": {"20": 16.946637776604145, "10": 16.465433385396413, "1": 12.531306762129779, "2": 14.135719751921757, "5": 15.366069907872493}, "s2s": {"5": 15.024074039373941, "2": 13.89518544600408, "1": 12.821017814509275, "10": 15.700430878881466, "20": 16.794242630863828}}}