{"Laser2": {"t2t": {"10": 62.580469749243164, "2": 62.27825001270511, "1": 61.644884721115666, "5": 62.71186946200267, "20": 62.66584417316575}, "s2t": {"5": 62.52836341096467, "2": 61.88218944024718, "1": 61.8438733700989, "10": 62.40794142078819, "20": 62.251721203972465}, "s2s": {"1": 61.90544799188675, "10": 62.303866967845565, "2": 62.323535691508646, "20": 62.51439640467027, "5": 62.547376677716}}, "Cohere": {"s2s": {"5": 62.26225675618814, "20": 62.54362404039554, "1": 61.69649000163447, "2": 62.354564590501724, "10": 62.67265511225128}, "s2t": {"5": 62.65157981177437, "20": 62.785556842903766, "10": 62.6792403581777, "2": 62.115158714178484, "1": 61.786771874558625}, "t2t": {"5": 62.43691204628071, "10": 62.629993775423465, "2": 62.09936684726567, "1": 61.7888596928112, "20": 62.731473314772636}}, "LaBSE": {"t2t": {"5": 62.5829997176166, "10": 62.7773403146484, "1": 61.631909766401286, "2": 62.15414401442866, "20": 62.99502950315363}, "s2t": {"2": 62.31991884423857, "5": 62.54259597448145, "1": 61.7189725834306, "20": 62.542448286498676, "10": 62.44099278656991}, "s2s": {"10": 62.452646192340644, "2": 61.9672554671719, "5": 62.573868530532216, "1": 61.69128259952827, "20": 62.45343655997382}}, "SONAR": {"t2t": {"10": 62.56696211641657, "5": 62.62176740052211, "20": 62.92185701602121, "1": 61.89446046665117, "2": 62.36029513106336}, "s2t": {"10": 62.43500415524109, "1": 61.72778672866891, "2": 61.78731046074204, "20": 62.58309499621241, "5": 62.41000048790326}, "s2s": {"20": 62.75291730683149, "10": 62.66136768203485, "2": 62.03811013429724, "1": 61.30430228999904, "5": 62.41273970257558}}, "Random": {"s2s": {"20": {"mean": 62.51301074341976, "std": 0.07680837236830403}, "0": {"mean": 54.18045052220651, "std": 0.0}, "10": {"mean": 62.37778322453854, "std": 0.10486462509104871}, "2": {"mean": 61.85518172659994, "std": 0.15976812576479266}, "5": {"mean": 62.120415516573225, "std": 0.19057205811182434}, "1": {"mean": 61.39281607125327, "std": 0.182576711295677}}}, "E5": {"t2t": {"1": 61.946038160020244, "5": 62.61716383458323, "10": 62.65026523178536, "2": 61.981049691868115, "20": 62.513168948555844}, "s2s": {"2": 61.99551482758196, "5": 62.703491948659895, "1": 61.625436438488045, "20": 62.59346525416536, "10": 62.8789331500025}, "s2t": {"1": 61.440422982588785, "5": 62.09117080921638, "10": 62.382276515987456, "2": 61.74580138914796, "20": 62.55659593910019}}}