{"Laser2": {"t2t": {"2": 69.0384790902267, "20": 69.42226464973955, "10": 69.12381030219525, "5": 69.38357220476675, "1": 68.610997100345}, "s2t": {"1": 68.66325429408344, "10": 69.19764967024312, "5": 69.093471354928, "20": 69.26377648294603, "2": 68.85463531535633}, "s2s": {"2": 68.96869026588372, "10": 69.18969371210949, "5": 69.16736226969613, "20": 69.35875846090194, "1": 68.77965851750683}}, "Cohere": {"s2s": {"2": 69.03217755955062, "10": 69.14954635392873, "20": 69.33678389222342, "1": 68.77053649593866, "5": 69.05815362087075}, "t2t": {"20": 69.4318628500256, "2": 69.15725022784758, "5": 69.36306565566535, "1": 68.8509324721807, "10": 69.43699960119389}, "s2t": {"2": 69.12689531258702, "20": 69.30779375619667, "1": 68.78352185137948, "10": 69.10296177431553, "5": 69.10184811354935}}, "LaBSE": {"t2t": {"20": 69.5092047413842, "1": 68.6729411684474, "2": 69.03522973718198, "10": 69.58445266082077, "5": 69.02273850898487}, "s2t": {"2": 68.76007104559835, "1": 68.86538359228007, "20": 69.47816446122427, "5": 68.91455587227337, "10": 69.22779831037565}, "s2s": {"1": 68.86587214317214, "5": 69.11582655982957, "10": 69.18234057647535, "20": 69.23863509763159, "2": 68.93965367502084}}, "SONAR": {"s2s": {"10": 69.26874585193055, "1": 68.8713652626144, "2": 68.84592346613861, "5": 69.13499627544704, "20": 69.29825961905348}, "s2t": {"1": 68.78141445863078, "10": 69.18733703829957, "5": 69.29249009005696, "2": 68.71838716346353, "20": 69.17329809492395}, "t2t": {"10": 69.52289976635943, "20": 69.58448931076899, "2": 68.93584300167964, "5": 69.56650914229287, "1": 69.0178007735209}}, "Random": {"s2s": {"2": {"mean": 69.01212764456345, "std": 0.12062104170784937}, "1": {"mean": 68.59782082086811, "std": 0.07017562818710753}, "0": {"mean": 58.27654329904073, "std": 0.005092746323977755}, "5": {"mean": 68.91694020235104, "std": 0.1541737753583778}, "20": {"mean": 69.14658926422561, "std": 0.09119525343566195}, "10": {"mean": 69.08928153528528, "std": 0.042379185241032645}}}, "E5": {"t2t": {"10": 69.18856575669416, "20": 69.60283714918452, "1": 68.94410221318724, "2": 69.14587985243018, "5": 69.12192250736273}, "s2t": {"1": 68.74533922734112, "10": 69.04378763740232, "20": 69.26586054537107, "5": 69.24268316421725, "2": 68.87479093715662}, "s2s": {"2": 68.79731349073825, "10": 69.35199144838197, "5": 69.19957211975516, "1": 68.4394994893911, "20": 69.23140877069801}}}