{"BLEU": {"t2t": {"10": 46.45516426409735, "5": 45.91300693066154, "1": 44.841246509243085}, "s2t": {"1": 44.814922506311895, "10": 46.45516426409735, "5": 45.91300693066154}, "s2s": {"1": 44.814922506311895, "10": 46.45516426409735, "5": 45.91300693066154}}, "BLEU_pos": {"s2t": {"5": 45.68223701477518, "10": 46.09700708847991, "1": 44.4370394871974}, "t2t": {"10": 46.09700708847991, "5": 45.68223701477518, "1": 44.4370394871974}, "s2s": {"5": 45.68223701477518, "1": 44.4370394871974, "10": 46.09700708847991}}, "bm25": {"s2s": {"5": 45.88981228307633, "1": 45.00993915154145, "10": 46.02982424683787}, "t2t": {"10": 46.02982424683787, "5": 46.00481085713203, "1": 45.00993915154145}, "s2t": {"10": 46.04139230047001, "1": 45.00993915154145, "5": 45.88981228307633}}, "Grakel": {"s2s": {"10": 46.10002999349906, "1": 45.24479333267146, "5": 45.7193107506046}, "s2t": {"5": 45.7193107506046, "1": 45.24479333267146, "10": 46.10002999349906}, "t2t": {"10": 46.15876257801221, "5": 45.7193107506046, "1": 45.24479333267146}}, "Pos": {"s2s": {"1": 44.570097624887396, "10": 45.55382909192706, "5": 45.63238276660885}, "s2t": {"5": 45.63238276660885, "10": 45.55382909192706, "1": 44.570097624887396}, "t2t": {"10": 45.55382909192706, "5": 45.63238276660885, "1": 44.570097624887396}}, "Rouge": {"s2s": {"1": 44.4499738784472, "10": 46.15102194688083, "5": 45.08297683780769}, "t2t": {"1": 44.4499738784472, "5": 45.113548982330485, "10": 46.15102194688083}, "s2t": {"10": 46.15102194688083, "5": 45.113548982330485, "1": 44.4499738784472}}}