{"BLEU": {"s2s": {"10": 35.68855791183533, "1": 34.62614992969102, "5": 35.63510690031253}, "t2t": {"5": 35.63510690031253, "1": 34.62614992969102, "10": 35.79039705372233}, "s2t": {"10": 35.68855791183533, "5": 35.63510690031253, "1": 34.62614992969102}}, "BLEU_pos": {"t2t": {"5": 35.153555863295736, "10": 35.76739734075343, "1": 34.198062941694985}, "s2s": {"5": 35.153555863295736, "1": 34.198062941694985, "10": 35.76739734075343}, "s2t": {"10": 35.76739734075343, "5": 35.153555863295736, "1": 34.198062941694985}}, "bm25": {"s2t": {"10": 36.07889715349509, "5": 35.88259190224396, "1": 34.40016637650668}, "s2s": {"5": 35.88259190224396, "1": 34.40016637650668, "10": 36.07889715349509}, "t2t": {"10": 36.07889715349509, "1": 34.40016637650668, "5": 35.88259190224396}}, "Grakel": {"s2t": {"5": 35.34947377081384, "10": 35.5031455304556, "1": 34.63630668337049}, "t2t": {"5": 35.338966448495434, "10": 35.536421757885456, "1": 34.63630668337049}, "s2s": {"10": 35.5031455304556, "1": 34.63630668337049, "5": 35.338966448495434}}, "Pos": {"t2t": {"10": 35.7830821090944, "1": 34.61554490422609, "5": 35.681982445016324}, "s2s": {"10": 35.7830821090944, "5": 35.681982445016324, "1": 34.61554490422609}, "s2t": {"1": 34.61554490422609, "5": 35.674181612971935, "10": 35.7830821090944}}, "Rouge": {"s2s": {"5": 35.68908978195436, "10": 35.78346589023021, "1": 34.36102228403154}, "s2t": {"1": 34.414119471726146, "5": 35.68908978195436, "10": 35.82231743915573}, "t2t": {"1": 34.414119471726146, "5": 35.68908978195436, "10": 35.78346589023021}}}