{"BLEU": {"s2t": {"10": 4.281842436858802, "5": 3.908237000130023, "1": 2.971536125258538}, "s2s": {"5": 3.908237000130023, "1": 2.971536125258538, "10": 4.281842436858802}, "t2t": {"1": 2.971536125258538, "5": 3.908237000130023, "10": 4.281842436858802}}, "BLEU_pos": {"s2t": {"10": 3.260475476365231, "5": 3.0073204474846014, "1": 2.6909760093577813}, "s2s": {"1": 2.6909760093577813, "5": 3.0073204474846014, "10": 3.260475476365231}, "t2t": {"1": 2.6909760093577813, "5": 3.0073204474846014, "10": 3.260475476365231}}, "bm25": {"s2s": {"1": 3.082840821269945, "10": 4.695948034771353, "5": 4.020901223625887}, "t2t": {"10": 4.695948034771353, "5": 4.020901223625887, "1": 3.082840821269945}, "s2t": {"5": 4.020901223625887, "1": 3.082840821269945, "10": 4.695948034771353}}, "Grakel": {"t2t": {"10": 2.82918139325405, "5": 2.697225078398519, "1": 2.005758856486921}, "s2t": {"1": 1.9877892248370048, "10": 2.82918139325405, "5": 2.697225078398519}, "s2s": {"10": 2.82918139325405, "1": 1.9877892248370048, "5": 2.697225078398519}}, "Pos": {"s2t": {"5": 2.9476365091273236, "1": 2.447153072723785, "10": 3.2447060301164785}, "s2s": {"10": 3.2447060301164785, "5": 2.9476365091273236, "1": 2.447153072723785}, "t2t": {"1": 2.4454612430840403, "5": 2.9476365091273236, "10": 3.22647498293181}}, "Rouge": {"t2t": {"5": 3.470961254401296, "1": 2.589053262332883, "10": 3.6438078469025124}, "s2s": {"10": 3.6438078469025124, "1": 2.589053262332883, "5": 3.470961254401296}, "s2t": {"5": 3.470961254401296, "10": 3.6438078469025124, "1": 2.589053262332883}}}