{"BLEU": {"s2t": {"10": 3.1155121441037164, "1": 1.6940234079393621, "5": 2.7086541533306647}, "t2t": {"10": 3.1155121441037164, "1": 1.6940234079393621, "5": 2.7348250594133017}, "s2s": {"5": 2.7348250594133017, "1": 1.6940234079393621, "10": 3.097231150938796}}, "BLEU_pos": {"s2t": {"1": 1.6959176829726959, "5": 2.8750921963908067, "10": 2.889126512555368}, "t2t": {"10": 2.889126512555368, "5": 2.8750921963908067, "1": 1.6959176829726959}, "s2s": {"5": 2.8750921963908067, "10": 2.889126512555368, "1": 1.6959176829726959}}, "bm25": {"s2t": {"10": 3.041494770274976, "1": 1.7813113954750073, "5": 2.9870405604105907}, "s2s": {"1": 1.7813113954750073, "10": 3.041494770274976, "5": 2.9870405604105907}, "t2t": {"5": 2.9870405604105907, "1": 1.7813113954750073, "10": 3.037571044054385}}, "Grakel": {"t2t": {"1": 1.2811747243890865, "5": 2.2789423706885694, "10": 2.376112716726769}, "s2t": {"10": 2.376112716726769, "1": 1.2811747243890865, "5": 2.2789423706885694}, "s2s": {"5": 2.2789423706885694, "1": 1.2811747243890865, "10": 2.376112716726769}}, "Pos": {"s2t": {"10": 3.0654506303538507, "1": 1.888142547696655, "5": 2.8171793181800124}, "s2s": {"10": 3.0654506303538507, "5": 2.8171793181800124, "1": 1.888142547696655}, "t2t": {"1": 1.888142547696655, "5": 2.8171793181800124, "10": 3.0654506303538507}}, "Rouge": {"s2s": {"5": 2.7471062382078046, "10": 3.1199340264347497, "1": 1.1914571471041953}, "s2t": {"10": 3.1199340264347497, "5": 2.7471062382078046, "1": 1.1914571471041953}, "t2t": {"10": 3.101517132382881, "1": 1.1914571471041953, "5": 2.751664564576206}}}