{"bm25": {"s2s": {"1": 0.4013112400890339, "2": 0.3974175984150336, "10": 0.4317974581460472, "5": 0.41050347532679443, "20": 0.44991908789328905}}, "BLEU": {"s2s": {"5": 0.3986594216537334, "1": 0.39785303917562537, "2": 0.3917623618139109, "20": 0.4266445881764408, "10": 0.410535391390677}}, "BLEU_pos": {"s2s": {"2": 0.3701654067447063, "20": 0.3977435013286681, "1": 0.37692600117606134, "5": 0.37390046513716696, "10": 0.38639894903825206}}, "Rouge": {"s2s": {"10": 0.4061865045619105, "1": 0.3939632264668998, "20": 0.4227941021352653, "5": 0.390371779090331, "2": 0.38436041691381}}, "Pos": {"s2s": {"20": 0.3933733181490493, "10": 0.38497074191337044, "2": 0.3712960472514507, "5": 0.37128316933517397, "1": 0.38522747530060797}}, "Grakel": {"s2s": {"2": 0.36752538221037906, "10": 0.36866956536948914, "20": 0.3788073848594319, "1": 0.375291100456545, "5": 0.3661746700172839}}}