{"bm25": {"s2s": {"5": 0.8676568115417194, "20": 0.870257101334602, "1": 0.8660745586566774, "10": 0.8686634435837448, "2": 0.8671860177761952}}, "BLEU": {"s2s": {"2": 0.8663270724974131, "1": 0.865693419995044, "10": 0.8690999516031959, "5": 0.8685820847160731, "20": 0.8699735267006833}}, "BLEU_pos": {"s2s": {"5": 0.8677289387571953, "1": 0.8644117342212455, "20": 0.8690763146215277, "10": 0.8683675159460942, "2": 0.8664863853468725}}, "Rouge": {"s2s": {"1": 0.8631737044029556, "10": 0.8671165499173605, "2": 0.8646848614036802, "5": 0.8672389989431668, "20": 0.869595816425184}}, "Pos": {"s2s": {"1": 0.8647980683523676, "10": 0.8689343331477387, "5": 0.8677894100841326, "20": 0.8691960586742922, "2": 0.8674008774133067}}, "Grakel": {"s2s": {"10": 0.8701578204339672, "20": 0.8713037952368439, "1": 0.8677509588156294, "5": 0.8690223370498348, "2": 0.868155976057995}}}