{"bm25": {"s2s": {"1": 0.43554950240454654, "10": 0.4757884829765252, "20": 0.4846726304634286, "2": 0.4398561572368908, "5": 0.4580997019093263}}, "BLEU": {"s2s": {"5": 0.4475104761983566, "20": 0.4803397077846197, "1": 0.4284952123439595, "2": 0.4323564906542009, "10": 0.4666093998688012}}, "BLEU_pos": {"s2s": {"2": 0.40733346039716434, "5": 0.42853919615446345, "10": 0.44611650119303714, "20": 0.45518547710281587, "1": 0.42070095291132986}}, "Rouge": {"s2s": {"5": 0.4467452647157102, "2": 0.4229990837749521, "10": 0.4598144532251264, "1": 0.42155295539750415, "20": 0.46921098503199493}}, "Pos": {"s2s": {"10": 0.4561148463295618, "2": 0.42085758265358186, "5": 0.43678575225557265, "1": 0.4188140946414631, "20": 0.4664439645709963}}, "Grakel": {"s2s": {"5": 0.4118555048591063, "1": 0.4073868669834533, "20": 0.4336073122506321, "2": 0.4019238938956628, "10": 0.4232724667066642}}}