{"bm25": {"s2s": {"2": 0.8526670710724804, "5": 0.8571615535397774, "1": 0.8480669303609448, "10": 0.8591640865790985, "20": 0.8604661961612494}}, "BLEU": {"s2s": {"10": 0.858703486591931, "1": 0.8486880271920102, "20": 0.8597109915887414, "5": 0.8569021770075376, "2": 0.851828692017101}}, "BLEU_pos": {"s2s": {"20": 0.8582445137173291, "5": 0.8563459802404223, "2": 0.8534639792244425, "1": 0.8502872166014, "10": 0.8580412561361026}}, "Rouge": {"s2s": {"5": 0.8558518778194081, "20": 0.8589337934618411, "2": 0.8549921478737484, "10": 0.8564666789982158, "1": 0.8484459267892385}}, "Pos": {"s2s": {"2": 0.8530742493955042, "20": 0.8596819382116728, "10": 0.8585707872163637, "5": 0.8568656062007892, "1": 0.8469627021624165}}, "Grakel": {"s2s": {"20": 0.8573264715228628, "10": 0.8580043120052032, "2": 0.8522840726516935, "1": 0.8475248692888516, "5": 0.8549756144169762}}}