{"bm25": {"s2s": {"1": 3.383678181092539, "2": 3.508064687547895, "10": 4.32088116893191, "5": 4.030735169664147, "20": 3.8097248808183886}}, "Rouge": {"s2s": {"10": 3.7121138859085896, "1": 2.8927567612716723, "20": 3.8679464756102306, "5": 3.4096834836868877, "2": 3.0044048487290542}}, "Pos": {"s2s": {"20": 0.0025582243583547977, "10": 3.020356928270464, "2": 2.8364987613258474, "5": 2.9193785500574227, "1": 2.5791676362287235}}, "Grakel": {"s2s": {"2": 2.4926807530220003, "10": 2.6728194390090407, "20": 0.0, "1": 2.361663151985658, "5": 2.491653568723251}}, "BLEU_pos": {"s2s": {"2": 2.80733017096984, "20": 2.112339588515182, "1": 2.5301066361862037, "5": 2.7078107179097652, "10": 2.9224113403697527}}, "BLEU": {"s2s": {"5": 3.828810202924509, "1": 3.2369105553746107, "2": 3.23869291449618, "20": 3.6097986152297694, "10": 4.283485394017976}}}