{"bm25": {"s2s": {"1": 2.2545015381348046, "10": 2.4618959025852543, "20": 2.510450977274155, "2": 2.0536632906156727, "5": 2.205974915795897}}, "Rouge": {"s2s": {"5": 1.785573732976768, "2": 1.8265821883312445, "10": 2.0615460177176654, "1": 1.7502013931912102, "20": 2.293675561196359}}, "Pos": {"s2s": {"10": 2.1193950962778136, "2": 1.9945478279183242, "5": 2.008265812114154, "1": 1.8181705154490722, "20": 0.05936748352806147}}, "Grakel": {"s2s": {"5": 1.7950869020515619, "1": 1.7833741921444801, "20": 0.0, "2": 1.7595350325726862, "10": 1.9337576907782883}}, "BLEU_pos": {"s2s": {"2": 1.9640919534077066, "5": 1.8699204254258828, "10": 2.021904093535683, "20": 1.6965004023103316, "1": 1.9730297112635466}}, "BLEU": {"s2s": {"5": 2.1665967833321793, "20": 2.1092420185560496, "1": 1.8791794226363163, "2": 2.0166494400462014, "10": 2.3271330623626088}}}