{"bm25": {"s2s": {"2": 23.296801873124316, "5": 23.411340676419854, "1": 23.017607449844842, "10": 23.485512144253864, "20": 22.88166812965352}}, "Rouge": {"s2s": {"5": 22.940363338243365, "20": 23.076609379716107, "2": 22.9513321273578, "10": 23.39068988840011, "1": 23.14912475854642}}, "Pos": {"s2s": {"2": 23.030004689506207, "20": 1.0806510569190768, "10": 23.605538517929602, "5": 23.5388371913134, "1": 23.253704610172406}}, "Grakel": {"s2s": {"20": 0.0, "10": 23.696921197618224, "2": 23.161676323488276, "1": 23.079089328380352, "5": 22.99303789695731}}, "BLEU_pos": {"s2s": {"20": 17.590479868738065, "5": 23.218860741470998, "2": 23.267731779896643, "1": 22.937567402102335, "10": 23.501523627572013}}, "BLEU": {"s2s": {"10": 23.56387432272092, "1": 23.014716715390083, "20": 21.551327254853714, "5": 23.68974229944275, "2": 23.352450001290574}}}