{"bm25": {"s2s": {"5": 35.97198978147264, "20": 35.89436615045601, "1": 35.08836472122551, "10": 36.0932838986066, "2": 35.63853073372471}}, "Rouge": {"s2s": {"1": 34.79168013322224, "10": 35.72728171601305, "2": 35.27788390102938, "5": 35.335643879707945, "20": 35.679793341449994}}, "Pos": {"s2s": {"1": 34.94959306552394, "10": 35.25662074818509, "5": 35.3594454339545, "20": 3.424717349277264, "2": 35.34597808150577}}, "Grakel": {"s2s": {"10": 35.75538159616878, "20": 0.0, "1": 35.09546755331887, "5": 35.68704433679852, "2": 35.7119661714098}}, "BLEU_pos": {"s2s": {"5": 35.2186717258345, "1": 34.726971462242766, "20": 28.513175469792714, "10": 35.35188402580936, "2": 34.99189656732389}}, "BLEU": {"s2s": {"2": 35.402834811094145, "1": 35.49452464868177, "10": 36.06563505332738, "5": 35.958855907056474, "20": 34.19895355658087}}}