{"bm25": {"s2s": {"2": 0.8731430869093054, "5": 0.8758306303632118, "1": 0.868962961988958, "10": 0.8770035061204857, "20": 0.8794512104964539}}, "BLEU": {"s2s": {"10": 0.8762864210153286, "1": 0.8719782610773569, "20": 0.8761481913064308, "5": 0.8738339073337585, "2": 0.8743908506019313}}, "BLEU_pos": {"s2s": {"20": 0.8778833083131097, "5": 0.8764990625291945, "2": 0.8740078857529304, "1": 0.8720193602468657, "10": 0.8775334709246639}}, "Rouge": {"s2s": {"5": 0.8746389122348529, "20": 0.8771664254632392, "2": 0.8670692897066768, "10": 0.876463101374302, "1": 0.871799414336917}}, "Pos": {"s2s": {"2": 0.8739549038791845, "20": 0.8786995838517728, "10": 0.8774008136021761, "5": 0.877037706405749, "1": 0.8698320811091675}}, "Grakel": {"s2s": {"20": 0.8770030567297351, "10": 0.8751834304671985, "2": 0.874226277406979, "1": 0.8727385107825396, "5": 0.873841415810962}}}