{"bm25": {"s2s": {"1": 0.37932357811939577, "10": 0.48660697575967776, "20": 0.48346312276341696, "2": 0.44218885259548196, "5": 0.45838882470790576}}, "BLEU": {"s2s": {"5": 0.45796145439854724, "20": 0.47340370735278714, "1": 0.38701710065186257, "2": 0.43766909095609613, "10": 0.46472174063207133}}, "BLEU_pos": {"s2s": {"2": 0.4196074478210432, "5": 0.4374507265717616, "10": 0.44269040932238335, "20": 0.4515518055043437, "1": 0.3785330364738293}}, "Rouge": {"s2s": {"5": 0.4491771691048098, "2": 0.41855696328131575, "10": 0.4613298025615366, "1": 0.3725600721748921, "20": 0.4661257952569502}}, "Pos": {"s2s": {"10": 0.4475029459142167, "2": 0.41134242062629917, "5": 0.436904637400694, "1": 0.3610394548021051, "20": 0.4538826440928482}}, "Grakel": {"s2s": {"5": 0.41539297485540033, "1": 0.3435307820382797, "20": 0.4350410474854496, "2": 0.39801311336840567, "10": 0.42704055205046426}}}