{"bm25": {"s2s": {"5": 0.8792897823299815, "20": 0.8822552789694706, "1": 0.8772962525074661, "10": 0.881199924370988, "2": 0.878685645140678}}, "BLEU": {"s2s": {"2": 0.8788958405670912, "1": 0.872235557660755, "10": 0.8812099338284595, "5": 0.8796068133690612, "20": 0.8822502681742543}}, "BLEU_pos": {"s2s": {"5": 0.8789063745100979, "1": 0.8776765074065551, "20": 0.882757569549112, "10": 0.8818491745607655, "2": 0.8795841657243698}}, "Rouge": {"s2s": {"1": 0.8735595681214993, "10": 0.8807932215010225, "2": 0.8790323135292106, "5": 0.8798059950115181, "20": 0.8819603525367179}}, "Pos": {"s2s": {"1": 0.8728332760129051, "10": 0.8818257580632749, "5": 0.8807424199675383, "20": 0.883098848900305, "2": 0.8796694811153789}}, "Grakel": {"s2s": {"10": 0.882714400178359, "20": 0.8831883952198293, "1": 0.8710109860352848, "5": 0.8813266112752582, "2": 0.8799438233903274}}}