{"bm25": {"s2s": {"1": 0.5059520488406123, "2": 0.5737415251171165, "10": 0.617800025453445, "5": 0.6010921464224342, "20": 0.6250876898292025}}, "BLEU": {"s2s": {"5": 0.5936465219487785, "1": 0.507221747498974, "2": 0.5756613146145588, "20": 0.6115538151308954, "10": 0.6012724793475607}}, "BLEU_pos": {"s2s": {"2": 0.5512378379820364, "20": 0.5884794535137448, "1": 0.5084875438200391, "5": 0.5731952074370366, "10": 0.5773646333236468}}, "Rouge": {"s2s": {"10": 0.5969444564267581, "1": 0.5035793328944873, "20": 0.6098647003500123, "5": 0.5843567763834367, "2": 0.5592971865544206}}, "Pos": {"s2s": {"20": 0.5873080394690923, "10": 0.5840527278779759, "2": 0.5567499367380331, "5": 0.5714279992925555, "1": 0.5159220935209937}}, "Grakel": {"s2s": {"2": 0.5568208713894305, "10": 0.5767588859696398, "20": 0.5855505275484837, "1": 0.5044478633746564, "5": 0.5699656710558729}}}