{"bm25": {"s2s": {"2": 0.8710473503166508, "5": 0.8729477802166354, "1": 0.8685274312913183, "10": 0.8701806806410726, "20": 0.8745597154785522}}, "BLEU": {"s2s": {"10": 0.8743241297103199, "1": 0.8706380624780542, "20": 0.8746506064659051, "5": 0.8745084920301739, "2": 0.8693045480802596}}, "BLEU_pos": {"s2s": {"20": 0.8748600808056918, "5": 0.8735300601706675, "2": 0.8708336355952406, "1": 0.8700357477950014, "10": 0.8729906193470295}}, "Rouge": {"s2s": {"5": 0.8732562239462208, "20": 0.8745823913942212, "2": 0.8699892798195714, "10": 0.8738327313199816, "1": 0.8692627560656533}}, "Pos": {"s2s": {"2": 0.8728509272629094, "20": 0.8764620758445838, "10": 0.8740533690148663, "5": 0.8737885919602021, "1": 0.8718063345127426}}, "Grakel": {"s2s": {"20": 0.8755764639660304, "10": 0.8754364406108385, "2": 0.8702818324914563, "1": 0.8680557675748003, "5": 0.8743080423754666}}}