{"bm25": {"s2s": {"1": 0.39806561497419246, "10": 0.4848731779180497, "20": 0.5085015987808054, "2": 0.40514899964035733, "5": 0.45445810795831587}}, "BLEU": {"s2s": {"5": 0.4422194577252912, "20": 0.49234957850203215, "1": 0.3950544662420222, "2": 0.3969670590381377, "10": 0.4699385372605248}}, "BLEU_pos": {"s2s": {"2": 0.38144668171057117, "5": 0.4150964036259962, "10": 0.44755486758212326, "20": 0.4771602859227318, "1": 0.37765259930326533}}, "Rouge": {"s2s": {"5": 0.4302527304782933, "2": 0.39999446010754514, "10": 0.4652370750874634, "1": 0.3888508014292585, "20": 0.49695582396310306}}, "Pos": {"s2s": {"10": 0.45149436070337123, "2": 0.38755847510730795, "5": 0.42589541620357707, "1": 0.38973252213166165, "20": 0.4828333495840018}}, "Grakel": {"s2s": {"5": 0.42162019893409236, "1": 0.37177625638635264, "20": 0.4703636004372312, "2": 0.38444539817720064, "10": 0.4450135567913885}}}