{"bm25": {"s2s": {"1": 0.7935725681984378, "2": 0.7944168152486383, "10": 0.8091155917571468, "5": 0.8048837111283668, "20": 0.8122834300865298}}, "BLEU": {"s2s": {"5": 0.8051549876660933, "1": 0.7922130330454691, "2": 0.7951353493886503, "20": 0.8105679613799446, "10": 0.8026035162123296}}, "BLEU_pos": {"s2s": {"2": 0.7906205821855973, "20": 0.8051291911792849, "1": 0.7903733534274601, "5": 0.7972806242290928, "10": 0.8010516372387824}}, "Rouge": {"s2s": {"10": 0.8058206773852642, "1": 0.7935005270474749, "20": 0.809010558124823, "5": 0.8025273087290907, "2": 0.7964653191359147}}, "Pos": {"s2s": {"20": 0.8067758977118689, "10": 0.8012584502046759, "2": 0.7937679933347249, "5": 0.8010875493906467, "1": 0.7906381374173485}}, "Grakel": {"s2s": {"2": 0.7941399629525987, "10": 0.8055727163057318, "20": 0.8063783550362578, "1": 0.7899683059999358, "5": 0.8005624185850027}}}