{"bm25": {"s2s": {"5": 0.8797524891823176, "20": 0.88080028930436, "1": 0.875881777097114, "10": 0.8765207323514426, "2": 0.8772854305538735}}, "BLEU": {"s2s": {"2": 0.876453799427498, "1": 0.8768011626342068, "10": 0.8809861777563811, "5": 0.8794115642785084, "20": 0.8814457523905241}}, "BLEU_pos": {"s2s": {"5": 0.8790429228320423, "1": 0.8772785299910387, "20": 0.8807530198761597, "10": 0.8806004656456676, "2": 0.8766060174100484}}, "Rouge": {"s2s": {"1": 0.8767374185293089, "10": 0.8804405498292607, "2": 0.8778057723295076, "5": 0.8793671940390771, "20": 0.8819074388078079}}, "Pos": {"s2s": {"1": 0.8768638163039335, "10": 0.878847216605669, "5": 0.8786648748361546, "20": 0.8816779906099493, "2": 0.8781858616077853}}, "Grakel": {"s2s": {"10": 0.8805379568647019, "20": 0.8823214754049957, "1": 0.8779800042745625, "5": 0.8809952613393308, "2": 0.8795177988384081}}}