{"Laser2": {"s2s": {"10": 16.325743053066535, "2": 12.406670832936934, "1": 11.15244100179933, "5": 14.832123636173419, "20": 18.04402870237764}, "t2t": {"20": 17.269206954456664, "5": 13.391927706511057, "1": 10.454314133122397, "10": 15.705194214289172, "2": 11.378391222356358}, "s2t": {"2": 11.33151527628845, "20": 17.32257218312552, "1": 10.385147691076758, "10": 15.444122223564397, "5": 13.994369136352477}}, "Cohere": {"t2t": {"2": 12.000406240095073, "20": 17.568407403921345, "1": 11.473363099482144, "10": 15.900386882154566, "5": 14.207611271138806}, "s2s": {"20": 18.602259394213355, "10": 16.395382368341465, "1": 11.438388264051708, "2": 12.542621894099678, "5": 14.702627651359077}, "s2t": {"5": 14.390164293971505, "10": 16.286765402769003, "20": 18.338986848228643, "2": 11.89100944260599, "1": 10.75070427359376}}, "LaBSE": {"s2t": {"10": 15.627343018245035, "5": 13.926543158725076, "20": 17.289900308324135, "1": 10.610017997148042, "2": 11.950212750611495}, "s2s": {"5": 14.84517810715027, "10": 16.708322961384493, "20": 18.83617697244166, "2": 12.539288083751469, "1": 11.32192915347097}, "t2t": {"20": 16.51309908501623, "1": 10.72425157315887, "5": 13.401452664662958, "2": 11.416331458978297, "10": 14.773898869106587}}, "SONAR": {"s2s": {"10": 16.613619948859142, "5": 14.957047832328804, "2": 12.476068674919691, "20": 18.505886226047426, "1": 11.466279344552076}, "s2t": {"10": 16.674830062176426, "5": 14.977366061768663, "20": 18.655317510214, "2": 12.45838381845821, "1": 11.284960319294463}, "t2t": {"10": 16.014451032207894, "2": 11.790106540734788, "1": 10.907256510102778, "20": 18.238100551881566, "5": 14.139430685610446}}, "Random": {"s2s": {"10": {"mean": 12.343650901535066, "std": 0.16510080015530246}, "1": {"mean": 8.4103668755831, "std": 0.20529624094191257}, "0": {"mean": 9.451834882474019, "std": 0.010354763629181163}, "20": {"mean": 14.184247968151942, "std": 0.10863944616957807}, "2": {"mean": 9.006655388562864, "std": 0.08075396085065635}, "5": {"mean": 10.840882508107613, "std": 0.02941759492254555}}}, "E5": {"s2t": {"10": 15.385127247993962, "1": 10.595774019922324, "2": 11.622338715589862, "20": 16.886042555891763, "5": 13.652657348288551}, "t2t": {"20": 18.15224928545012, "10": 16.637282844768187, "1": 11.536771489621692, "2": 12.13571845476463, "5": 14.631189070329864}, "s2s": {"5": 14.553315800969886, "2": 12.200925720805701, "1": 11.434936322344525, "10": 16.31882415147126, "20": 18.454268840419513}}}