{"Laser2": {"t2t": {"10": 60.70565120527538, "2": 60.8258592215847, "1": 60.42727158187466, "5": 60.788014473636665, "20": 61.18481934615809}, "s2t": {"5": 60.747817170055725, "2": 60.74567272287907, "1": 60.12081970843788, "10": 60.98620017586916, "20": 61.10369045929098}, "s2s": {"1": 59.96788774125806, "10": 60.50609951612573, "2": 60.62378262594744, "20": 60.782879231395306, "5": 60.614125545873776}}, "Cohere": {"s2s": {"5": 60.6857016148947, "20": 60.902761712939025, "1": 60.206458726950665, "2": 60.74453022780523, "10": 60.90046263374409}, "s2t": {"5": 60.82724388727112, "20": 60.88474565458536, "10": 60.82841897519796, "2": 60.607865578804656, "1": 60.10027763284128}, "t2t": {"5": 60.70080760998623, "10": 60.83658907239662, "2": 60.656887948358204, "1": 60.14728895816061, "20": 60.937934515945734}}, "LaBSE": {"t2t": {"5": 61.09474274277537, "10": 60.86798200187247, "1": 60.57960390222347, "2": 60.952543694598006, "20": 61.036104015459415}, "s2t": {"2": 61.05245574871459, "5": 60.839119426824254, "1": 60.298132323999155, "20": 60.997226298774635, "10": 60.91879829893191}, "s2s": {"10": 60.69520055925125, "2": 60.83864074930481, "5": 60.828634361561065, "1": 60.42240101441829, "20": 60.759307684755235}}, "SONAR": {"t2t": {"10": 61.416141073360365, "5": 61.06031197036695, "20": 61.27746260378012, "1": 60.2448566524801, "2": 60.894379564844115}, "s2t": {"10": 60.82595330636682, "1": 60.275105508035246, "2": 60.79622487809463, "20": 61.04032368885495, "5": 61.078891163240954}, "s2s": {"20": 61.00089959625981, "10": 61.10228026479779, "2": 60.69426358552244, "1": 60.28766452494351, "5": 60.96287067584553}}, "Random": {"s2s": {"20": {"mean": 60.952526602755476, "std": 0.15933431282584695}, "0": {"mean": 55.83011488941224, "std": 0.0}, "10": {"mean": 60.6763731389419, "std": 0.08526129642203643}, "2": {"mean": 60.76122625262656, "std": 0.13063519822735628}, "5": {"mean": 60.64929210436807, "std": 0.21080411863165632}, "1": {"mean": 60.103854167975136, "std": 0.026084217164458152}}}, "E5": {"t2t": {"1": 60.24262400964198, "5": 60.83451512046915, "10": 60.824075414979674, "2": 60.619151289417914, "20": 60.90445239519195}, "s2s": {"2": 60.50945773403436, "5": 60.8455597381713, "1": 60.14885452180088, "20": 60.90792493154106, "10": 60.84738832473666}, "s2t": {"1": 60.35040414692142, "5": 60.68887189980088, "10": 60.92448076511431, "2": 60.29065721391027, "20": 60.977181679490876}}}