{"Laser2": {"t2t": {"2": 68.00125045549782, "20": 68.33285642407579, "10": 68.10450213399922, "5": 68.2435718595658, "1": 67.56690129490177}, "s2t": {"1": 67.60793247464616, "10": 68.2531669377495, "5": 68.0155416293967, "20": 68.1967568248064, "2": 67.75894249177703}, "s2s": {"2": 67.73122183157378, "10": 68.15507968379548, "5": 68.0771018152161, "20": 68.22877164927242, "1": 67.39720820851696}}, "Cohere": {"s2s": {"2": 67.72444591794488, "10": 68.21189421828481, "20": 68.22964824936281, "1": 67.34537539775252, "5": 67.82733172187501}, "t2t": {"20": 68.4531610957051, "2": 67.93231706752076, "5": 68.23269843654374, "1": 67.61275791315008, "10": 68.44321185242715}, "s2t": {"2": 67.66258659621785, "20": 68.12375996708617, "1": 67.55231349840997, "10": 68.06852696033921, "5": 67.87906938877721}}, "LaBSE": {"t2t": {"20": 68.25849469611896, "1": 67.40230456074818, "2": 67.78973793339138, "10": 68.3767207832458, "5": 68.09218595536949}, "s2t": {"2": 67.75362932140794, "1": 67.47145864522814, "20": 68.2973918617536, "5": 68.21793313499731, "10": 67.7962173679585}, "s2s": {"1": 67.57716748806261, "5": 67.9799691829705, "10": 68.0293010147625, "20": 68.19221164066205, "2": 67.78904696384251}}, "SONAR": {"s2s": {"10": 68.28615554387501, "1": 67.49946191563323, "2": 67.56409155315623, "5": 68.12456154508682, "20": 68.3435045390986}, "s2t": {"1": 67.52223098510815, "10": 68.1503710326393, "5": 68.0509916922794, "2": 67.76675425109701, "20": 68.25396208814138}, "t2t": {"10": 68.34705278808923, "20": 68.39794831596176, "2": 68.31149219970118, "5": 68.5595622837574, "1": 67.77436831981578}}, "Random": {"s2s": {"2": {"mean": 67.50386063790096, "std": 0.08063655148666508}, "1": {"mean": 67.32667454432058, "std": 0.1909424079349752}, "0": {"mean": 64.63978423057213, "std": 0.0}, "5": {"mean": 67.89619526914224, "std": 0.08703583699210661}, "20": {"mean": 68.11885712322164, "std": 0.08394640018536077}, "10": {"mean": 68.0364270857441, "std": 0.055416804551888924}}}, "E5": {"t2t": {"10": 68.48960571613902, "20": 68.66390967197773, "1": 67.72605817764386, "2": 68.06089520522941, "5": 68.28974042167472}, "s2t": {"1": 67.67998804919254, "10": 67.98324997447507, "20": 68.282594296343, "5": 68.06306367937589, "2": 67.93444548206253}, "s2s": {"2": 67.57138710570901, "10": 68.14880192966424, "5": 67.78599361834497, "1": 67.22833404301971, "20": 68.3980739151282}}}