{"Laser2": {"s2t": {"10": 52.45954288202771, "1": 50.95541029117161, "5": 51.951339050276836, "20": 52.65973025714948, "2": 51.30060055893816}, "t2t": {"5": 52.57881638840121, "10": 52.78525187081009, "1": 50.66673402786247, "2": 51.7415043012935, "20": 53.013328094858835}, "s2s": {"1": 51.18501695424792, "2": 51.786280670527226, "5": 52.413664676270855, "10": 52.60457156504078, "20": 53.13015370797296}}, "Cohere": {"s2t": {"20": 53.74324601773293, "1": 51.29203258507417, "10": 52.783406257353235, "5": 52.52258687305043, "2": 51.506973053043595}, "t2t": {"2": 51.73645364807587, "5": 52.52764472449143, "1": 50.867764394374724, "10": 52.84295214467297, "20": 54.10700112860921}, "s2s": {"1": 50.89634689328717, "2": 51.87942407958601, "5": 52.74215351728987, "20": 54.03506254875581, "10": 53.52552315289313}}, "LaBSE": {"s2s": {"2": 51.842818652636126, "10": 53.24618553161344, "20": 53.88046555883265, "5": 52.72845825518547, "1": 51.333575331099226}, "t2t": {"20": 53.518651936159024, "2": 51.998418393518065, "10": 53.22353996144371, "5": 52.45596652195853, "1": 51.04547526099813}, "s2t": {"1": 51.28726987363421, "5": 52.35154595773699, "10": 53.0918540923186, "2": 51.727346135970755, "20": 53.75055678985131}}, "SONAR": {"s2s": {"10": 52.75956078883108, "2": 51.58426619952352, "1": 51.12559109481267, "5": 52.45997875102311, "20": 53.94043275690832}, "s2t": {"10": 52.80013020444684, "20": 53.775776400333065, "1": 51.19288377235238, "5": 52.49702430936393, "2": 51.572369970936116}, "t2t": {"1": 51.340881459642574, "2": 51.561705130872795, "20": 54.012130830320025, "5": 52.82826989892192, "10": 53.434487775699836}}, "Random": {"s2s": {"1": {"mean": 50.29355363068701, "std": 0.22899211507731546}, "10": {"mean": 51.56402663583713, "std": 0.22602456634216692}, "20": {"mean": 52.02671990844431, "std": 0.17930126818554387}, "2": {"mean": 51.03561017896906, "std": 0.09200952028691241}, "5": {"mean": 51.405707424464396, "std": 0.12691913330447022}, "0": {"mean": 45.90834975180177, "std": 0.0}}}, "E5": {"t2t": {"5": 52.80533416104956, "2": 51.89140748526619, "1": 51.02753565211561, "10": 53.27364502513354, "20": 54.08873063684653}, "s2t": {"5": 52.35706096251312, "2": 51.715954038138825, "10": 52.77179203095139, "1": 51.14730949268373, "20": 53.397581207035635}, "s2s": {"2": 51.80597688682948, "20": 53.67136571444199, "10": 53.35742401687378, "5": 52.4507079477963, "1": 51.28660046289397}}}