{"bm25": {"s2s": {"1": 0.3582400908112055, "10": 0.47071637687357987, "20": 0.4980232165353336, "2": 0.3762455988277795, "5": 0.4356370105338191}}, "BLEU": {"s2s": {"5": 0.42016460123681737, "20": 0.4802321798863854, "1": 0.3471083747510147, "2": 0.36401896412841417, "10": 0.4554762225671719}}, "BLEU_pos": {"s2s": {"2": 0.3409157618438538, "5": 0.38887609905110515, "10": 0.4305990078438648, "20": 0.46093320734651666, "1": 0.32837924987018813}}, "Rouge": {"s2s": {"5": 0.4144750364684305, "2": 0.36827482057831035, "10": 0.45236884627358714, "1": 0.3396356843647514, "20": 0.48513191013703705}}, "Pos": {"s2s": {"10": 0.4325917744677764, "2": 0.35173094260833954, "5": 0.3987312455599016, "1": 0.3387520878976984, "20": 0.46851704143017175}}, "Grakel": {"s2s": {"5": 0.400500174994643, "1": 0.3290419336629244, "20": 0.4513918093512416, "2": 0.34851722681357455, "10": 0.42763954211070604}}}