{"bm25": {"s2s": {"2": 0.8700349110624065, "5": 0.8724155164518846, "1": 0.8679951675265674, "10": 0.8697477763761645, "20": 0.8734830451812668}}, "BLEU": {"s2s": {"10": 0.8738439541913775, "1": 0.8696256231943609, "20": 0.8746506064659051, "5": 0.8740283165112315, "2": 0.8675790368744978}}, "BLEU_pos": {"s2s": {"20": 0.8748600808056918, "5": 0.8729977964059167, "2": 0.8695882996139319, "1": 0.8695034840302505, "10": 0.8729906193470295}}, "Rouge": {"s2s": {"5": 0.8732562239462208, "20": 0.8745823913942212, "2": 0.8694570160548206, "10": 0.8738327313199816, "1": 0.8687304923009024}}, "Pos": {"s2s": {"2": 0.8716055912816006, "20": 0.8764620758445838, "10": 0.8740533690148663, "5": 0.8737885919602021, "1": 0.8706130867772423}}, "Grakel": {"s2s": {"20": 0.8755764639660304, "10": 0.8754364406108385, "2": 0.8697495687267055, "1": 0.8658823814140006, "5": 0.8743080423754666}}}