{"bm25": {"s2s": {"1": 0.7922295539569949, "2": 0.7919733331726474, "10": 0.8086185788978701, "5": 0.8034333774871506, "20": 0.8122834300865298}}, "BLEU": {"s2s": {"5": 0.8044569290025904, "1": 0.7885667075634945, "2": 0.7924680147069716, "20": 0.8101255628961348, "10": 0.8023757718120639}}, "BLEU_pos": {"s2s": {"2": 0.7876069819031968, "20": 0.8042247300974936, "1": 0.788279230179994, "5": 0.7968200274813081, "10": 0.80045364308263}}, "Rouge": {"s2s": {"10": 0.8051226186481389, "1": 0.7911457962433811, "20": 0.8087750916836761, "5": 0.8008410599333025, "2": 0.7933003753129202}}, "Pos": {"s2s": {"20": 0.8065481533116031, "10": 0.8001418261247661, "2": 0.7920110308134509, "5": 0.7999064840170235, "1": 0.7880885343660008}}, "Grakel": {"s2s": {"2": 0.7899343643793947, "10": 0.8046875353976201, "20": 0.8051832833662335, "1": 0.7868198585869531, "5": 0.7988901760561664}}}