{"bm25": {"s2s": {"5": 0.8797524891823176, "20": 0.88080028930436, "1": 0.8755575476486692, "10": 0.8765207323514426, "2": 0.8772854305538735}}, "BLEU": {"s2s": {"2": 0.8757439488655494, "1": 0.8768011626342068, "10": 0.8809861777563811, "5": 0.8787185383644028, "20": 0.8814457523905241}}, "BLEU_pos": {"s2s": {"5": 0.8790429228320423, "1": 0.8765855041947289, "20": 0.8807530198761597, "10": 0.8806004656456676, "2": 0.8753767914098242}}, "Rouge": {"s2s": {"1": 0.8760275679084624, "10": 0.8804405498292607, "2": 0.8778057723295076, "5": 0.8793671940390771, "20": 0.8819074388078079}}, "Pos": {"s2s": {"1": 0.875550292078921, "10": 0.878847216605669, "5": 0.8786648748361546, "20": 0.8816779906099493, "2": 0.8774760111047345}}, "Grakel": {"s2s": {"10": 0.8805379568647019, "20": 0.8823214754049957, "1": 0.8758865008535592, "5": 0.8809952613393308, "2": 0.8782042746133956}}}