{"bm25": {"s2s": {"1": 13.265883846996488, "10": 16.124608140162604, "20": 16.14912183912008, "2": 14.253899203306872, "5": 14.660968422792065}}, "Rouge": {"s2s": {"5": 13.697295737811913, "2": 12.861509915386476, "10": 14.52015831881921, "1": 11.719764893091831, "20": 14.923324166802784}}, "Pos": {"s2s": {"10": 14.604214842936392, "2": 14.041981358613645, "5": 14.3790762631536, "1": 12.68974461576923, "20": 15.038221591172576}}, "Grakel": {"s2s": {"5": 14.481945233573668, "1": 12.742146567706783, "20": 14.616643400698184, "2": 14.323187576843663, "10": 14.500102055475889}}, "BLEU_pos": {"s2s": {"2": 13.2733225334872, "5": 13.667581171244183, "10": 13.915141978826526, "20": 14.09252983915524, "1": 12.181164595349061}}, "BLEU": {"s2s": {"5": 14.477441274859876, "20": 15.358719215528513, "1": 12.94583195953805, "2": 13.902416768980439, "10": 15.08646091358838}}}