{"bm25": {"s2s": {"5": 68.05002028415763, "20": 68.65012254036475, "1": 67.61690788278415, "10": 68.49146396461332, "2": 67.83788834875114}}, "Rouge": {"s2s": {"1": 67.24031723230736, "10": 68.13583768569478, "2": 67.86776341808722, "5": 68.11633697379979, "20": 68.49352102807813}}, "Pos": {"s2s": {"1": 67.33280790107743, "10": 68.50130992881166, "5": 68.22988662030572, "20": 68.77805819708747, "2": 67.91158153358661}}, "Grakel": {"s2s": {"10": 68.63586564978075, "20": 68.76629764048435, "1": 67.2686236334031, "5": 68.36977087174232, "2": 68.1748098764433}}, "BLEU_pos": {"s2s": {"5": 68.19513554476795, "1": 67.55130068675633, "20": 68.54590912687705, "10": 68.53414101804331, "2": 67.92419734662738}}, "BLEU": {"s2s": {"2": 67.77776960495504, "1": 67.17656686561494, "10": 68.43719128211829, "5": 68.21056991063605, "20": 68.50632192310715}}}