{"bm25": {"s2s": {"1": 27.442933150393007, "2": 31.257432031047898, "10": 35.042629917623735, "5": 33.69575392036832, "20": 35.99524887491917}}, "Rouge": {"s2s": {"10": 32.94752304789179, "1": 27.001864756838494, "20": 33.9424110383318, "5": 31.808907564066914, "2": 29.821052706838064}}, "Pos": {"s2s": {"20": 32.56665996249635, "10": 32.17912476949078, "2": 29.511585212210633, "5": 31.088330299251044, "1": 27.510782120003093}}, "Grakel": {"s2s": {"2": 29.461734675433522, "10": 31.59739336244789, "20": 32.20894815303755, "1": 27.262987689775947, "5": 30.839786811749203}}, "BLEU_pos": {"s2s": {"2": 29.637776822672983, "20": 32.546867753132716, "1": 27.019793538196645, "5": 31.097041141085906, "10": 31.51359143083096}}, "BLEU": {"s2s": {"5": 33.16331308131596, "1": 27.37395490593022, "2": 31.3449314057939, "20": 34.72251342387865, "10": 34.033559869075745}}}