{"bm25": {"s2s": {"2": 61.299094031195146, "5": 61.457711767325726, "1": 60.781943762020965, "10": 61.621139833445106, "20": 61.77022813297015}}, "Rouge": {"s2s": {"5": 61.46172624767748, "20": 61.6206267373548, "2": 60.76651316338702, "10": 61.50093223538647, "1": 61.04054574409905}}, "Pos": {"s2s": {"2": 61.16839992413007, "20": 61.69881676028529, "10": 61.69348372514637, "5": 61.38911157458541, "1": 60.88828519884467}}, "Grakel": {"s2s": {"20": 61.55309906713104, "10": 61.39198370186695, "2": 61.52218808950553, "1": 61.058652113303054, "5": 61.181213437329376}}, "BLEU_pos": {"s2s": {"20": 61.78985731532898, "5": 61.692531461326794, "2": 61.300947278364326, "1": 60.91972043512721, "10": 61.66182216048052}}, "BLEU": {"s2s": {"10": 61.64121833786034, "1": 60.87174787535686, "20": 61.531007043758244, "5": 61.40185370074496, "2": 61.16161476564111}}}