{"Laser2": {"t2t": {"2": 64.22053183748172, "20": 65.28371925513565, "10": 65.28850085924496, "5": 65.06642335741616, "1": 63.92619690292128}, "s2t": {"1": 64.06815049029773, "10": 65.09319903126723, "5": 64.78234436611574, "20": 65.16540948112399, "2": 64.14367386592461}, "s2s": {"2": 64.48451134466944, "10": 65.10534722552879, "5": 64.91687012988857, "20": 65.12984098802525, "1": 63.94664224410588}}, "Cohere": {"s2s": {"2": 64.28459904770004, "10": 64.88719009837786, "20": 65.13863705821015, "1": 63.779349495480744, "5": 64.62473253794091}, "t2t": {"20": 65.10725868612536, "2": 64.51466300366212, "5": 64.82234288199176, "1": 63.72462687789033, "10": 65.25335954438751}, "s2t": {"2": 64.42592963061502, "20": 65.10151220300173, "1": 63.5832501129302, "10": 64.93208446847412, "5": 64.79791099918695}}, "LaBSE": {"t2t": {"20": 64.9636425330744, "1": 63.741693864892, "2": 64.27811362751298, "10": 65.14058934701595, "5": 64.75574688851712}, "s2t": {"2": 64.36533019635415, "1": 63.788312691398005, "20": 65.10554372191315, "5": 64.62432944702266, "10": 65.03247887138129}, "s2s": {"1": 63.73990872415304, "5": 64.77891602302981, "10": 64.93998713155219, "20": 64.89756180858583, "2": 64.24944443314499}}, "SONAR": {"s2s": {"10": 65.06302496314542, "1": 63.90981839931883, "2": 64.09927202148586, "5": 64.96135772149651, "20": 65.20583501899236}, "s2t": {"1": 63.72525713184428, "10": 64.74409076374573, "5": 64.6978945719652, "2": 64.47059186941763, "20": 65.05897535917732}, "t2t": {"10": 65.15911434959753, "20": 65.46881690175226, "2": 64.64173499256898, "5": 65.11172729587818, "1": 63.9482487874166}}, "Random": {"s2s": {"2": {"mean": 64.26123671301525, "std": 0.1284238603195272}, "1": {"mean": 63.8699303890804, "std": 0.07114511510390083}, "0": {"mean": 61.14228667924573, "std": 0.016286904553698335}, "5": {"mean": 64.49182111648018, "std": 0.16849320933177886}, "20": {"mean": 64.71022723270245, "std": 0.08546497300985603}, "10": {"mean": 64.74237130838375, "std": 0.1452707942433073}}}, "E5": {"t2t": {"10": 65.35926698036823, "20": 65.35731048373204, "1": 63.92684703507333, "2": 64.62277432403187, "5": 65.1243186479744}, "s2t": {"1": 63.9381717777861, "10": 65.00906348169806, "20": 65.00157066012535, "5": 64.66809910635085, "2": 64.55111002751198}, "s2s": {"2": 64.3031763456692, "10": 64.77860242334835, "5": 64.88444097588733, "1": 63.44663255426591, "20": 65.04318271195821}}}