{"Laser2": {"t2t": {"10": 57.337233096301254, "2": 56.86815214429166, "1": 55.99435248438074, "5": 57.194247858038985, "20": 57.622905523421686}, "s2t": {"5": 57.19659902399069, "2": 56.736166558073094, "1": 55.868584104431996, "10": 57.33763600067492, "20": 57.3779512074583}, "s2s": {"1": 55.68406164228568, "10": 57.11930760673045, "2": 56.61781142175234, "20": 57.39713948307534, "5": 56.947154516608265}}, "Cohere": {"s2s": {"5": 57.28176678712842, "20": 57.582569968325394, "1": 55.91359069113339, "2": 56.87353588638442, "10": 57.681212278115225}, "s2t": {"5": 57.48781238514302, "20": 57.315167345607286, "10": 57.369526373451365, "2": 56.640167815553745, "1": 55.86367765268449}, "t2t": {"5": 57.41023315652862, "10": 57.78073515675125, "2": 56.68738432398571, "1": 55.9341621130104, "20": 57.61401267567818}}, "LaBSE": {"t2t": {"5": 57.29981744843594, "10": 57.51812016941733, "1": 56.14984077213173, "2": 56.915940668377004, "20": 57.55380337368069}, "s2t": {"2": 56.776230696725726, "5": 57.19766296762943, "1": 56.27211576041336, "20": 57.06583127829346, "10": 57.41575309399637}, "s2s": {"10": 57.16870087034766, "2": 56.51133290191488, "5": 57.114726433844076, "1": 55.857532120623624, "20": 57.23142178410857}}, "SONAR": {"t2t": {"10": 57.73969523955101, "5": 57.44122881620858, "20": 58.043971394312436, "1": 56.14789098452185, "2": 57.17376717908238}, "s2t": {"10": 57.249924105351525, "1": 56.01252881820928, "2": 56.706881571022514, "20": 57.53912233264265, "5": 57.33100755791533}, "s2s": {"20": 57.349257973445646, "10": 57.51115543587566, "2": 56.619870059821395, "1": 55.97573171836772, "5": 57.2779676064514}}, "Random": {"s2s": {"20": {"mean": 56.8775969368614, "std": 0.12852623386508147}, "0": {"mean": 52.41149840864406, "std": 0.019090946630412345}, "10": {"mean": 57.051758676810124, "std": 0.0723870305158894}, "2": {"mean": 56.29677588224464, "std": 0.09437112879847219}, "5": {"mean": 56.882455179277066, "std": 0.05002477253223007}, "1": {"mean": 55.57183615220263, "std": 0.1585041198091825}}}, "E5": {"t2t": {"1": 55.603203376199694, "5": 57.35868393365057, "10": 57.60443652153131, "2": 56.72794989188983, "20": 57.7136858256589}, "s2s": {"2": 56.54073566571345, "5": 57.086317767186124, "1": 55.78501874593677, "20": 57.2903838673774, "10": 57.32872775535359}, "s2t": {"1": 55.62115833553206, "5": 57.02625926182462, "10": 57.27416231413179, "2": 56.697717539100154, "20": 57.3299554567359}}}