{"Laser2": {"s2s": {"10": 16.474075350850566, "2": 15.351965524539027, "1": 15.250992938878246, "5": 15.908535634011587, "20": 17.104545057678543}, "t2t": {"20": 16.316252446915527, "5": 14.662999443426198, "1": 14.368219757973295, "10": 15.665395391238434, "2": 14.271913599032207}, "s2t": {"2": 14.486850667617675, "20": 16.248684626430876, "1": 14.285798472559891, "10": 15.31376011438387, "5": 14.667524778135647}}, "Cohere": {"t2t": {"2": 15.200997516599223, "20": 16.316640241429674, "1": 14.963393091275728, "10": 16.02688046521454, "5": 14.858699119067381}, "s2s": {"20": 16.634108840433758, "10": 16.16214142389506, "1": 14.463574084458292, "2": 14.697275714886107, "5": 15.411433346098862}, "s2t": {"5": 15.03007601381893, "10": 15.896181190079886, "20": 16.657386899833043, "2": 14.286632740149024, "1": 14.393438940397923}}, "LaBSE": {"s2t": {"10": 16.373751172565328, "5": 15.317517741253933, "20": 16.85014858651705, "1": 14.778211638982933, "2": 14.592617622262564}, "s2s": {"5": 15.818781228813409, "10": 16.619777677991358, "20": 16.82410940111596, "2": 15.370378278644093, "1": 15.30187150374954}, "t2t": {"20": 16.385346269078696, "1": 14.909980816865243, "5": 15.025770982821532, "2": 14.638377252990747, "10": 15.690672166946113}}, "SONAR": {"s2s": {"10": 16.06043250612261, "5": 15.532611277821069, "2": 14.879655544614126, "20": 16.611666805211524, "1": 14.902865224223449}, "s2t": {"10": 16.805152451190363, "5": 16.024956173681957, "20": 17.1080502227706, "2": 15.233928640119965, "1": 15.196026824189095}, "t2t": {"10": 15.731745290209131, "2": 14.85718858522195, "1": 14.97107885218224, "20": 16.41667342835014, "5": 15.216549695838546}}, "Random": {"s2s": {"10": {"mean": 13.430067868863757, "std": 0.1540096863058037}, "1": {"mean": 12.386841057493205, "std": 0.07620403890192787}, "0": {"mean": 12.322702327606388, "std": 0.0}, "20": {"mean": 14.25489024248274, "std": 0.2653893200970404}, "2": {"mean": 11.96906266938876, "std": 0.22881865283567687}, "5": {"mean": 12.366571816178157, "std": 0.09216450052958818}}}, "E5": {"s2t": {"10": 15.295959276629977, "1": 13.987116348175421, "2": 13.871704214272992, "20": 16.22981645853056, "5": 14.634953360942513}, "t2t": {"20": 16.534788948135173, "10": 15.999136609727966, "1": 15.166364043832736, "2": 15.172416478888351, "5": 15.49485622320757}, "s2s": {"5": 15.484956057809013, "2": 14.453614604116815, "1": 14.601267168571837, "10": 15.820685000750911, "20": 16.48783910712613}}}