{"Laser2": {"s2t": {"10": 19.697732174069323, "1": 17.13262416590578, "5": 19.055789775161955, "20": 20.934441923749414, "2": 17.90692449368466}, "t2t": {"5": 19.151457739583957, "10": 20.098262744613617, "1": 17.81116678564839, "2": 17.942543032922895, "20": 21.66042537913787}, "s2s": {"1": 17.66252090191315, "2": 17.841109367083423, "5": 19.28319603044976, "10": 20.539899365911353, "20": 22.062992765560793}}, "Cohere": {"s2t": {"20": 23.53210368203419, "1": 18.400194517257738, "10": 22.24512968837965, "5": 20.678190049414567, "2": 18.852584579639615}, "t2t": {"2": 18.644346077726613, "5": 20.55024033753246, "1": 18.11687037393455, "10": 21.90857712484672, "20": 23.175235585825906}, "s2s": {"1": 18.405027405621496, "2": 18.784138587881287, "5": 20.615981523980924, "20": 23.953501289722247, "10": 21.871689672593693}}, "LaBSE": {"s2s": {"2": 18.49735010563229, "10": 21.5592291404223, "20": 23.159300176339077, "5": 20.346861806716365, "1": 18.421075578173564}, "t2t": {"20": 23.083660170446628, "2": 18.72678066764859, "10": 21.596319582958444, "5": 19.692636768888846, "1": 18.108742965819648}, "s2t": {"1": 18.146950651602765, "5": 20.072256161561956, "10": 21.876941207538174, "2": 18.59736998198684, "20": 23.43931666161633}}, "SONAR": {"s2s": {"10": 22.16704672465977, "2": 19.064410974102575, "1": 18.243202002084253, "5": 20.08040697574366, "20": 23.69204266138859}, "s2t": {"10": 21.790822372748746, "20": 23.235431035780593, "1": 18.19172860913581, "5": 20.603503224536265, "2": 18.84451654270609}, "t2t": {"1": 17.824248924944946, "2": 18.511174750174792, "20": 23.236061016381004, "5": 20.445051489629794, "10": 21.85014704326405}}, "Random": {"s2s": {"1": {"mean": 16.50136730877471, "std": 0.2371284385460163}, "10": {"mean": 16.730938217114605, "std": 0.04204030338463876}, "20": {"mean": 17.58544495235893, "std": 0.19211076135809063}, "2": {"mean": 16.480091920779596, "std": 0.08490606179429462}, "5": {"mean": 16.612727663714796, "std": 0.173351809495506}, "0": {"mean": 13.89391995910482, "std": 0.00734589254746669}}}, "E5": {"t2t": {"5": 20.410266876561735, "2": 18.738476311536086, "1": 18.319998920608636, "10": 22.078992080464698, "20": 23.147307670439098}, "s2t": {"5": 20.30878940457545, "2": 18.589352510310732, "10": 21.408132587252098, "1": 18.05136741266992, "20": 22.754475559176154}, "s2s": {"2": 18.84206877265357, "20": 23.435245996858374, "10": 22.031198204180612, "5": 20.650885633653786, "1": 18.170653741033053}}}