{"BLOOM_one": {"s2t": {"10": 0.8668526257333077, "5": 0.8647700845017263, "1": 0.8482743051683479}, "s2s": {"10": 0.8645449799923558, "5": 0.865799223393084, "1": 0.8458575813666634}, "t2t": {"5": 0.866777148995946, "1": 0.8458953867905696, "10": 0.8677636788414401}}, "BLOOM_middle": {"s2t": {"10": 0.8683424016585934, "1": 0.8497279677171952, "5": 0.8678654663765384}, "t2t": {"5": 0.8687222347311352, "10": 0.8695859790672897, "1": 0.8522965097026862}, "s2s": {"1": 0.8488500315563481, "5": 0.8672558647606212, "10": 0.8675129990803866}}, "BLOOM_last": {"s2s": {"5": 0.8682288665309725, "10": 0.8673166693906068, "1": 0.8513602555504901}, "s2t": {"10": 0.8653444565920961, "1": 0.857539673420516, "5": 0.865847870678063}, "t2t": {"1": 0.853295334036878, "5": 0.8686718208928824, "10": 0.8684866443099711}}, "BLOOM_one_avg": {"s2s": {"1": 0.8514535603787117, "10": 0.8669519086364701, "5": 0.8662683567098478}, "t2t": {"10": 0.8702781288461252, "5": 0.8688826206408942, "1": 0.8491857467962819}, "s2t": {"1": 0.8539353663565613, "10": 0.8683175368624714, "5": 0.8673928024269375}}, "BLOOM_middle_avg": {"s2s": {"1": 0.8498566597994608, "5": 0.865215735237589, "10": 0.8676676101423064}, "t2t": {"10": 0.8672257061944648, "1": 0.8494326178382037, "5": 0.86701513994706}, "s2t": {"10": 0.8661614061285384, "5": 0.8646182400494696, "1": 0.8507314937505798}}, "BLOOM_last_avg": {"t2t": {"5": 0.8680741132895937, "10": 0.8672880330693581, "1": 0.8464487276882994}, "s2s": {"5": 0.8663279479553577, "1": 0.8451058486763667, "10": 0.8678343907999898}, "s2t": {"5": 0.8624169883344013, "10": 0.863053774232921, "1": 0.8572254364964048}}}