{"BLOOM_one": {"s2s": {"5": 0.6873807499825719, "1": 0.6409903623664333, "10": 0.6800993351420395}, "s2t": {"10": 0.6772228387210208, "5": 0.676220652378595, "1": 0.635159827371242}, "t2t": {"5": 0.6827623367957447, "1": 0.6419548896167118, "10": 0.687084505032645}}, "BLOOM_middle": {"s2t": {"1": 0.6517089668793876, "5": 0.6908209166478498, "10": 0.6906980748026974}, "t2t": {"5": 0.6906178807140338, "1": 0.651365638382939, "10": 0.6915925916711332}, "s2s": {"10": 0.6897232056311939, "1": 0.6494237832990088, "5": 0.68747007246074}}, "BLOOM_last": {"s2s": {"1": 0.6419673212932739, "5": 0.6875405654959057, "10": 0.6970487894571346}, "t2t": {"1": 0.644644689933938, "10": 0.684079909601466, "5": 0.6788328752628429}, "s2t": {"1": 0.594839533224054, "10": 0.6734909257104275, "5": 0.6624597990406832}}, "BLOOM_one_avg": {"s2s": {"5": 0.6866335003625734, "10": 0.6920485447194029, "1": 0.6541395913294181}, "s2t": {"10": 0.6684603904016876, "1": 0.6250239825060245, "5": 0.6664708562843178}, "t2t": {"1": 0.6547643786126917, "5": 0.6794128206230906, "10": 0.6873607535371667}}, "BLOOM_middle_avg": {"s2t": {"1": 0.6428847224285952, "5": 0.6721102236052275, "10": 0.685436987491111}, "t2t": {"10": 0.6942312418531053, "5": 0.6834302725557517, "1": 0.6454037125903391}, "s2s": {"1": 0.6490370688348891, "5": 0.6900993858430933, "10": 0.6900894207798917}}, "BLOOM_last_avg": {"s2s": {"1": 0.6389517607277797, "10": 0.6916439216952079, "5": 0.6847260636627203}, "s2t": {"1": 0.6173069450282768, "10": 0.6599348314077016, "5": 0.6610378925596537}, "t2t": {"10": 0.6861685202291361, "1": 0.6466344420912238, "5": 0.6778294799974549}}}