{"BLOOM_one": {"s2t": {"5": 0.5928850656176509, "1": 0.5795494840432532, "10": 0.5958371449394424}, "t2t": {"1": 0.5845787663734242, "10": 0.5931352880956392, "5": 0.592312805001208}, "s2s": {"1": 0.5804699892583101, "5": 0.5947534446218032, "10": 0.5934048546367718}}, "BLOOM_middle": {"t2t": {"1": 0.585156733589799, "5": 0.5962836656851966, "10": 0.6013708515129542}, "s2s": {"10": 0.6009138088835322, "5": 0.6014125544298072, "1": 0.5881535265403303}, "s2t": {"10": 0.5985140458279448, "5": 0.5914959733488532, "1": 0.5837957700309546}}, "BLOOM_last": {"t2t": {"10": 0.5945115575029445, "1": 0.5857811303654679, "5": 0.5918776835406957}, "s2s": {"5": 0.5964778471782274, "1": 0.5843657769645627, "10": 0.5994586233830028}, "s2t": {"10": 0.5863043716685339, "5": 0.5840959274780609, "1": 0.5782107570955876}}, "BLOOM_one_avg": {"t2t": {"10": 0.6037691416358759, "5": 0.6002137389902776, "1": 0.5860758100308684}, "s2s": {"1": 0.5893302069822319, "10": 0.6005244051426532, "5": 0.6018782492300032}, "s2t": {"1": 0.5728195909219297, "5": 0.5873369321727706, "10": 0.5922060655687638}}, "BLOOM_middle_avg": {"s2s": {"1": 0.5871039641351097, "5": 0.6016832685370455, "10": 0.6007845993687513}, "t2t": {"5": 0.5963305645574458, "1": 0.5832218612017839, "10": 0.5936409977997245}, "s2t": {"1": 0.5777765952580767, "5": 0.5868466332289777, "10": 0.5904426837538778}}, "BLOOM_last_avg": {"s2s": {"1": 0.5844293170766868, "5": 0.5998807540936433, "10": 0.6032366758072565}, "t2t": {"5": 0.5934871399679439, "1": 0.5809909667333831, "10": 0.595994648343254}, "s2t": {"1": 0.5723477766477307, "5": 0.5844469104595336, "10": 0.583050635786867}}}