{"BLOOM_one": {"t2t": {"5": 0.4891503594904078, "10": 0.5047804672167941, "1": 0.5138839903791903}, "s2t": {"5": 0.42221740356429294, "10": 0.45170050404465245, "1": 0.3888870056409374}, "s2s": {"1": 0.5144825636192037, "10": 0.5099526681153199, "5": 0.49543657062553137}}, "BLOOM_middle": {"t2t": {"10": 0.5254465024255717, "5": 0.5187735544598621, "1": 0.544835041133547}, "s2s": {"10": 0.5243008331848463, "1": 0.5273136611689221, "5": 0.5155433009971272}, "s2t": {"10": 0.5131532429411948, "5": 0.4918929668725008, "1": 0.4881066681279731}}, "BLOOM_last": {"s2s": {"1": 0.5269913380089485, "5": 0.5129736035384915, "10": 0.5201779041483469}, "t2t": {"1": 0.5373106976831148, "10": 0.5252381391646598, "5": 0.5192326781719099}, "s2t": {"10": 0.43165558944695553, "1": 0.3566455880673271, "5": 0.4241571562887416}}, "BLOOM_one_avg": {"s2s": {"10": 0.5247976802318934, "1": 0.5376787073910236, "5": 0.516877493206338}, "s2t": {"5": 0.39364740124391945, "10": 0.4185037683886973, "1": 0.4305147683844265}, "t2t": {"1": 0.5453197819294902, "5": 0.5184423282241868, "10": 0.5305406397480974}}, "BLOOM_middle_avg": {"s2t": {"1": 0.383349180957781, "10": 0.4213596943898399, "5": 0.4035723797476339}, "t2t": {"10": 0.5310877673327923, "1": 0.5472834392675298, "5": 0.5230257389662059}, "s2s": {"5": 0.5176388706879418, "10": 0.5216137876829846, "1": 0.5288441662083972}}, "BLOOM_last_avg": {"s2s": {"10": 0.5231289059777741, "5": 0.5205070348272446, "1": 0.5309629002549195}, "t2t": {"5": 0.5111333773776948, "10": 0.5194883475249464, "1": 0.5314145909968336}, "s2t": {"1": 0.35813123473654623, "10": 0.4523516103419155, "5": 0.3928497033745875}}}