{"BLEU": {"s2t": {"10": 18.85264098139982, "5": 18.03312304070463, "1": 16.59098528899268}, "s2s": {"5": 18.03312304070463, "1": 16.59098528899268, "10": 18.85264098139982}, "t2t": {"1": 16.59098528899268, "5": 18.03312304070463, "10": 18.85264098139982}}, "BLEU_pos": {"s2t": {"10": 16.813093341995366, "5": 16.200232063932752, "1": 15.752768116882853}, "s2s": {"1": 15.752768116882853, "5": 16.200232063932752, "10": 16.813093341995366}, "t2t": {"1": 15.752768116882853, "5": 16.200232063932752, "10": 16.813093341995366}}, "bm25": {"s2s": {"1": 17.295240195331257, "10": 20.189942542381946, "5": 18.636496271767697}, "t2t": {"10": 20.189942542381946, "5": 18.636496271767697, "1": 17.295240195331257}, "s2t": {"5": 18.636496271767697, "1": 17.295240195331257, "10": 20.189942542381946}}, "Grakel": {"t2t": {"10": 16.42932457823319, "5": 16.01393559337504, "1": 16.166743092672853}, "s2t": {"1": 16.123685137941052, "10": 16.42932457823319, "5": 16.01393559337504}, "s2s": {"10": 16.42932457823319, "1": 16.123685137941052, "5": 16.01393559337504}}, "Pos": {"s2t": {"5": 16.435988561584278, "1": 16.509396759030384, "10": 17.23483789596995}, "s2s": {"10": 17.23483789596995, "5": 16.435988561584278, "1": 16.509396759030384}, "t2t": {"1": 16.4579927809965, "5": 16.435988561584278, "10": 17.24736371105702}}, "Rouge": {"t2t": {"5": 17.19663831549562, "1": 15.870753156496683, "10": 18.104618646348005}, "s2s": {"10": 18.104618646348005, "1": 15.870753156496683, "5": 17.19663831549562}, "s2t": {"5": 17.19663831549562, "10": 18.104618646348005, "1": 15.870753156496683}}}