{"BLEU": {"t2t": {"10": 62.98992112975965, "5": 62.60026355670006, "1": 61.75810205958465}, "s2t": {"1": 61.728364522232425, "10": 62.98992112975965, "5": 62.60026355670006}, "s2s": {"1": 61.728364522232425, "10": 62.98992112975965, "5": 62.60026355670006}}, "BLEU_pos": {"s2t": {"5": 62.51028255976493, "10": 62.81300880960992, "1": 61.593178311507735}, "t2t": {"10": 62.81300880960992, "5": 62.51028255976493, "1": 61.593178311507735}, "s2s": {"5": 62.51028255976493, "1": 61.593178311507735, "10": 62.81300880960992}}, "bm25": {"s2s": {"5": 62.66708977974172, "1": 62.01039491523736, "10": 62.67323624785569}, "t2t": {"10": 62.67323624785569, "5": 62.743968984034105, "1": 62.01039491523736}, "s2t": {"10": 62.67344315561114, "1": 62.01039491523736, "5": 62.66708977974172}}, "Grakel": {"s2s": {"10": 62.775617028612004, "1": 62.23182925356229, "5": 62.49627929812507}, "s2t": {"5": 62.49627929812507, "1": 62.23182925356229, "10": 62.775617028612004}, "t2t": {"10": 62.79448486822552, "5": 62.49627929812507, "1": 62.23182925356229}}, "Pos": {"s2s": {"1": 61.83326595079824, "10": 62.368430619980785, "5": 62.617265960222646}, "s2t": {"5": 62.617265960222646, "10": 62.368430619980785, "1": 61.83326595079824}, "t2t": {"10": 62.368430619980785, "5": 62.617265960222646, "1": 61.83326595079824}}, "Rouge": {"s2s": {"1": 61.64230596565464, "10": 62.83140441472008, "5": 62.10279324109684}, "t2t": {"1": 61.64230596565464, "5": 62.12961818042281, "10": 62.83140441472008}, "s2t": {"10": 62.83140441472008, "5": 62.12961818042281, "1": 61.64230596565464}}}