{"BLEU": {"s2t": {"10": 15.195004038755263, "1": 12.812506230418125, "5": 14.147083472525674}, "t2t": {"10": 15.195004038755263, "1": 12.812506230418125, "5": 14.154116914120884}, "s2s": {"5": 14.154116914120884, "1": 12.812506230418125, "10": 15.164273055579283}}, "BLEU_pos": {"s2t": {"1": 12.960249695274612, "5": 13.594167863502152, "10": 14.288540345460557}, "t2t": {"10": 14.288540345460557, "5": 13.594167863502152, "1": 12.960249695274612}, "s2s": {"5": 13.594167863502152, "10": 14.288540345460557, "1": 12.960249695274612}}, "bm25": {"s2t": {"10": 15.511141085623798, "1": 13.248856203009856, "5": 14.916022137940613}, "s2s": {"1": 13.248856203009856, "10": 15.511141085623798, "5": 14.916022137940613}, "t2t": {"5": 14.916022137940613, "1": 13.248856203009856, "10": 15.50390636148091}}, "Grakel": {"t2t": {"1": 15.217687477286049, "5": 14.418434212760744, "10": 14.549580619539269}, "s2t": {"10": 14.549580619539269, "1": 15.217687477286049, "5": 14.418434212760744}, "s2s": {"5": 14.418434212760744, "1": 15.217687477286049, "10": 14.549580619539269}}, "Pos": {"s2t": {"10": 15.359545737237015, "1": 13.778190264112872, "5": 14.787878541717362}, "s2s": {"10": 15.359545737237015, "5": 14.787878541717362, "1": 13.778190264112872}, "t2t": {"1": 13.778190264112872, "5": 14.787878541717362, "10": 15.359545737237015}}, "Rouge": {"s2s": {"5": 13.657520427202686, "10": 14.671376459327112, "1": 11.282765247986864}, "s2t": {"10": 14.671376459327112, "5": 13.657520427202686, "1": 11.282765247986864}, "t2t": {"10": 14.720684292128627, "1": 11.282765247986864, "5": 13.67691416740415}}}