{"BLEU": {"s2s": {"10": 55.562425944165625, "1": 54.67146567861011, "5": 55.49457514008152}, "t2t": {"5": 55.49457514008152, "1": 54.67146567861011, "10": 55.61666412748206}, "s2t": {"10": 55.562425944165625, "5": 55.49457514008152, "1": 54.67146567861011}}, "BLEU_pos": {"t2t": {"5": 55.30322488672337, "10": 55.7059389119225, "1": 54.113699040774534}, "s2s": {"5": 55.30322488672337, "1": 54.113699040774534, "10": 55.7059389119225}, "s2t": {"10": 55.7059389119225, "5": 55.30322488672337, "1": 54.113699040774534}}, "bm25": {"s2t": {"10": 55.84680549169783, "5": 55.703046868800776, "1": 54.21088185011993}, "s2s": {"5": 55.703046868800776, "1": 54.21088185011993, "10": 55.84680549169783}, "t2t": {"10": 55.84680549169783, "1": 54.21088185011993, "5": 55.703046868800776}}, "Grakel": {"s2t": {"5": 55.369744794997814, "10": 55.4785132481451, "1": 54.649190270601444}, "t2t": {"5": 55.36419337530003, "10": 55.50697192052978, "1": 54.649190270601444}, "s2s": {"10": 55.4785132481451, "1": 54.649190270601444, "5": 55.36419337530003}}, "Pos": {"t2t": {"10": 55.62281769399529, "1": 54.460220906582336, "5": 55.51878416898229}, "s2s": {"10": 55.62281769399529, "5": 55.51878416898229, "1": 54.460220906582336}, "s2t": {"1": 54.460220906582336, "5": 55.47723945590742, "10": 55.62281769399529}}, "Rouge": {"s2s": {"5": 55.45172447732665, "10": 55.57107173316588, "1": 54.33101408165095}, "s2t": {"1": 54.33287468878378, "5": 55.45172447732665, "10": 55.59418340214114}, "t2t": {"1": 54.33287468878378, "5": 55.45172447732665, "10": 55.57107173316588}}}