{"Laser2": {"s2s": {"10": 3.3814938774926357, "2": 2.9708512736226322, "1": 2.7313478595323692, "5": 3.250106555605677, "20": 3.457458732019931}, "t2t": {"20": 3.3345941826037935, "5": 2.8657342852786556, "1": 2.4417496221131225, "10": 3.0880778483704696, "2": 2.670602404161467}, "s2t": {"2": 2.76476685799991, "20": 3.208739967356727, "1": 2.5760053190286256, "10": 3.0914064235467875, "5": 2.9532611625823018}}, "Cohere": {"t2t": {"2": 3.0649316051073026, "20": 3.5487542602468904, "1": 2.5867918872730224, "10": 3.450862384252718, "5": 3.214348157098686}, "s2s": {"20": 4.059978401870616, "10": 3.471797143438786, "1": 2.4906880950763806, "2": 3.1314883521464454, "5": 3.3921737823074913}, "s2t": {"5": 3.313824300907469, "10": 3.659281946856958, "20": 4.0692073940602675, "2": 2.928586288278902, "1": 2.6861383647488526}}, "LaBSE": {"s2t": {"10": 3.491494128733908, "5": 3.1779167006003184, "20": 3.5367497622559374, "1": 2.737246268615569, "2": 3.0479647057143375}, "s2s": {"5": 3.114987132031453, "10": 3.591435067223927, "20": 3.9379877222419033, "2": 3.1337297936022113, "1": 2.8050119343830815}, "t2t": {"20": 3.6838283769744176, "1": 2.572017525139587, "5": 3.1424531555761384, "2": 3.0072395117232698, "10": 3.431175848985228}}, "SONAR": {"s2s": {"10": 3.555937200228047, "5": 3.2627932420763632, "2": 3.1068275333970425, "20": 3.80712279376476, "1": 2.8178563671835186}, "s2t": {"10": 3.7812033192422803, "5": 3.7466974012783902, "20": 3.8487018113371474, "2": 3.3142280382982627, "1": 2.9329054247157464}, "t2t": {"10": 3.6219714110366654, "2": 3.287114969018615, "1": 2.89147459651105, "20": 4.208310866373448, "5": 3.5216518126858514}}, "Random": {"s2s": {"10": {"mean": 2.4957798336865564, "std": 0.055632071242496445}, "1": {"mean": 1.9353725448587813, "std": 0.09465441028777266}, "0": {"mean": 1.0781772987231346, "std": 0.011015837355282412}, "20": {"mean": 2.6136564481830455, "std": 0.08005526947819663}, "2": {"mean": 2.144648744749151, "std": 0.047140515172564214}, "5": {"mean": 2.1823305257902867, "std": 0.05918923116124367}}}, "E5": {"s2t": {"10": 3.3791995160852375, "1": 2.48403105152286, "2": 2.888348859745289, "20": 3.7799092157856586, "5": 3.2058689090039363}, "t2t": {"20": 3.864284552759742, "10": 3.8508502675433767, "1": 2.598220353817532, "2": 3.185656356836562, "5": 3.425391008340063}, "s2s": {"5": 3.312132710770788, "2": 2.9449703127939464, "1": 2.519190511537631, "10": 3.3331347102731153, "20": 3.716311673763918}}}