{"Laser2": {"t2t": {"2": 54.75645501143067, "20": 55.70267193291936, "10": 55.22685232582685, "5": 55.43655135589697, "1": 54.402740086090105}, "s2t": {"1": 54.41763523823967, "10": 55.477321300061725, "5": 55.02186171056044, "20": 55.5061397631508, "2": 54.53896711101348}, "s2s": {"2": 54.5655903401946, "10": 55.33571132716746, "5": 55.00204143813965, "20": 55.679920391480074, "1": 54.49483675615918}}, "Cohere": {"s2s": {"2": 54.59169304984912, "10": 55.1429381253788, "20": 55.37624365101118, "1": 54.28734473958395, "5": 54.84829390074356}, "t2t": {"20": 55.65324194234918, "2": 54.887132181333484, "5": 55.26756394021748, "1": 54.41764036965898, "10": 55.51597691765045}, "s2t": {"2": 54.80876182187619, "20": 55.38363107034654, "1": 54.21790427511213, "10": 54.99770385409751, "5": 54.934043281420244}}, "LaBSE": {"t2t": {"20": 55.63373780853976, "1": 54.20319555530233, "2": 54.63374683690032, "10": 55.60097233901969, "5": 54.69274662184072}, "s2t": {"2": 54.42373831567802, "1": 54.54618664690706, "20": 55.75318748954076, "5": 54.576062213425296, "10": 55.2485527089493}, "s2s": {"1": 54.57981020982892, "5": 54.984112975112744, "10": 55.244843113548086, "20": 55.45418171338503, "2": 54.68816393581413}}, "SONAR": {"s2s": {"10": 55.2682212809707, "1": 54.45031531360178, "2": 54.43792283525705, "5": 54.948411564222496, "20": 55.57369830124697}, "s2t": {"1": 54.330661288545365, "10": 55.09432261906775, "5": 55.08511324369829, "2": 54.22520699487875, "20": 55.212417336121646}, "t2t": {"10": 55.86108511803352, "20": 56.12436639357129, "2": 54.950912837694766, "5": 55.885273518928216, "1": 54.962156102679586}}, "Random": {"s2s": {"2": {"mean": 54.629109354483454, "std": 0.26141927098589357}, "1": {"mean": 54.087662100175955, "std": 0.10532057790897646}, "0": {"mean": 43.44051877981775, "std": 0.0298246401413629}, "5": {"mean": 54.55836107153854, "std": 0.13407501212882325}, "20": {"mean": 55.10528087726295, "std": 0.060563644244041495}, "10": {"mean": 54.88726505607315, "std": 0.09592373109634447}}}, "E5": {"t2t": {"10": 55.252981438298136, "20": 55.97632343746068, "1": 54.70382206881503, "2": 55.04275941464071, "5": 55.047524075015126}, "s2t": {"1": 54.19754749470037, "10": 54.84824991490764, "20": 55.3047672901203, "5": 55.12250808596591, "2": 54.56649023415134}, "s2s": {"2": 54.392448522555945, "10": 55.362799167954535, "5": 55.12064414117344, "1": 53.91476491391431, "20": 55.36021410858594}}}