{"Laser2": {"s2t": {"10": 8.963531113980606, "1": 7.22641819226067, "5": 8.217472605898957, "20": 9.504156389565658, "2": 7.462048427350389}, "t2t": {"5": 8.680853654364125, "10": 9.086110671255913, "1": 7.3261820374513364, "2": 7.647424906184476, "20": 9.893894461461567}, "s2s": {"1": 7.027606198235419, "2": 7.684030628258679, "5": 9.018018865389948, "10": 9.61011970495553, "20": 10.549969728091922}}, "Cohere": {"s2t": {"20": 11.372164594510384, "1": 7.4797559479581155, "10": 10.289792778412277, "5": 9.107685666871872, "2": 8.147434190814714}, "t2t": {"2": 8.30898819634493, "5": 8.905016365596913, "1": 7.355343912775053, "10": 10.285699236436983, "20": 11.376742061427068}, "s2s": {"1": 7.468478753088317, "2": 8.226202782821368, "5": 9.446492481093518, "20": 11.824892194214286, "10": 10.726556612754388}}, "LaBSE": {"s2s": {"2": 7.961740418955165, "10": 10.467931099528997, "20": 11.31988176933082, "5": 9.186080399663714, "1": 7.441536558107293}, "t2t": {"20": 10.929757855265889, "2": 7.834741129257929, "10": 9.880956773664519, "5": 9.051348980178787, "1": 7.271604158588916}, "s2t": {"1": 7.435682528176321, "5": 8.9193929089226, "10": 9.925227379111027, "2": 7.92002810031402, "20": 11.207755138839634}}, "SONAR": {"s2s": {"10": 10.26356745141744, "2": 8.034550174729803, "1": 7.470911653383855, "5": 9.213860003669861, "20": 11.422648756486494}, "s2t": {"10": 10.34978573179401, "20": 11.484430594940294, "1": 7.807717814950988, "5": 9.381357548399793, "2": 8.1961397511716}, "t2t": {"1": 7.632947619084012, "2": 8.283368320921866, "20": 11.272509396922251, "5": 9.26343362462016, "10": 10.3935047885476}}, "Random": {"s2s": {"1": {"mean": 6.488627237007364, "std": 0.05622170120191096}, "10": {"mean": 7.51567777083407, "std": 0.15011872986770328}, "20": {"mean": 7.807911617488659, "std": 0.07697666706917596}, "2": {"mean": 6.572713288496889, "std": 0.15254498023809737}, "5": {"mean": 7.00048700886228, "std": 0.06146381178940887}, "0": {"mean": 4.997024791548609, "std": 0.025140596823804262}}}, "E5": {"t2t": {"5": 8.889143954435916, "2": 8.158769262063087, "1": 7.653305496743962, "10": 10.298794107359619, "20": 11.584943221307894}, "s2t": {"5": 9.024747751085952, "2": 7.867925621893286, "10": 10.10228642833861, "1": 7.161043882796673, "20": 10.774880239417307}, "s2s": {"2": 7.847522418389163, "20": 11.125644546635906, "10": 9.888819431631413, "5": 9.140897080951023, "1": 7.697610473635216}}}