{"Laser2": {"t2t": {"10": 45.24483233394006, "2": 44.945453674126625, "1": 44.11611675733463, "5": 45.46172719666508, "20": 45.33286530893217}, "s2t": {"5": 45.22676994621488, "2": 44.416714998376136, "1": 44.372350786296344, "10": 45.010459446355476, "20": 44.713808924331374}, "s2s": {"1": 44.377990521817544, "10": 44.78745093520167, "2": 44.87893769015288, "20": 45.01541357470879, "5": 45.06437393492774}}, "Cohere": {"s2s": {"5": 44.80523599789747, "20": 45.1657774984284, "1": 44.242040314820905, "2": 44.9939478588194, "10": 45.32148437447353}, "s2t": {"5": 45.348987221345, "20": 45.527165291402916, "10": 45.31802445037763, "2": 44.604664098315475, "1": 44.30704018430071}, "t2t": {"5": 44.92333519433674, "10": 45.205184195391155, "2": 44.554156653840586, "1": 44.222081228343555, "20": 45.51642102555781}}, "LaBSE": {"t2t": {"5": 45.080307557587176, "10": 45.41290571687472, "1": 43.885180007634155, "2": 44.6096469899595, "20": 45.595947712658145}, "s2t": {"2": 44.823526740165995, "5": 45.10244024352176, "1": 43.988462655056814, "20": 45.13372899286809, "10": 44.981097057093024}, "s2s": {"10": 44.899305772920904, "2": 44.29365817846943, "5": 45.03531058310447, "1": 43.94983544903607, "20": 44.930439897751576}}, "SONAR": {"t2t": {"10": 45.1538375427212, "5": 45.27007568160335, "20": 45.66675283184556, "1": 44.40338322653001, "2": 44.997914801461995}, "s2t": {"10": 44.981138446529506, "1": 44.08356101321185, "2": 44.07545074270327, "20": 45.28159760707393, "5": 44.92339171072433}, "s2s": {"20": 45.43542928838637, "10": 45.28310603144157, "2": 44.527520304159246, "1": 43.7222602098528, "5": 44.989311709591014}}, "Random": {"s2s": {"20": {"mean": 45.01456560772353, "std": 0.1583438683685551}, "0": {"mean": 37.06919630898545, "std": 0.0}, "10": {"mean": 44.878009643775265, "std": 0.12004702355000078}, "2": {"mean": 44.2787042947225, "std": 0.1644042988914906}, "5": {"mean": 44.60254105143154, "std": 0.20870286491140308}, "1": {"mean": 43.81551392199697, "std": 0.22661082746734892}}}, "E5": {"t2t": {"1": 44.53184281037245, "5": 45.34654160118586, "10": 45.407955251604555, "2": 44.48475615982303, "20": 45.15961510026628}, "s2s": {"2": 44.536427673717256, "5": 45.34654286876942, "1": 44.05554303935303, "20": 45.160586313737596, "10": 45.58201342971484}, "s2t": {"1": 43.962545331077784, "5": 44.647501123720524, "10": 44.90497495840886, "2": 44.16583775252763, "20": 45.029614629055715}}}