{"Laser2": {"s2t": {"10": 53.581725195910344, "5": 53.651609068722216, "1": 53.187592460200314, "20": 34.16155955508866, "2": 53.26181269266208}, "s2s": {"1": 53.234982971657516, "2": 53.20058299930953, "10": 53.65935842738979, "5": 53.45440396504342, "20": 36.53383779627476}, "t2t": {"2": 53.45240083130193, "20": 36.12322616818088, "10": 53.91403236486592, "1": 53.32825962225128, "5": 53.838812800553725}}, "Cohere": {"t2t": {"10": 54.35511729366051, "20": 54.610654649687554, "2": 54.04451114637341, "5": 54.37126980268866, "1": 53.31989110048877}, "s2s": {"10": 54.41346792097595, "2": 53.75999105991816, "1": 53.33781531050196, "20": 54.26219696343213, "5": 53.971877907182616}, "s2t": {"10": 54.36789530183178, "2": 53.94655453376984, "20": 54.164957029068326, "1": 53.577252948013495, "5": 54.2055772939681}}, "LaBSE": {"t2t": {"2": 53.60294498886662, "20": 52.36050962070402, "10": 54.34559617180612, "5": 54.155510506810224, "1": 53.49564678671395}, "s2t": {"20": 53.17594785018013, "2": 53.67015298119474, "10": 53.835616271207556, "1": 53.63968133396961, "5": 54.025620094773174}, "s2s": {"10": 54.011214849356506, "5": 53.91981430666404, "1": 53.35023826802112, "20": 52.92885223164148, "2": 53.5356865516553}}, "SONAR": {"s2t": {"10": 54.43990640600076, "20": 53.45276715845026, "5": 54.14898958010418, "1": 53.53225349698691, "2": 53.71592051064865}, "s2s": {"5": 54.25255952047039, "10": 54.20177310927088, "20": 53.518167021254484, "1": 53.45063869079787, "2": 53.953015976959996}, "t2t": {"1": 53.72570735166623, "20": 53.56110087036131, "5": 54.32072492730566, "2": 54.01428293105691, "10": 54.49807596521462}}, "Random": {"s2s": {"10": {"mean": 53.19514166403844, "std": 0.1572134916731685}, "5": {"mean": 53.33485453854127, "std": 0.13429463430562416}, "0": {"mean": 51.83210035734184, "std": 0.0}, "20": {"mean": 53.43102357474927, "std": 0.015299743103734918}, "2": {"mean": 52.97773167100684, "std": 0.11611918660972279}, "1": {"mean": 52.89419581127574, "std": 0.07092140514851297}}}, "E5": {"s2s": {"1": 53.71212809275433, "10": 54.277522614541375, "20": 54.73568745223548, "2": 53.65650556689037, "5": 53.870412292191325}, "s2t": {"2": 53.58145778642579, "20": 54.07662549232414, "5": 54.09693305217631, "1": 53.472742397578976, "10": 53.901592700943844}, "t2t": {"10": 54.10736927239464, "2": 53.83045803615909, "1": 53.49295054384735, "5": 54.09080465340411, "20": 54.79350951477551}}}