{"Laser2": {"s2s": {"10": 16.898521747983825, "2": 15.856347930591383, "1": 16.253755108318753, "5": 16.459512501945774, "20": 12.470350297547222}, "t2t": {"20": 12.409328356870546, "5": 16.188477151081667, "1": 16.527713048570288, "10": 16.191752178385965, "2": 15.813774428253828}, "s2t": {"2": 15.583716141140522, "20": 12.99598066072577, "1": 16.16164123928643, "10": 16.206937502403967, "5": 16.001933561193503}}, "Cohere": {"t2t": {"2": 15.936494856215969, "20": 16.048090487579714, "1": 16.418762950610013, "10": 15.965492033592588, "5": 16.137378587922893}, "s2s": {"20": 15.51515517744589, "10": 15.2771081036389, "1": 14.89913773479972, "2": 14.55887869272624, "5": 14.877428007531629}, "s2t": {"5": 15.10081707934191, "10": 15.451511183473723, "20": 15.803665066073789, "2": 14.576768924714331, "1": 14.588393129581121}}, "LaBSE": {"s2t": {"10": 16.026578119444995, "5": 15.559523079962787, "20": 14.87040417266145, "1": 15.583379177721776, "2": 14.740391397218108}, "s2s": {"5": 15.950285682236167, "10": 16.501071581222796, "20": 16.283282919137694, "2": 15.385281011334262, "1": 15.73214897765144}, "t2t": {"20": 14.678949060162116, "1": 16.662943394753572, "5": 16.22168146738798, "2": 15.704480654679795, "10": 16.273857958804854}}, "SONAR": {"s2s": {"10": 15.767863326707413, "5": 15.291074381842115, "2": 14.808251093606204, "20": 15.655706850513825, "1": 14.971184747980661}, "s2t": {"10": 16.35954438036879, "5": 15.927607542879892, "20": 16.207489690451872, "2": 15.50097653037966, "1": 15.7368507356477}, "t2t": {"10": 16.07424414146441, "2": 15.515792196014752, "1": 15.811088898086645, "20": 16.050613120413196, "5": 15.977032591721185}}, "Random": {"s2s": {"10": {"mean": 12.988694500333997, "std": 0.07770900519164718}, "1": {"mean": 12.843891540917, "std": 0.08306983136648245}, "0": {"mean": 12.821953809800505, "std": 0.0}, "20": {"mean": 13.610838264126215, "std": 0.13585301811492165}, "2": {"mean": 11.881065928870576, "std": 0.17668768814523705}, "5": {"mean": 12.37346110432275, "std": 0.09202935897425644}}}, "E5": {"s2t": {"10": 14.66126531002688, "1": 13.807574568506878, "2": 13.781707914915808, "20": 15.096161686583013, "5": 14.183753168552668}, "t2t": {"20": 16.452206966291584, "10": 16.48383229091926, "1": 16.97329530141157, "2": 16.40326902579491, "5": 16.49858192255977}, "s2s": {"5": 15.239562691103101, "2": 14.856625409860788, "1": 15.24446414140354, "10": 15.315966981605797, "20": 15.793078521503242}}}