{"Laser2": {"t2t": {"2": 63.38688461440045, "20": 63.82092881513495, "10": 64.10795143011558, "5": 63.989551902016395, "1": 59.200897756972715}, "s2t": {"1": 58.955154988082604, "10": 64.1147927735426, "5": 63.972070770996524, "20": 63.75543593595684, "2": 63.01807813222189}, "s2s": {"2": 63.003687643968796, "10": 63.991259869584916, "5": 63.67406850664705, "20": 62.82628796517666, "1": 59.28725415687431}}, "Cohere": {"s2s": {"2": 62.86905508075217, "10": 63.84726696142721, "20": 64.06631901289214, "1": 59.20997418928309, "5": 63.60373592436102}, "t2t": {"20": 64.10214698272499, "2": 62.93668633791918, "5": 63.93045218610989, "1": 59.72009862624863, "10": 64.10027976226264}, "s2t": {"2": 63.15184255426631, "20": 63.98290022370963, "1": 59.53388386715525, "10": 63.95089344748318, "5": 63.713830263352165}}, "LaBSE": {"t2t": {"20": 64.30877302102866, "1": 58.70054631973348, "2": 63.142771147437315, "10": 64.23773221785302, "5": 63.791432732609266}, "s2t": {"2": 63.113274946991446, "1": 59.36187614719288, "20": 64.37048730118137, "5": 63.6947156932229, "10": 64.10342742612212}, "s2s": {"1": 59.318635298754295, "5": 63.68703741000542, "10": 63.94066821855451, "20": 64.13046217243846, "2": 62.96922168149024}}, "SONAR": {"s2s": {"10": 64.15315252266399, "1": 59.61437123812647, "2": 63.27583039457506, "5": 63.73332752603558, "20": 64.36231053631253}, "s2t": {"1": 59.329634914443396, "10": 63.81321164549928, "5": 63.54335483794807, "2": 63.52609497050743, "20": 64.34845520606063}, "t2t": {"10": 64.30113301579797, "20": 64.53465084201427, "2": 63.218514865894946, "5": 63.82118093079713, "1": 59.725436158585495}}, "Random": {"s2s": {"2": {"mean": 62.590438992033945, "std": 0.22081781354835742}, "1": {"mean": 57.94306222377733, "std": 0.18072119463379155}, "0": {"mean": 44.4299388620895, "std": 0.0}, "5": {"mean": 63.284656436183155, "std": 0.07744895761787196}, "20": {"mean": 63.66583767913925, "std": 0.18111983657918995}, "10": {"mean": 63.689744848986685, "std": 0.08992505732534385}}}, "E5": {"t2t": {"10": 64.128601668577, "20": 64.29305811382575, "1": 59.885172190366106, "2": 63.27822723749239, "5": 63.91844089366431}, "s2t": {"1": 59.44426796856196, "10": 63.9017263409004, "20": 64.03096776868587, "5": 63.537032056382515, "2": 63.38842586523693}, "s2s": {"2": 63.12619191439256, "10": 64.03348830127072, "5": 63.59382883612965, "1": 59.530548329584875, "20": 64.03087062198985}}}