{"Laser2": {"t2t": {"10": 38.78791015438241, "2": 37.77403431583753, "1": 35.95563069037291, "5": 38.33815263795006, "20": 26.99439214842193}, "s2t": {"5": 38.68359168019443, "2": 37.97239584685037, "1": 35.37945512996436, "10": 38.49468854167697, "20": 27.843837288027323}, "s2s": {"1": 35.58776867974623, "10": 38.33185512974816, "2": 37.14427564585001, "20": 26.310688767421208, "5": 38.10975201693188}}, "Cohere": {"s2s": {"5": 38.08750349414024, "20": 38.372825759530606, "1": 34.854058316338865, "2": 37.28506483298458, "10": 38.424633981484455}, "s2t": {"5": 38.237093127565736, "20": 38.1892151455731, "10": 38.22692866221607, "2": 37.47410815820915, "1": 34.967476823023844}, "t2t": {"5": 38.15053157847303, "10": 38.141761000939, "2": 37.627943057455404, "1": 35.48800455512694, "20": 38.496113640655345}}, "LaBSE": {"t2t": {"5": 38.27277668396413, "10": 38.619204142893985, "1": 35.336000319867814, "2": 37.5212983620331, "20": 37.90616731086512}, "s2t": {"2": 37.645743632277195, "5": 38.199503070653, "1": 35.085030317496894, "20": 38.10718624337749, "10": 38.59544354402209}, "s2s": {"10": 38.475088369200236, "2": 37.378092477928504, "5": 38.299346138503424, "1": 35.31500065448189, "20": 36.98539603433651}}, "SONAR": {"t2t": {"10": 39.12749615850553, "5": 38.49698903853513, "20": 38.09158488395729, "1": 35.30505129261433, "2": 37.74211190545548}, "s2t": {"10": 38.48736362844847, "1": 35.359751845837984, "2": 37.691673936570155, "20": 38.24583183698535, "5": 38.02623890771186}, "s2s": {"20": 38.100584531624484, "10": 38.51508652674367, "2": 37.54893188045709, "1": 35.27052776427266, "5": 38.10610834417233}}, "Random": {"s2s": {"20": {"mean": 37.71062410111858, "std": 0.14164284634416208}, "0": {"mean": 24.582157198364154, "std": 0.0}, "10": {"mean": 37.35428654793733, "std": 0.15576348494509873}, "2": {"mean": 36.715180671285076, "std": 0.19449016679570047}, "5": {"mean": 37.46189828037508, "std": 0.16484202070062376}, "1": {"mean": 34.959140956259965, "std": 0.1877503419131066}}}, "E5": {"t2t": {"1": 34.91735074347803, "5": 38.148450503741046, "10": 38.600105819100804, "2": 37.30667906075569, "20": 38.47637299642714}, "s2s": {"2": 37.57239452546285, "5": 38.10914416597303, "1": 35.02182590507603, "20": 38.03034538880758, "10": 38.445858080874224}, "s2t": {"1": 34.49413977657105, "5": 37.91506683936805, "10": 38.203374986530456, "2": 37.129338773163326, "20": 38.42580465630629}}}