{"Laser2": {"s2t": {"10": 35.602247851657175, "1": 30.09891767816412, "5": 34.626408635420965, "20": 33.14268606341447, "2": 32.939318955178486}, "t2t": {"5": 34.576469391687304, "10": 35.43331378903485, "1": 29.826313175787327, "2": 32.655077986907386, "20": 34.785710699546684}, "s2s": {"1": 29.734815473914317, "2": 33.140349033662595, "5": 34.94239303244816, "10": 35.09862026965188, "20": 35.09479656384802}}, "Cohere": {"s2t": {"20": 36.66354323347073, "1": 29.296509214913137, "10": 35.380794006843644, "5": 34.659049424142566, "2": 32.84622222893681}, "t2t": {"2": 32.61748183659295, "5": 34.416747326318244, "1": 30.2597499535564, "10": 35.87909508969766, "20": 36.96260484155084}, "s2s": {"1": 29.45040983728177, "2": 32.1046817677601, "5": 35.131858265255595, "20": 36.65789186059514, "10": 35.84303811230876}}, "LaBSE": {"s2s": {"2": 32.50453537002863, "10": 35.662525362558775, "20": 36.55495355259135, "5": 34.82707566889443, "1": 29.56500151314243}, "t2t": {"20": 36.789873980201634, "2": 33.196634727421554, "10": 35.64262033357512, "5": 35.1582791319362, "1": 29.536645959452578}, "s2t": {"1": 29.514361949259893, "5": 35.2101940056642, "10": 35.45160060090206, "2": 32.72267032166782, "20": 36.186320568339575}}, "SONAR": {"s2s": {"10": 35.67895019732272, "2": 32.49542790161372, "1": 29.1238410992962, "5": 34.98767412859606, "20": 36.690133061857075}, "s2t": {"10": 35.416959711145466, "20": 37.000491000427495, "1": 28.79887455170886, "5": 34.36712940098335, "2": 32.596320355961126}, "t2t": {"1": 29.67334797325613, "2": 32.60843568121688, "20": 36.59583286252679, "5": 35.34931377050261, "10": 35.92324069607479}}, "Random": {"s2s": {"1": {"mean": 29.030360967921766, "std": 0.10667800408047498}, "10": {"mean": 34.004926467524804, "std": 0.2620868830340728}, "20": {"mean": 34.2050478678615, "std": 0.07700974612811438}, "2": {"mean": 31.19557810140576, "std": 0.09300210504190652}, "5": {"mean": 33.280417297370214, "std": 0.06796661000736233}, "0": {"mean": 14.443535960966377, "std": 1.7763568394002505e-15}}}, "E5": {"t2t": {"5": 35.01037999838357, "2": 33.350840640909865, "1": 30.0054210587344, "10": 35.3333624860551, "20": 36.53255250214127}, "s2t": {"5": 34.22375003006547, "2": 32.26451995841617, "10": 35.62255925100726, "1": 29.608514290585674, "20": 36.00971175663945}, "s2s": {"2": 32.73649233744575, "20": 36.32342169338767, "10": 35.695060379926545, "5": 35.23301113503416, "1": 29.57199677773436}}}