{"Laser2": {"t2t": {"1": 63.98373509013526, "5": 64.30124613747596, "10": 64.27203937520628, "2": 64.08429015915101, "20": 62.96915299090807}, "s2s": {"2": 64.06155750506746, "5": 64.03457496405589, "10": 64.00034043028437, "20": 63.38926918724832, "1": 63.82121633064833}, "s2t": {"10": 64.44027216697904, "2": 63.891983980987355, "5": 64.25360792734901, "1": 63.59601503357334, "20": 62.82944512111531}}, "Cohere": {"s2t": {"5": 64.50122649298335, "20": 64.48485097393876, "1": 63.797035606283856, "10": 64.25653844371443, "2": 64.20349316235374}, "t2t": {"1": 63.88158037799799, "2": 64.11572301616569, "5": 64.37112861369936, "20": 64.69895820031249, "10": 64.65355734258841}, "s2s": {"20": 64.1092225868595, "10": 64.038149681075, "2": 64.12343173319466, "5": 64.22117260437709, "1": 63.776574353934244}}, "LaBSE": {"t2t": {"1": 63.66533968059554, "20": 64.4797849523764, "5": 64.49500275001319, "2": 64.29187337865554, "10": 64.35204702797417}, "s2t": {"5": 64.20326100444203, "10": 64.10261478998716, "1": 63.80091977647332, "20": 64.27983207439158, "2": 64.20777678912353}, "s2s": {"5": 64.34884069611238, "2": 64.01982673878362, "1": 63.83299232239364, "10": 64.27584150777773, "20": 64.27617437732005}}, "SONAR": {"s2s": {"20": 64.18779052899649, "2": 64.20310982050145, "10": 64.23529318497688, "1": 63.87304721776418, "5": 64.27224419383786}, "s2t": {"10": 64.46774506463179, "2": 64.23151088250172, "20": 64.38102613478972, "5": 64.39397290921293, "1": 63.91595103733108}, "t2t": {"1": 63.99441087586193, "20": 64.42000506566052, "10": 64.42855230479884, "5": 64.29597560370195, "2": 64.44551615390937}}, "Random": {"s2s": {"10": {"mean": 64.2029312982131, "std": 0.10053112695718211}, "5": {"mean": 64.26317282053003, "std": 0.13934049656500075}, "2": {"mean": 64.09680205863292, "std": 0.050492407632125175}, "20": {"mean": 64.19446199947342, "std": 0.03764474264361486}, "1": {"mean": 63.736036548550935, "std": 0.040229104446769866}, "0": {"mean": 61.66225358378299, "std": 7.105427357601002e-15}}}, "E5": {"s2t": {"1": 63.98387330636002, "5": 64.44615886793515, "20": 64.36255387188316, "2": 63.97924306714751, "10": 64.45362307108358}, "s2s": {"1": 63.74119495578001, "20": 64.36836830634002, "2": 63.84535895187926, "5": 64.27981813735882, "10": 64.48933750429364}, "t2t": {"1": 63.95387705246327, "2": 64.1891576575378, "10": 64.6677931513265, "5": 64.49797187513808, "20": 64.58990129630004}}}