{"Laser2": {"t2t": {"20": 48.132448417893585, "1": 48.847673865399244, "10": 50.1267151353995, "2": 49.92656667566928, "5": 50.270223332115314}, "s2t": {"2": 49.58901221282223, "20": 48.16276089247087, "1": 48.83941888349043, "5": 49.81342451646935, "10": 49.819328750803635}, "s2s": {"5": 49.59713539246923, "20": 47.73559086830782, "10": 49.706582977884025, "1": 48.99674936701779, "2": 49.24575771226045}}, "Cohere": {"s2s": {"1": 48.92718671651608, "2": 49.70788575496661, "5": 49.943450399022296, "20": 49.608029251421776, "10": 49.753355242392765}, "s2t": {"10": 50.3377373488201, "5": 50.17844437625018, "2": 49.66524595965415, "20": 49.97372736454593, "1": 48.844977403162886}, "t2t": {"1": 49.02895017353955, "10": 50.253349451866654, "5": 50.636248281921524, "2": 50.348970047475675, "20": 50.4506255849543}}, "LaBSE": {"t2t": {"20": 49.973550567296655, "5": 50.12681421467931, "10": 50.202658981307145, "1": 49.366346112004535, "2": 49.93066422461311}, "s2s": {"5": 50.16942971804931, "1": 48.71638028290479, "10": 49.81875353737091, "20": 49.92400597392321, "2": 49.85537938307518}, "s2t": {"10": 50.36728116208262, "5": 50.24392399666245, "1": 48.9012061922825, "2": 49.944864242959476, "20": 49.93990716795101}}, "SONAR": {"s2t": {"5": 50.09060230397978, "20": 49.765622482810166, "2": 50.16972463860664, "10": 50.2457395108821, "1": 48.49988862723959}, "s2s": {"5": 50.032667318636825, "2": 49.983739894436944, "1": 48.84162330312999, "20": 49.90934386818739, "10": 49.96918698983608}, "t2t": {"2": 50.35003877986244, "1": 48.94142185090972, "5": 50.515565726749045, "20": 50.35767569944319, "10": 50.517821031627754}}, "Random": {"s2s": {"20": {"mean": 49.35142960290403, "std": 0.16264760876012224}, "1": {"mean": 48.6887796273588, "std": 0.18616043235943133}, "10": {"mean": 49.70179354663832, "std": 0.15851888233146083}, "2": {"mean": 49.431240632922396, "std": 0.246395644988027}, "0": {"mean": 42.88173497768684, "std": 0.0}, "5": {"mean": 49.74407199928467, "std": 0.04302216865201375}}}, "E5": {"t2t": {"1": 48.88302327991803, "5": 50.41042181626896, "10": 50.86234197541346, "20": 50.463965837454424, "2": 50.11286799279353}, "s2s": {"20": 49.814087400313966, "5": 50.05030365082516, "10": 49.81675556853573, "2": 49.71710769892954, "1": 48.82866917313984}, "s2t": {"10": 50.08013484710223, "20": 49.87108734092955, "2": 49.91915860219186, "5": 50.04863344900061, "1": 48.92931108201085}}}