{"Laser2": {"s2s": {"10": 22.70149129423658, "2": 22.262131608601283, "5": 22.954518854046846, "1": 21.75350293854237, "20": 15.900973122875708}, "s2t": {"1": 22.141839779330187, "5": 22.927241966182258, "2": 22.813997791196876, "10": 23.13845007474378, "20": 13.697042281888752}, "t2t": {"20": 16.715283021854667, "10": 23.529102876446935, "2": 23.274674577680372, "1": 22.71493023332225, "5": 23.390516604139894}}, "Cohere": {"t2t": {"5": 23.202135012350684, "20": 22.82575267982841, "1": 21.70573466078251, "2": 22.64294726179753, "10": 23.17472353176587}, "s2t": {"10": 22.157617208687014, "20": 21.9285220626465, "2": 21.73461777186559, "5": 22.15704207208936, "1": 20.68289656502652}, "s2s": {"2": 22.26112212343668, "20": 22.106893829775156, "5": 22.435642514932695, "10": 22.341216802742963, "1": 21.239079602920285}}, "LaBSE": {"t2t": {"2": 23.16994237590005, "5": 23.52560461634246, "1": 22.7291706423493, "10": 23.437344507026197, "20": 22.555361072919574}, "s2s": {"2": 22.00580986128169, "20": 19.36258005794647, "5": 22.301943341403504, "1": 21.15875718586745, "10": 22.089984806075666}, "s2t": {"1": 20.777925931756993, "2": 21.65463934331422, "20": 21.554516004630397, "10": 21.92308043577416, "5": 21.897192412160802}}, "SONAR": {"s2t": {"10": 22.72443806341584, "5": 22.72662869577374, "20": 21.96059797484824, "2": 22.394939013159117, "1": 21.50130147170455}, "t2t": {"10": 22.892835611799363, "2": 22.779499512839784, "1": 21.96571314326992, "5": 23.165812723093534, "20": 22.381631899275405}, "s2s": {"20": 22.067674739203248, "2": 22.35082031994162, "1": 21.403348798192415, "5": 22.752193115942244, "10": 22.816873170554146}}, "Random": {"s2s": {"10": {"mean": 21.45876093257462, "std": 0.10813083349259794}, "1": {"mean": 20.260126434245393, "std": 0.09735689487031769}, "0": {"mean": 16.89196929183077, "std": 0.0}, "20": {"mean": 21.229690901459534, "std": 0.026761778813195632}, "5": {"mean": 21.556395725566315, "std": 0.01278938502561226}, "2": {"mean": 21.18372690264707, "std": 0.20108822389519773}}}, "E5": {"t2t": {"1": 21.91793552301449, "20": 22.955392451137023, "10": 23.278499498517117, "2": 22.65170531116216, "5": 23.122650338908716}, "s2t": {"2": 22.422426157990376, "5": 22.24312014294423, "10": 22.381194536229227, "20": 22.355895314482606, "1": 21.21970242378758}, "s2s": {"1": 21.46702679658019, "5": 22.88081013741137, "20": 21.629768523512148, "10": 22.582583654313293, "2": 22.415274668695258}}}