{"Laser2": {"s2t": {"10": 5.382396011059369, "1": 4.15348721147859, "5": 5.146691147000718, "20": 5.711882455908053, "2": 4.510829980539126}, "t2t": {"5": 5.3481562446775355, "10": 5.919092123446986, "1": 4.433351473554563, "2": 4.561742669586634, "20": 5.926382721828831}, "s2s": {"1": 4.44999551698447, "2": 4.727960342269, "5": 5.407566595492127, "10": 5.9098537574752195, "20": 6.023302054167355}}, "Cohere": {"s2t": {"20": 6.912275069802868, "1": 4.18102449301104, "10": 6.3740289553911085, "5": 5.912817808133829, "2": 5.048735108470448}, "t2t": {"2": 4.97666664862038, "5": 5.790600048527592, "1": 4.49119190724732, "10": 6.152059759684536, "20": 7.049869789365323}, "s2s": {"1": 4.3736833151254935, "2": 5.122490410538152, "5": 5.971373924119303, "20": 6.92017931555257, "10": 6.350834566941826}}, "LaBSE": {"s2s": {"2": 4.945324299496459, "10": 6.308644495067964, "20": 7.036618557895027, "5": 5.844531609904986, "1": 4.270104849698363}, "t2t": {"20": 6.783087711102828, "2": 5.303549539307146, "10": 6.450655856001459, "5": 5.914695010581936, "1": 4.392324499323681}, "s2t": {"1": 4.497497644911144, "5": 5.99681479580036, "10": 6.471818012294684, "2": 4.881046143647748, "20": 6.918964172187283}}, "SONAR": {"s2s": {"10": 6.67917694657813, "2": 5.473967643638674, "1": 4.478459214319849, "5": 5.735525030662596, "20": 7.033344379894413}, "s2t": {"10": 6.832903248480463, "20": 7.194259901761094, "1": 4.504000106465568, "5": 6.353503969023175, "2": 5.299410100255675}, "t2t": {"1": 4.557721781871123, "2": 5.156189830706914, "20": 7.233310587384369, "5": 6.133488826584836, "10": 6.626166424616301}}, "Random": {"s2s": {"1": {"mean": 3.766601445973439, "std": 0.04619141539970454}, "10": {"mean": 4.511148412520875, "std": 0.0274141053685041}, "20": {"mean": 4.510857099568007, "std": 0.09295352389212957}, "2": {"mean": 4.009423144270893, "std": 0.06965387003062104}, "5": {"mean": 4.309943706364983, "std": 0.012825867977366097}, "0": {"mean": 2.876235655489167, "std": 4.440892098500626e-16}}}, "E5": {"t2t": {"5": 5.9076242594309525, "2": 5.28433911177516, "1": 4.379725056671418, "10": 6.444083169826993, "20": 6.889734447651727}, "s2t": {"5": 5.523098731829476, "2": 4.736176113015305, "10": 6.017402912430634, "1": 4.224732130415544, "20": 6.417039172964306}, "s2s": {"2": 5.209041290386373, "20": 6.606620123036412, "10": 6.103497691483862, "5": 5.702025158952733, "1": 4.319186826975108}}}