{"Laser2": {"t2t": {"10": 39.71676455672972, "2": 39.204304731435165, "1": 38.697422039610515, "5": 39.32168631648334, "20": 39.706156992055334}, "s2t": {"5": 39.26100360045915, "2": 38.56355291960257, "1": 38.50434105418553, "10": 39.62206581073946, "20": 39.658608489165005}, "s2s": {"1": 38.541475323775394, "10": 39.61556846674834, "2": 38.80780544987998, "20": 39.91304154613822, "5": 39.358050041102445}}, "Cohere": {"s2s": {"5": 38.87247272500659, "20": 39.96965747474356, "1": 38.482796050501136, "2": 38.711399009464635, "10": 39.480578809185616}, "s2t": {"5": 39.1259011197584, "20": 39.891543332094066, "10": 39.75281628912645, "2": 38.62275202236877, "1": 38.21885336932744}, "t2t": {"5": 39.6384375928769, "10": 39.85718587369468, "2": 38.456094969179475, "1": 38.37194403645248, "20": 39.89558268541745}}, "LaBSE": {"t2t": {"5": 39.86563929682341, "10": 40.173038870744854, "1": 38.297160207949375, "2": 38.53498079624502, "20": 40.016697894578265}, "s2t": {"2": 36.36865499208282, "5": 39.593924669414264, "1": 38.44379381696589, "20": 40.146399486181075, "10": 39.90419617783765}, "s2s": {"10": 39.71064542555668, "2": 38.73526362434149, "5": 39.47524770380417, "1": 38.17537133224493, "20": 40.227191847893906}}, "SONAR": {"t2t": {"10": 40.061734588977764, "5": 39.576000281096874, "20": 40.416441337007655, "1": 38.565273574365975, "2": 38.82599008906195}, "s2t": {"10": 39.718194455978406, "1": 38.37544952538644, "2": 38.791048135325035, "20": 39.78048148873737, "5": 39.217567516911714}, "s2s": {"20": 40.075544769021256, "10": 39.58308664395061, "2": 38.8591249217974, "1": 38.49351747556187, "5": 38.955281000968625}}, "Random": {"s2s": {"20": {"mean": 39.56707876405107, "std": 0.1873769597552613}, "0": {"mean": 36.16886958361679, "std": 0.0}, "10": {"mean": 39.440125683388054, "std": 0.21077016667278536}, "2": {"mean": 38.78052952363199, "std": 0.20829241557699607}, "5": {"mean": 38.98520338890503, "std": 0.09111264910452026}, "1": {"mean": 38.02533347323388, "std": 0.15051866390187849}}}, "E5": {"t2t": {"1": 38.336122255497855, "5": 39.436683421658415, "10": 40.03059447883469, "2": 37.39459629645848, "20": 39.84579749218959}, "s2s": {"2": 36.35127948184836, "5": 39.47751234604614, "1": 38.57961655322285, "20": 40.06092911731448, "10": 39.70791715369411}, "s2t": {"1": 38.646418730582816, "5": 39.14353241157546, "10": 39.426978646730944, "2": 38.8452294708803, "20": 39.69651353003636}}}