{"Laser2": {"s2s": {"10": 3.4275703205213475, "2": 3.0654738742478727, "1": 2.6107092538270957, "5": 3.1003415874611964, "20": 3.4671811204347502}, "t2t": {"20": 3.1320287543490055, "5": 2.6811233526282447, "1": 2.4231999358998633, "10": 3.132934277939069, "2": 2.4923228853454664}, "s2t": {"2": 2.6292655947316006, "20": 3.0734774362629818, "1": 2.5805523756568207, "10": 2.91322521640212, "5": 2.8353484363393133}}, "Cohere": {"t2t": {"2": 3.0663937611092984, "20": 3.1340510244284303, "1": 2.562366974300732, "10": 2.9849127840616254, "5": 2.9818160977774917}, "s2s": {"20": 3.516433320300095, "10": 3.094111091061318, "1": 2.381310953484175, "2": 2.8966901307126465, "5": 3.0310350295848334}, "s2t": {"5": 2.960044524898787, "10": 3.3658664454432627, "20": 3.495278856995833, "2": 3.058739918321241, "1": 2.522899838960141}}, "LaBSE": {"s2t": {"10": 3.2366388832817594, "5": 3.090228494539265, "20": 3.581960472870557, "1": 2.672331307258612, "2": 2.9101881630244977}, "s2s": {"5": 3.046880908421014, "10": 3.3791739293841747, "20": 3.3572394713874423, "2": 3.1433298717769325, "1": 2.748846205025104}, "t2t": {"20": 3.359457475496933, "1": 2.5981002616634554, "5": 2.8337122159508668, "2": 2.773930717572802, "10": 3.1955235215767006}}, "SONAR": {"s2s": {"10": 3.282880880227645, "5": 3.217647823548431, "2": 3.0114848377141317, "20": 3.5718563509579013, "1": 2.575189868910786}, "s2t": {"10": 3.701582836678252, "5": 3.394793547217467, "20": 3.741474317415286, "2": 3.1720856519491516, "1": 2.842481420861515}, "t2t": {"10": 3.55684013413979, "2": 3.146113196388616, "1": 2.784715482929759, "20": 3.5951876836231826, "5": 3.18869819797206}}, "Random": {"s2s": {"10": {"mean": 2.179762752625401, "std": 0.06177361968870822}, "1": {"mean": 1.6855415073731284, "std": 0.07674014489192141}, "0": {"mean": 2.7363345051281125, "std": 0.0014263373407061811}, "20": {"mean": 2.459860421390467, "std": 0.10501626670794}, "2": {"mean": 1.872412918246357, "std": 0.1401445751624037}, "5": {"mean": 1.974659029950521, "std": 0.010965573803310261}}}, "E5": {"s2t": {"10": 3.198348256752082, "1": 2.1304254254638253, "2": 2.6118452533583176, "20": 3.4658021743570813, "5": 2.8847408739401863}, "t2t": {"20": 3.3300645994881943, "10": 3.1346183523296225, "1": 2.3703112841203535, "2": 2.967369201400862, "5": 3.117703954607772}, "s2s": {"5": 3.023615945381806, "2": 2.8822368634623596, "1": 2.334422927913941, "10": 2.957395240617535, "20": 3.155958054172518}}}