{"Laser2": {"t2t": {"2": 49.30066707008857, "20": 50.53398705766864, "10": 50.43655876114595, "5": 49.93397152676163, "1": 48.833145810705716}, "s2t": {"1": 48.76040669719931, "10": 50.18257365616826, "5": 50.03584634035374, "20": 50.50725925859125, "2": 48.94547405034759}, "s2s": {"2": 49.02212284603757, "10": 50.396422394215975, "5": 49.88004914836332, "20": 50.5425990139751, "1": 48.843751567029564}}, "Cohere": {"s2s": {"2": 48.776165367094364, "10": 49.93438961326207, "20": 50.3486242082121, "1": 48.59828508697005, "5": 49.674621737874226}, "t2t": {"20": 51.159242439125876, "2": 49.21516507757541, "5": 49.98739737690133, "1": 48.838734998916884, "10": 50.85578463406224}, "s2t": {"2": 48.95112016276706, "20": 50.76533116306941, "1": 48.8224793695067, "10": 50.068133115551134, "5": 49.52808097666087}}, "LaBSE": {"t2t": {"20": 50.33598672072552, "1": 48.82326227769218, "2": 45.77073668260255, "10": 49.92947251327216, "5": 49.791412537330295}, "s2t": {"2": 48.70352580094168, "1": 48.512031922519874, "20": 50.39864060153835, "5": 49.975133316901946, "10": 49.985218650421245}, "s2s": {"1": 48.38924391612141, "5": 50.16474908816122, "10": 50.20099921224627, "20": 50.27517427164128, "2": 48.84733583173808}}, "SONAR": {"s2s": {"10": 50.2297666857437, "1": 49.135729278714514, "2": 49.58328774275787, "5": 49.91494110067698, "20": 50.5521383997527}, "s2t": {"1": 48.83673456109531, "10": 50.33554102017741, "5": 49.86221649570584, "2": 49.23793352466377, "20": 50.375951331317424}, "t2t": {"10": 51.41266684271997, "20": 51.232553547412735, "2": 50.11982538315416, "5": 50.84146389430593, "1": 49.89039565813504}}, "Random": {"s2s": {"2": {"mean": 48.85843902186671, "std": 0.15027781343568572}, "1": {"mean": 48.70199544821555, "std": 0.2112426806259253}, "0": {"mean": 47.606229688419226, "std": 0.03389304678772717}, "5": {"mean": 49.57516046247763, "std": 0.15584376391282345}, "20": {"mean": 50.24932645872378, "std": 0.17269084041391114}, "10": {"mean": 50.18354106364063, "std": 0.08518650843086699}}}, "E5": {"t2t": {"10": 50.9914384273032, "20": 51.37277550732847, "1": 49.31441472293478, "2": 47.50825656703962, "5": 50.51573331238993}, "s2t": {"1": 49.117403112050674, "10": 50.33397810057765, "20": 50.66409224850788, "5": 49.6237643972604, "2": 49.19083186727097}, "s2s": {"2": 48.772058116833065, "10": 50.14093168877983, "5": 49.61617948999565, "1": 48.77667882518241, "20": 50.93234158795332}}}