{"Laser2": {"s2s": {"10": 2.7555493406497744, "2": 2.587477403962991, "1": 2.4544385930820845, "5": 2.613427430939434, "20": 0.21993583034233125}, "t2t": {"20": 0.29695435873911474, "5": 2.1466860903470875, "1": 2.2063182181899856, "10": 2.225273063081963, "2": 2.02389324776579}, "s2t": {"2": 2.0213379909505345, "20": 0.4214057347423683, "1": 2.4171617379185637, "10": 2.31238302806773, "5": 2.1630678685487243}}, "Cohere": {"t2t": {"2": 2.223697388243613, "20": 2.4377174355997457, "1": 2.44133049932794, "10": 2.4248856760352697, "5": 2.39392022694582}, "s2s": {"20": 2.699899618798914, "10": 2.591544849901106, "1": 2.268218087778953, "2": 2.4139392777229776, "5": 2.5311535839152333}, "s2t": {"5": 2.5883841798492093, "10": 2.808043236374397, "20": 2.983989870115167, "2": 2.4804527414712023, "1": 2.5908284949001357}}, "LaBSE": {"s2t": {"10": 2.6816511640624254, "5": 2.584250286717419, "20": 1.1537683087546744, "1": 2.298352936252159, "2": 2.4479464184161994}, "s2s": {"5": 2.4724343904209167, "10": 2.6628421665985, "20": 2.1839712711963704, "2": 2.62590283236925, "1": 2.5290842527875266}, "t2t": {"20": 1.7331540582160472, "1": 2.4977707999273036, "5": 2.3148729225770888, "2": 2.2285407762655565, "10": 2.5176944294284653}}, "SONAR": {"s2s": {"10": 2.9321139238070693, "5": 2.644236417051275, "2": 2.5622314991508066, "20": 2.6856058791080955, "1": 2.5644435520639624}, "s2t": {"10": 2.920225117568555, "5": 2.782434247064195, "20": 2.8329760705189115, "2": 2.5496720730329345, "1": 2.734194781246198}, "t2t": {"10": 2.8868565917446753, "2": 2.559648978776575, "1": 2.809085328052859, "20": 2.8686972546591973, "5": 2.823649955245302}}, "Random": {"s2s": {"10": {"mean": 1.6583469303389855, "std": 0.08053456001277505}, "1": {"mean": 1.4893321385733902, "std": 0.053052997818224375}, "0": {"mean": 2.884416854493834, "std": 0.0001280346385595079}, "20": {"mean": 1.8572274076925543, "std": 0.04405648354193826}, "2": {"mean": 1.5395532642237528, "std": 0.05940846293084015}, "5": {"mean": 1.5069599603906285, "std": 0.06948509982329831}}}, "E5": {"s2t": {"10": 2.3515922332155026, "1": 2.2291403875805056, "2": 2.2041734980969743, "20": 2.6037381090286473, "5": 2.343418440314}, "t2t": {"20": 2.1864184665112147, "10": 2.5005022302298348, "1": 2.5097327269998075, "2": 2.146397016905842, "5": 2.504768351843069}, "s2s": {"5": 2.364149189739069, "2": 2.3930521545704475, "1": 2.281966369758927, "10": 2.496886806434465, "20": 2.5563266302049352}}}