{"Laser2": {"t2t": {"10": 23.49049616853594, "2": 23.64070623162918, "1": 23.31517981876401, "5": 23.446833078531558, "20": 5.601166531111203}, "s2t": {"5": 23.439536054053363, "2": 23.121506064993987, "1": 23.150691903475025, "10": 23.671481149892518, "20": 5.278964174605207}, "s2s": {"1": 23.201411426270177, "10": 23.631439000484498, "2": 23.197933573694854, "20": 4.291344018436985, "5": 23.50722060259482}}, "Cohere": {"s2s": {"5": 23.871667166919885, "20": 23.442420878163876, "1": 23.42349039996579, "2": 23.788930350909236, "10": 23.629961087787628}, "s2t": {"5": 23.882791680839517, "20": 23.456829836466518, "10": 24.12761244931507, "2": 23.5919153896888, "1": 23.212552653675296}, "t2t": {"5": 23.610761490383528, "10": 23.79746579708644, "2": 23.89272045744727, "1": 23.393418660082354, "20": 23.844723783672663}}, "LaBSE": {"t2t": {"5": 23.768307570104298, "10": 23.73733496239352, "1": 23.728298273611227, "2": 23.619310869358934, "20": 21.092141669268415}, "s2t": {"2": 23.466790011717524, "5": 23.74404841299293, "1": 23.61656736086773, "20": 20.961665310632075, "10": 23.80330409952076}, "s2s": {"10": 23.725575087304225, "2": 23.614160501555133, "5": 23.544193682618744, "1": 23.58519320749952, "20": 20.071217725711808}}, "SONAR": {"t2t": {"10": 23.762995435431908, "5": 23.833866501430933, "20": 22.977335841127545, "1": 23.315641987854388, "2": 23.951607225806935}, "s2t": {"10": 23.224693710203997, "1": 23.407325954938408, "2": 23.38607297818841, "20": 22.702458454829603, "5": 23.57802802677718}, "s2s": {"20": 22.55072955644773, "10": 23.107208648720995, "2": 23.36090093286033, "1": 23.764613041878402, "5": 23.311562173689108}}, "Random": {"s2s": {"20": {"mean": 22.825829117131025, "std": 0.18747464594403407}, "0": {"mean": 14.939234382730811, "std": 0.025018154304101054}, "10": {"mean": 22.812427306452168, "std": 0.07670560701285514}, "2": {"mean": 22.939929625701794, "std": 0.03485045289048504}, "5": {"mean": 22.88565192670615, "std": 0.02010254777972799}, "1": {"mean": 22.719602568818544, "std": 0.20400905334848243}}}, "E5": {"t2t": {"1": 23.277318625992724, "5": 23.798381129529258, "10": 23.92236754149614, "2": 23.980290129526644, "20": 23.799508129662836}, "s2s": {"2": 23.839547275664238, "5": 24.056962788562895, "1": 23.28163410508131, "20": 23.4239630948554, "10": 23.891611354271287}, "s2t": {"1": 23.07954938179242, "5": 23.574475253829046, "10": 23.518131490323036, "2": 23.25060565465036, "20": 23.861346696147777}}}