{"Laser2": {"t2t": {"2": 35.58515580886092, "20": 11.988524456748882, "10": 35.85877095039038, "5": 35.86124287511742, "1": 35.05788640264767}, "s2t": {"1": 34.99359883086581, "10": 35.89320562358499, "5": 35.5669121845459, "20": 13.682370546607748, "2": 35.18178593045833}, "s2s": {"2": 34.96986032619804, "10": 35.664170894649025, "5": 35.56045007896074, "20": 12.069390068591998, "1": 35.03415353956907}}, "Cohere": {"s2s": {"2": 35.1084084354887, "10": 36.00837099261556, "20": 35.96837878741521, "1": 35.116775024687755, "5": 35.84641592539497}, "t2t": {"20": 36.527476130653895, "2": 35.70567499335933, "5": 36.237313875091964, "1": 35.594983046941586, "10": 36.066111075379375}, "s2t": {"2": 35.53442196701827, "20": 36.2926762014462, "1": 35.06609380980007, "10": 36.156531472695626, "5": 35.80551128092444}}, "LaBSE": {"t2t": {"20": 34.46698550645436, "1": 35.23959078537573, "2": 35.28860430905389, "10": 35.52934996406993, "5": 35.323343092596346}, "s2t": {"2": 35.53190902162324, "1": 35.09261908126536, "20": 33.13040567862932, "5": 35.866143618601, "10": 36.13895084388744}, "s2s": {"1": 34.98884093385921, "5": 35.580724172637346, "10": 36.453278489055286, "20": 32.12939915301859, "2": 35.40009792252345}}, "SONAR": {"s2s": {"10": 36.17939492864069, "1": 34.948777172734694, "2": 35.71370862924055, "5": 35.921532445194664, "20": 34.84667472192624}, "s2t": {"1": 35.2205421524815, "10": 36.02660220864714, "5": 36.02185777680395, "2": 35.41121653880938, "20": 35.4614217922091}, "t2t": {"10": 36.994895201595504, "20": 36.24849121154312, "2": 36.03479704606735, "5": 36.33087800288168, "1": 35.700984467058824}}, "Random": {"s2s": {"2": {"mean": 34.78479065919338, "std": 0.11733178187699496}, "1": {"mean": 34.91838233396262, "std": 0.09830039446930808}, "0": {"mean": 24.36465562469526, "std": 0.00800469602246671}, "5": {"mean": 35.020222496244166, "std": 0.11964415839694051}, "20": {"mean": 35.47450090316468, "std": 0.12401241400673527}, "10": {"mean": 34.855992885082145, "std": 0.24605134971730983}}}, "E5": {"t2t": {"10": 36.316086032138614, "20": 36.30478468884031, "1": 35.753044957493714, "2": 36.07660870394618, "5": 36.55996477230151}, "s2t": {"1": 35.525686651621754, "10": 35.647239690964874, "20": 35.985053744466875, "5": 36.01065525585319, "2": 35.87527847279448}, "s2s": {"2": 35.524214489405026, "10": 35.85757954735813, "5": 35.711268370007346, "1": 35.05516381466597, "20": 35.74089829684218}}}