{"Laser2": {"s2t": {"10": 3.6771523812994586, "1": 2.908068770279866, "5": 3.518117813204603, "20": 3.256809241144594e-08, "2": 2.8341820668527893}, "t2t": {"5": 3.201740955571484, "10": 3.607878912982555, "1": 2.81164024514661, "2": 3.101321354479335, "20": 0.1910689057494123}, "s2s": {"1": 2.86430981282708, "2": 3.221653418930481, "5": 3.70136522818891, "10": 3.861817774802468, "20": 0.014098864687463651}}, "Cohere": {"s2t": {"20": 4.5263087678614236, "1": 3.221048996469601, "10": 4.56041590340929, "5": 4.1945232122914, "2": 3.678808717196025}, "t2t": {"2": 3.828156282755705, "5": 4.0013554884284, "1": 3.31428707192311, "10": 4.366762734160718, "20": 4.568272091678227}, "s2s": {"1": 3.1888974944851207, "2": 3.4351079477102755, "5": 4.142445250692991, "20": 4.311391741569193, "10": 4.2195929725096954}}, "LaBSE": {"s2s": {"2": 3.546835471729309, "10": 4.202218994360057, "20": 2.7430237564869295, "5": 3.9521917610840807, "1": 3.4550237868572893}, "t2t": {"20": 2.662386908100351, "2": 3.541194135334956, "10": 4.219847448514292, "5": 3.9091560983923483, "1": 3.005356030161471}, "s2t": {"1": 3.0408820995607995, "5": 3.7513901332566504, "10": 4.1718640122908885, "2": 3.6230713401289565, "20": 2.864544056338303}}, "SONAR": {"s2s": {"10": 4.492706618138403, "2": 3.7228047151834045, "1": 3.44375729592105, "5": 4.385863426890064, "20": 3.9643927683815745}, "s2t": {"10": 4.419436657245954, "20": 3.766046768734048, "1": 3.513580641117381, "5": 4.186934590911339, "2": 3.729485991848915}, "t2t": {"1": 3.5760613871725933, "2": 3.680911335651235, "20": 4.106420194784029, "5": 4.239241354108699, "10": 4.511907654762453}}, "Random": {"s2s": {"1": {"mean": 2.343032394132912, "std": 0.09449031722762531}, "10": {"mean": 2.6410558729819864, "std": 0.08558044136597641}, "20": {"mean": 2.9445655632248617, "std": 0.0734439569336016}, "2": {"mean": 2.504980825003631, "std": 0.06110299422989609}, "5": {"mean": 2.5684689686824913, "std": 0.08010424425608344}, "0": {"mean": 2.636332644309982, "std": 0.011131912479250149}}}, "E5": {"t2t": {"5": 4.20200741151537, "2": 3.6086807224437876, "1": 3.2341387548271143, "10": 4.378326883554141, "20": 4.240376463106745}, "s2t": {"5": 3.9758794536970927, "2": 3.263718266002113, "10": 4.22538332337353, "1": 2.9519041870560923, "20": 4.4206801247876095}, "s2s": {"2": 3.385002103228409, "20": 3.9414974920134265, "10": 4.064623996760103, "5": 3.7870965025989234, "1": 3.1505205097537847}}}