{"bm25": {"s2s": {"5": 0.8676568020591623, "20": 0.8695613231819138, "1": 0.8618126273037416, "10": 0.8686634288592772, "2": 0.8664869339216368}}, "BLEU": {"s2s": {"2": 0.8643601047898469, "1": 0.8617754092093984, "10": 0.8690999442998599, "5": 0.8685820833614222, "20": 0.8692798004908995}}, "BLEU_pos": {"s2s": {"5": 0.8658184003335214, "1": 0.8597839030882587, "20": 0.86783126567899, "10": 0.8676593977766546, "2": 0.8638853941392521}}, "Rouge": {"s2s": {"1": 0.8550573118885044, "10": 0.8645657993588052, "2": 0.8627794096945774, "5": 0.8647525031340452, "20": 0.8683984627130004}}, "Pos": {"s2s": {"1": 0.8608588226463484, "10": 0.8669423876190374, "5": 0.8658488765653414, "20": 0.8672040879373023, "2": 0.8662023634719754}}, "Grakel": {"s2s": {"10": 0.8682082699457176, "20": 0.8692361858522468, "1": 0.8656069807443223, "5": 0.8677773102234475, "2": 0.866250523112037}}}