{"bm25": {"s2s": {"1": 0.3489041610845464, "2": 0.3626296440868274, "10": 0.4140621275004191, "5": 0.3878246785947692, "20": 0.4353186725068234}}, "BLEU": {"s2s": {"5": 0.37152744097848656, "1": 0.35357402150221023, "2": 0.35609009346589743, "20": 0.4085610871876888, "10": 0.3907056241020148}}, "BLEU_pos": {"s2s": {"2": 0.3381830281449165, "20": 0.3820906885174423, "1": 0.33124105354012706, "5": 0.3436955869963518, "10": 0.365191037092991}}, "Rouge": {"s2s": {"10": 0.3804890271644347, "1": 0.3442303011480999, "20": 0.4054006721986377, "5": 0.36283527216009, "2": 0.3444996483241145}}, "Pos": {"s2s": {"20": 0.3734365449150796, "10": 0.3646258312929054, "2": 0.340260856810648, "5": 0.34867980973169266, "1": 0.343356056072613}}, "Grakel": {"s2s": {"2": 0.32876616349745647, "10": 0.3442905919088912, "20": 0.3545051386263295, "1": 0.33159184061255853, "5": 0.34039615561427333}}}