{"bm25": {"s2s": {"2": 0.8463074124672196, "5": 0.8541794038808392, "1": 0.8355173112846646, "10": 0.8573117307111209, "20": 0.8586138504826033}}, "BLEU": {"s2s": {"10": 0.857526169464051, "1": 0.8334707515866389, "20": 0.8591233598208239, "5": 0.8536186609638067, "2": 0.8408392422166266}}, "BLEU_pos": {"s2s": {"20": 0.8563199972682319, "5": 0.8538130495859229, "2": 0.8464521252708472, "1": 0.835986050486329, "10": 0.8555137146072896}}, "Rouge": {"s2s": {"5": 0.8552923411896578, "20": 0.8570279710495425, "2": 0.8503145815237708, "10": 0.8552881607955153, "1": 0.8343015126442249}}, "Pos": {"s2s": {"2": 0.8434668359431353, "20": 0.8566624469495574, "10": 0.8572245237855572, "5": 0.8531232559280433, "1": 0.8326021000860708}}, "Grakel": {"s2s": {"20": 0.8534962005707115, "10": 0.8536479264026574, "2": 0.8430684334911377, "1": 0.8309931058893091, "5": 0.8491385742550782}}}