{"bm25": {"s2s": {"1": 0.32964576352314046, "10": 0.43295374093025096, "20": 0.44878343363171036, "2": 0.35917873692371155, "5": 0.40707737239806546}}, "BLEU": {"s2s": {"5": 0.3999393818819005, "20": 0.4386441652541575, "1": 0.3268098739001591, "2": 0.3538448417434108, "10": 0.42556786753620085}}, "BLEU_pos": {"s2s": {"2": 0.3192623810688026, "5": 0.3755868912891673, "10": 0.3952287083469596, "20": 0.409312203938782, "1": 0.30418194175178825}}, "Rouge": {"s2s": {"5": 0.3965904621827037, "2": 0.3407366196864207, "10": 0.41391067145016824, "1": 0.3141727376832321, "20": 0.42427953742002783}}, "Pos": {"s2s": {"10": 0.4052993001585657, "2": 0.33438098299585783, "5": 0.37968259263533377, "1": 0.3040687439469952, "20": 0.4192473954215587}}, "Grakel": {"s2s": {"5": 0.35400706977241125, "1": 0.2890368399059348, "20": 0.3794589224069015, "2": 0.3096330000949, "10": 0.3652052565555092}}}