{"bm25": {"s2s": {"5": 47.71611210741387, "20": 48.43080010312129, "1": 41.14541450531695, "10": 48.0841564688825, "2": 46.1006987587303}}, "Rouge": {"s2s": {"1": 42.015014068447094, "10": 47.40224416474116, "2": 45.710910729380416, "5": 46.70982671461803, "20": 47.61438467644889}}, "Pos": {"s2s": {"1": 41.62292417986917, "10": 47.68540384747404, "5": 47.468291643395276, "20": 44.06221118280178, "2": 46.47555769598407}}, "Grakel": {"s2s": {"10": 47.757862717421574, "20": 0.6344823452578913, "1": 38.89091091793801, "5": 47.360943494860415, "2": 46.33468676455937}}, "BLEU_pos": {"s2s": {"5": 47.28521252862081, "1": 42.04093536605925, "20": 47.863199453152674, "10": 47.69754858551425, "2": 46.13690639535193}}, "BLEU": {"s2s": {"2": 46.673022154983116, "1": 41.54997048646051, "10": 47.6399957344371, "5": 47.374881751471975, "20": 47.91145759662476}}}