{"bm25": {"s2s": {"2": 14.15085403257554, "5": 15.102174465514128, "1": 12.58811324621288, "10": 15.246818550351643, "20": 15.832873426703067}}, "Rouge": {"s2s": {"5": 14.321407595794666, "20": 14.900990632149732, "2": 13.901675609132118, "10": 14.853650506247735, "1": 12.398432714410493}}, "Pos": {"s2s": {"2": 13.73546647870797, "20": 3.7867478685850005, "10": 14.505135037903974, "5": 14.555333556032092, "1": 12.588119474434725}}, "Grakel": {"s2s": {"20": 1.6281205746219635e-37, "10": 14.404664458943714, "2": 13.837259793058298, "1": 12.161888843440247, "5": 14.160560674978747}}, "BLEU_pos": {"s2s": {"20": 12.519023432259525, "5": 14.370383130050604, "2": 13.695732113928548, "1": 12.443412594752951, "10": 14.63628849956046}}, "BLEU": {"s2s": {"10": 15.34638538021966, "1": 12.365060931160922, "20": 14.939573243631896, "5": 14.834458922797362, "2": 14.135179797570494}}}