{"bm25": {"s2s": {"1": 1.772155336032858, "10": 2.7714142840756515, "20": 2.929181171840667, "2": 2.0769071864944766, "5": 2.2787698750185563}}, "Rouge": {"s2s": {"5": 2.1399734854060135, "2": 1.8403967500988256, "10": 2.5817226667134827, "1": 1.385940544307687, "20": 2.611177435129023}}, "Pos": {"s2s": {"10": 2.2853950761244506, "2": 2.0576965123890427, "5": 2.237438153489232, "1": 1.6759884613313785, "20": 1.2980490499245056}}, "Grakel": {"s2s": {"5": 1.8169452359884235, "1": 0.9221160567193257, "20": 1.0840656203346473e-48, "2": 1.578010580534335, "10": 1.9214248350000307}}, "BLEU_pos": {"s2s": {"2": 2.1016659404563054, "5": 2.384259696459347, "10": 2.580320636937366, "20": 2.643034222076419, "1": 1.6716712187986147}}, "BLEU": {"s2s": {"5": 2.5170377447626167, "20": 2.6494012577429342, "1": 1.5359803425395082, "2": 2.14478967161684, "10": 2.759227194140836}}}