{"bm25": {"s2s": {"1": 8.840013259479324, "2": 10.644906684591316, "10": 12.910840722001257, "5": 11.552834959086873, "20": 13.498141530445494}}, "Rouge": {"s2s": {"10": 11.738346432182754, "1": 8.70642198607754, "20": 13.11144208492567, "5": 11.46357473827704, "2": 9.79596687012522}}, "Pos": {"s2s": {"20": 11.320342910571267, "10": 11.31146964128554, "2": 10.154339338738163, "5": 10.657190931592497, "1": 8.850048773883538}}, "Grakel": {"s2s": {"2": 10.122766460459196, "10": 10.859593089290643, "20": 0.01861811130997837, "1": 8.797550673191404, "5": 10.466783748069039}}, "BLEU_pos": {"s2s": {"2": 9.713048183400312, "20": 11.572968304112504, "1": 8.818505895134404, "5": 10.553907230897966, "10": 11.250613810768575}}, "BLEU": {"s2s": {"5": 11.421097602250281, "1": 8.860715397892154, "2": 10.954036920293756, "20": 13.167082801835042, "10": 12.180852830852363}}}