{"bm25": {"s2s": {"2": 0.8782924595086471, "5": 0.8801809100529893, "1": 0.8768242516889874, "10": 0.8809865359732285, "20": 0.8823050405432584}}, "BLEU": {"s2s": {"10": 0.8805787968835812, "1": 0.8756339069411688, "20": 0.8812837303273763, "5": 0.8803885453362239, "2": 0.8767836830420457}}, "BLEU_pos": {"s2s": {"20": 0.882441803636287, "5": 0.8802938441867414, "2": 0.8799810021997911, "1": 0.8765392420673559, "10": 0.8804873362360265}}, "Rouge": {"s2s": {"5": 0.8804430933337909, "20": 0.8817585243773555, "2": 0.8789647958377604, "10": 0.8808224009195336, "1": 0.876968321519289}}, "Pos": {"s2s": {"2": 0.8803783642798073, "20": 0.8821610127513116, "10": 0.88172221207336, "5": 0.8816635746494113, "1": 0.8781182227928648}}, "Grakel": {"s2s": {"20": 0.8817827850580215, "10": 0.8807329711588946, "2": 0.8773862374688797, "1": 0.8750723669003592, "5": 0.8802478607346418}}}