{"bm25": {"s2s": {"1": 0.4200383946741287, "10": 0.49363850568064116, "20": 0.5070808148637355, "2": 0.4454737591590335, "5": 0.48298305256859114}}, "BLEU": {"s2s": {"5": 0.4689869245904472, "20": 0.4943598110390746, "1": 0.415018347191363, "2": 0.43927447693680116, "10": 0.4874913498258638}}, "BLEU_pos": {"s2s": {"2": 0.4156660976057703, "5": 0.4443420140374555, "10": 0.46907149233189027, "20": 0.4796397380619181, "1": 0.3988746853007865}}, "Rouge": {"s2s": {"5": 0.46966506692437315, "2": 0.4237940232214249, "10": 0.48343613796790125, "1": 0.4105410465727682, "20": 0.4970001159125402}}, "Pos": {"s2s": {"10": 0.47418175983747, "2": 0.4186830318462943, "5": 0.4485158601356118, "1": 0.4047270280570381, "20": 0.4786815633886888}}, "Grakel": {"s2s": {"5": 0.42956802462459553, "1": 0.39241481158632063, "20": 0.46522241966290906, "2": 0.4074465453978113, "10": 0.4476024434412185}}}