{"bm25": {"s2s": {"5": 0.8827008874461114, "20": 0.8842274637031461, "1": 0.8800367613142658, "10": 0.883019510553524, "2": 0.8817936541888083}}, "BLEU": {"s2s": {"2": 0.8817160371617366, "1": 0.8794574449243753, "10": 0.8844629878936549, "5": 0.8837121230340287, "20": 0.8844440479287988}}, "BLEU_pos": {"s2s": {"5": 0.8835574768395292, "1": 0.8816198367375159, "20": 0.8848474450379964, "10": 0.8844767493221599, "2": 0.8827304006094047}}, "Rouge": {"s2s": {"1": 0.8802643702199808, "10": 0.8836145977022148, "2": 0.8819864607846783, "5": 0.8830970300162734, "20": 0.8841157843590725}}, "Pos": {"s2s": {"1": 0.8807386179627638, "10": 0.8848032067297947, "5": 0.8843838619620432, "20": 0.8854004424433464, "2": 0.8836295867979291}}, "Grakel": {"s2s": {"10": 0.8849250720777059, "20": 0.8855879737925624, "1": 0.879740885123905, "5": 0.8845059421399365, "2": 0.8850304925512419}}}