{"bm25": {"s2s": {"1": 0.546437546728628, "2": 0.5494469115326527, "10": 0.5866487323059866, "5": 0.5761031520372558, "20": 0.6071588582259865}}, "BLEU": {"s2s": {"5": 0.5690998541625593, "1": 0.5387715838201668, "2": 0.5447471208664268, "20": 0.5923258558710809, "10": 0.5762915881019336}}, "BLEU_pos": {"s2s": {"2": 0.5359950250846596, "20": 0.5638625331576398, "1": 0.5304217923565109, "5": 0.5495425989416983, "10": 0.556428447940015}}, "Rouge": {"s2s": {"10": 0.5718818615547753, "1": 0.5343739827689917, "20": 0.5785889467997514, "5": 0.5559267390504656, "2": 0.5434262746348683}}, "Pos": {"s2s": {"20": 0.5648431363902073, "10": 0.5621532393185046, "2": 0.5342786421506066, "5": 0.5446346321183703, "1": 0.5328143832564589}}, "Grakel": {"s2s": {"2": 0.522535430009775, "10": 0.5552035077022234, "20": 0.5568754986929799, "1": 0.5235551408834372, "5": 0.5422338279987512}}}