{"bm25": {"s2s": {"1": 11.775129431270305, "10": 15.812515299128515, "20": 16.87361579812252, "2": 13.517494687602163, "5": 15.107099259079918}}, "Rouge": {"s2s": {"5": 14.009042646765957, "2": 12.48025293134556, "10": 14.915355846446351, "1": 11.125351540905793, "20": 15.929900121346217}}, "Pos": {"s2s": {"10": 14.840147320234742, "2": 12.433111191664501, "5": 13.584027306583767, "1": 11.206827737441419, "20": 15.458638335522673}}, "Grakel": {"s2s": {"5": 12.87357277578282, "1": 10.37890670448279, "20": 14.883387829834405, "2": 12.107591768540527, "10": 13.796633633890027}}, "BLEU_pos": {"s2s": {"2": 11.869808605014518, "5": 13.151184499367188, "10": 14.10347615930865, "20": 14.988623558742509, "1": 11.040633609448271}}, "BLEU": {"s2s": {"5": 14.153463075990693, "20": 16.021933357204148, "1": 11.492166393268592, "2": 13.040225291197286, "10": 15.256529501043817}}}