{"bm25": {"s2s": {"2": 61.73701481347288, "5": 62.21698150162587, "1": 61.56707229490753, "10": 62.54464159536756, "20": 62.65016264074035}}, "Rouge": {"s2s": {"5": 62.65044036598785, "20": 62.35949699905498, "2": 62.2564896688497, "10": 62.436729961509364, "1": 61.657741149218545}}, "Pos": {"s2s": {"2": 62.00963689725768, "20": 62.62008205221798, "10": 62.43448877176626, "5": 62.30791868620208, "1": 61.711261419834294}}, "Grakel": {"s2s": {"20": 62.53974208049235, "10": 62.41047529670517, "2": 61.944690216340845, "1": 61.51924853250777, "5": 62.47231068733513}}, "BLEU_pos": {"s2s": {"20": 62.54772756071046, "5": 62.22099616432361, "2": 62.16867291955064, "1": 61.56771649533195, "10": 62.43250055932166}}, "BLEU": {"s2s": {"10": 62.02893848997299, "1": 61.5247537598854, "20": 62.514671867273805, "5": 62.25898953335089, "2": 61.7011227268042}}}