{"bm25": {"s2s": {"1": 27.89398332464923, "2": 28.56952923197032, "10": 32.44582155431999, "5": 30.977410053583625, "20": 34.39447014291616}}, "Rouge": {"s2s": {"10": 30.20881746881013, "1": 26.646046772094305, "20": 31.560766604677127, "5": 29.35962678132742, "2": 27.37479828943094}}, "Pos": {"s2s": {"20": 30.14877713582728, "10": 29.521724878278356, "2": 27.237985154298983, "5": 28.43446682756697, "1": 26.893343196549115}}, "Grakel": {"s2s": {"2": 26.69255392496449, "10": 29.306450986418213, "20": 29.63372755888364, "1": 26.36869307473766, "5": 28.182410952276122}}, "BLEU_pos": {"s2s": {"2": 27.0046150532696, "20": 29.91327625573427, "1": 26.682958054339203, "5": 28.564406979730666, "10": 28.92678750192189}}, "BLEU": {"s2s": {"5": 30.30531332556733, "1": 27.112078210535767, "2": 27.986940883435672, "20": 32.581572081203504, "10": 31.42482052266396}}}