{"bm25": {"s2s": {"5": 68.8869799110922, "20": 69.0744398641499, "1": 68.43640630441263, "10": 68.85416019262392, "2": 68.80529327337149}}, "Rouge": {"s2s": {"1": 68.32757486618888, "10": 68.80805258508681, "2": 68.71160889958273, "5": 68.90424651341269, "20": 68.96493636603469}}, "Pos": {"s2s": {"1": 68.69705200089781, "10": 69.25109731394845, "5": 69.0372253382775, "20": 69.18008380163386, "2": 68.98434951858573}}, "Grakel": {"s2s": {"10": 69.18575655457806, "20": 69.44121318082782, "1": 68.53142398971576, "5": 69.20088558367536, "2": 69.13963681649044}}, "BLEU_pos": {"s2s": {"5": 68.97369629065739, "1": 68.6609211273617, "20": 69.17375214787909, "10": 69.21805439206722, "2": 68.8073179061085}}, "BLEU": {"s2s": {"2": 68.68268300674842, "1": 68.09697584490198, "10": 69.00986121214196, "5": 69.01573686294607, "20": 69.00798360453769}}}