{"bm25": {"s2s": {"1": 1.7785718982174317, "10": 3.0349857103477444, "20": 3.267144164406913, "2": 2.376025185121665, "5": 2.982186229892612}}, "Rouge": {"s2s": {"5": 2.7467132881494853, "2": 1.96371440091867, "10": 3.116399513248734, "1": 1.191174382271776, "20": 3.2698066177018617}}, "Pos": {"s2s": {"10": 3.085480907523793, "2": 2.5682318828436044, "5": 2.8350786533586905, "1": 1.8895661467319294, "20": 2.952426561201137}}, "Grakel": {"s2s": {"5": 2.271941692273809, "1": 1.2795609377393742, "20": 2.5902179841051263, "2": 2.023770815759175, "10": 2.3665322144278944}}, "BLEU_pos": {"s2s": {"2": 2.382003281329263, "5": 2.8847105212494597, "10": 2.8880764115674036, "20": 3.0022413933949728, "1": 1.6924875005092912}}, "BLEU": {"s2s": {"5": 2.720510703360756, "20": 3.4722183838014513, "1": 1.690799574242369, "2": 2.3260883945698163, "10": 3.0627951124265027}}}