{"bm25": {"s2s": {"2": 35.33368043100595, "5": 35.75169430196006, "1": 34.388807192560236, "10": 36.05996281842386, "20": 36.217967613859386}}, "Rouge": {"s2s": {"5": 35.813497382220945, "20": 35.91134503661085, "2": 35.05711940132099, "10": 35.911814847150026, "1": 34.47748602650472}}, "Pos": {"s2s": {"2": 35.10741450545619, "20": 35.9165249776431, "10": 35.812105639005445, "5": 35.61383328246095, "1": 34.64509556895815}}, "Grakel": {"s2s": {"20": 35.9055447375849, "10": 35.45233201106816, "2": 34.984471503029276, "1": 34.56742186196575, "5": 35.34650997936634}}, "BLEU_pos": {"s2s": {"20": 35.67994656950344, "5": 35.18162538679886, "2": 34.90273890673739, "1": 34.228153876604615, "10": 35.814010025801274}}, "BLEU": {"s2s": {"10": 35.70957225791405, "1": 34.60641493155695, "20": 36.47844002504196, "5": 35.61167280672018, "2": 35.187669292440894}}}