{"bm25": {"s2s": {"5": 45.92355141714693, "20": 46.38735147667463, "1": 44.96856511589544, "10": 46.08953243781524, "2": 45.55325314248313}}, "Rouge": {"s2s": {"1": 44.47246907953275, "10": 46.12156000117169, "2": 44.879423488417025, "5": 45.09021285358328, "20": 46.24188971580254}}, "Pos": {"s2s": {"1": 44.56634010536533, "10": 45.63289508941947, "5": 45.62734456849133, "20": 45.936600497522754, "2": 45.08619804186748}}, "Grakel": {"s2s": {"10": 46.14851056338251, "20": 46.015742270156274, "1": 45.23107624201299, "5": 45.64336056617911, "2": 45.17608859516889}}, "BLEU_pos": {"s2s": {"5": 45.78916662211294, "1": 44.48404577006562, "20": 46.32938900935673, "10": 46.050949266894705, "2": 44.92342711016763}}, "BLEU": {"s2s": {"2": 45.515735063111215, "1": 44.82742773338407, "10": 46.44567171683526, "5": 45.962089284856745, "20": 46.497058011821146}}}