{"bm25": {"s2s": {"1": 3.050728776536905, "2": 3.499053729342233, "10": 4.663250754789336, "5": 4.035927825156404, "20": 4.66778791954384}}, "Rouge": {"s2s": {"10": 3.6146403884403804, "1": 2.5851437509736446, "20": 3.861215242067658, "5": 3.4201784638154753, "2": 2.9687110531412317}}, "Pos": {"s2s": {"20": 3.439253654267977, "10": 3.2252565816542966, "2": 2.9853300082558416, "5": 2.946956720823491, "1": 2.446170189876506}}, "Grakel": {"s2s": {"2": 2.605173119051098, "10": 2.786401194520701, "20": 2.859905267932968, "1": 1.999571344118301, "5": 2.6488157429182295}}, "BLEU_pos": {"s2s": {"2": 3.0743929030365766, "20": 3.39169816576112, "1": 2.6784724598403153, "5": 3.0342153522497632, "10": 3.2848091914714366}}, "BLEU": {"s2s": {"5": 3.8921541391192096, "1": 2.9738656180254854, "2": 3.369326310597724, "20": 4.581490889985384, "10": 4.29121020901215}}}