{"bm25": {"s2s": {"1": 0.6456416564526058, "2": 0.6764713241442626, "10": 0.695098878337225, "5": 0.6843180607400629, "20": 0.7003671469336207}}, "BLEU": {"s2s": {"5": 0.6813089016074013, "1": 0.6442915553985377, "2": 0.6722598612868032, "20": 0.6966000904030951, "10": 0.6881930971805286}}, "BLEU_pos": {"s2s": {"2": 0.6615446511906362, "20": 0.6817435075937524, "1": 0.6451846442733828, "5": 0.6725340786099199, "10": 0.6778401634968788}}, "Rouge": {"s2s": {"10": 0.6850885398273647, "1": 0.6440777646547015, "20": 0.6968617199702932, "5": 0.6840533556733207, "2": 0.6677731848929239}}, "Pos": {"s2s": {"20": 0.6632783846863409, "10": 0.6880223349679129, "2": 0.6693784918179625, "5": 0.6769541894700452, "1": 0.6497037340353129}}, "Grakel": {"s2s": {"2": 0.666677492644947, "10": 0.6775722442702814, "20": 0.4126630881469947, "1": 0.654170954960726, "5": 0.6736092577750975}}}