{"bm25": {"s2s": {"2": 0.5908514416736105, "5": 0.6012941205601683, "1": 0.5828024705967648, "10": 0.6013975565730347, "20": 0.6107192459578806}}, "BLEU": {"s2s": {"10": 0.603647830060466, "1": 0.5813215893984076, "20": 0.602133905051254, "5": 0.5993546838816918, "2": 0.5935278583185475}}, "BLEU_pos": {"s2s": {"20": 0.5753351836778194, "5": 0.5860852331011427, "2": 0.582618023346182, "1": 0.5759359396434585, "10": 0.5899364503741029}}, "Rouge": {"s2s": {"5": 0.5945289428732377, "20": 0.5998026749980544, "2": 0.5912714568316465, "10": 0.6022368554659041, "1": 0.5827892113756756}}, "Pos": {"s2s": {"2": 0.5869425064902531, "20": 0.465837834881464, "10": 0.5914646726646442, "5": 0.593793878412765, "1": 0.5787597069067681}}, "Grakel": {"s2s": {"20": 0.30341242680789926, "10": 0.5938741702866177, "2": 0.5850043372644973, "1": 0.5777236418909, "5": 0.5921017998174245}}}