{"bm25": {"s2s": {"1": 0.5133856878479715, "10": 0.5157536940847932, "20": 0.5194762758763412, "2": 0.501142565072643, "5": 0.5083628257979518}}, "BLEU": {"s2s": {"5": 0.5078339168117216, "20": 0.5130881515622374, "1": 0.5138264588069303, "2": 0.4972775743265633, "10": 0.5190966381533109}}, "BLEU_pos": {"s2s": {"2": 0.49204687903756683, "5": 0.501945455996651, "10": 0.5111626240134004, "20": 0.5031722992835309, "1": 0.510562076222284}}, "Rouge": {"s2s": {"5": 0.5053836688428763, "2": 0.4926169096628432, "10": 0.5150772495703264, "1": 0.5031920172009072, "20": 0.5160544049362892}}, "Pos": {"s2s": {"10": 0.5050746009872836, "2": 0.4897076254894611, "5": 0.5005714216604534, "1": 0.5152794404522233, "20": 0.4294837489724159}}, "Grakel": {"s2s": {"5": 0.4893147222727184, "1": 0.5201384423690822, "20": 0.32808911554485914, "2": 0.49320743802802364, "10": 0.4957106091494381}}}