{"bm25": {"s2s": {"5": 0.8664367371514852, "20": 0.8670468880783899, "1": 0.845764106117454, "10": 0.8669225700170156, "2": 0.861828999026962}}, "BLEU": {"s2s": {"2": 0.8645773564167174, "1": 0.8438411673361604, "10": 0.8660984106450212, "5": 0.8665481727172735, "20": 0.8669268723003006}}, "BLEU_pos": {"s2s": {"5": 0.8661489381856127, "1": 0.8446360817657629, "20": 0.8682976917845929, "10": 0.8672061599643806, "2": 0.8642739241596739}}, "Rouge": {"s2s": {"1": 0.8481220135340106, "10": 0.8664619604000461, "2": 0.8634135481632745, "5": 0.8654383121448543, "20": 0.8664230802078021}}, "Pos": {"s2s": {"1": 0.8431952315062402, "10": 0.8661089567798871, "5": 0.8661475539089663, "20": 0.8432118236841891, "2": 0.863741288395974}}, "Grakel": {"s2s": {"10": 0.8681145649948139, "20": 0.4457241454614481, "1": 0.8346718416913695, "5": 0.8673442304134369, "2": 0.8655033189317455}}}