{"Laser2": {"s2t": {"10": 45.205919449098666, "5": 45.387811566454346, "1": 43.62273893919632, "20": 45.84090108972887, "2": 44.5281904293174}, "s2s": {"1": 43.721658534258815, "2": 44.653051559462604, "10": 45.38945097392223, "5": 45.25050158912669, "20": 45.9996227759822}, "t2t": {"2": 44.579347752610936, "20": 46.092810803166685, "10": 45.87032425623221, "1": 43.901126813237504, "5": 45.36995247306447}}, "Cohere": {"t2t": {"10": 45.83114436466592, "20": 46.57264177825898, "2": 44.601325790352455, "5": 45.337366236305265, "1": 43.8550070373501}, "s2s": {"10": 45.63117627037865, "2": 44.35536093372674, "1": 43.669748643486635, "20": 46.09732150803441, "5": 45.0042160160596}, "s2t": {"10": 45.947984147558365, "2": 44.20683237311566, "20": 46.090740753614874, "1": 43.67714992947477, "5": 44.97879301292205}}, "LaBSE": {"t2t": {"2": 44.51619854196623, "20": 46.01917399356501, "10": 45.804922517477756, "5": 45.52487302957846, "1": 43.87338533058655}, "s2t": {"20": 46.17422636446883, "2": 44.722793185054314, "10": 45.61522824595816, "1": 44.05385654461015, "5": 45.4256217305483}, "s2s": {"10": 45.530441915049714, "5": 45.048317237449176, "1": 43.860946494284406, "20": 45.73289369189547, "2": 44.887803095728806}}, "SONAR": {"s2t": {"10": 45.84162078067831, "20": 45.754167537846754, "5": 45.28935546102318, "1": 43.72647015156454, "2": 44.267600988655296}, "s2s": {"5": 45.45259789485287, "10": 45.55136716819614, "20": 46.04623240693469, "1": 43.42910546409716, "2": 44.37891133224958}, "t2t": {"1": 43.821238110642206, "20": 46.42175375126311, "5": 45.62175788820204, "2": 44.80786933335254, "10": 46.01692096272159}}, "Random": {"s2s": {"10": {"mean": 45.21473688187649, "std": 0.12410124408714661}, "5": {"mean": 45.09255455342066, "std": 0.09565367519197142}, "0": {"mean": 42.512807939408326, "std": 0.0}, "20": {"mean": 45.6065854170904, "std": 0.1124607819563238}, "2": {"mean": 44.15737969546077, "std": 0.07363834974308595}, "1": {"mean": 43.622256505031004, "std": 0.07994995385888931}}}, "E5": {"s2s": {"1": 43.79151480936887, "10": 45.68706456790291, "20": 46.15067531117037, "2": 44.58845166848237, "5": 45.49569006641456}, "s2t": {"2": 44.609082151955675, "20": 46.11680279692611, "5": 45.245142862892266, "1": 43.68323017832818, "10": 45.82381190645294}, "t2t": {"10": 45.985337403913476, "2": 44.86900926108557, "1": 44.00294244791477, "5": 45.17517228944039, "20": 46.67680812737816}}}