{"Laser2": {"t2t": {"10": 35.98201363951506, "2": 35.27646140789573, "1": 34.911787926761555, "5": 35.56149179153365, "20": 35.97498777295075}, "s2t": {"5": 35.74729945770253, "2": 35.3524226789057, "1": 34.58427876839566, "10": 35.91493336526492, "20": 35.84174733567775}, "s2s": {"1": 34.586246153188014, "10": 35.68916978754695, "2": 35.22278112127029, "20": 35.994784845106295, "5": 35.68468476742442}}, "Cohere": {"s2s": {"5": 35.257318500057316, "20": 35.39856296109649, "1": 34.65141116389169, "2": 35.199314397517725, "10": 35.36831062378177}, "s2t": {"5": 35.380941217988365, "20": 35.80519640699729, "10": 35.938949637978354, "2": 34.440202230595126, "1": 34.46950790186679}, "t2t": {"5": 35.67459798490876, "10": 35.729566838088985, "2": 34.86489502866584, "1": 34.870013712939055, "20": 36.074877905511045}}, "LaBSE": {"t2t": {"5": 35.5341492221709, "10": 35.59575831675915, "1": 34.814267020115686, "2": 34.98607276353351, "20": 36.00102198722954}, "s2t": {"2": 35.03055792398868, "5": 35.63463990943015, "1": 34.55210595634988, "20": 35.69920718097816, "10": 35.64777585952143}, "s2s": {"10": 35.35183130854625, "2": 34.96923887572008, "5": 35.639309306653665, "1": 34.78989297021776, "20": 35.62116343102106}}, "SONAR": {"t2t": {"10": 35.968182311351754, "5": 35.89192741383533, "20": 36.23811099886443, "1": 34.50892473786944, "2": 35.07228175270088}, "s2t": {"10": 35.87547099220247, "1": 34.44619799099753, "2": 35.04330483008573, "20": 35.82050008998832, "5": 35.75939397126372}, "s2s": {"20": 36.18570498033545, "10": 35.698759256221706, "2": 34.79800925993252, "1": 34.510824487266625, "5": 35.679400793868616}}, "Random": {"s2s": {"20": {"mean": 35.67078496766272, "std": 0.06721676854152521}, "0": {"mean": 5.064136034096694, "std": 0.0026252773489905045}, "10": {"mean": 35.47080059874707, "std": 0.09796764905127354}, "2": {"mean": 34.95523578832245, "std": 0.25702681820351386}, "5": {"mean": 35.213920324517396, "std": 0.14157955097713454}, "1": {"mean": 34.14907938136057, "std": 0.0981973620017817}}}, "E5": {"t2t": {"1": 34.593123429940434, "5": 35.49394912668907, "10": 36.02400869603691, "2": 35.01524444314485, "20": 35.92032659277756}, "s2s": {"2": 34.97425530417838, "5": 35.885110726410446, "1": 34.80674473987958, "20": 36.100731399827126, "10": 35.74003468372338}, "s2t": {"1": 34.28472995253009, "5": 35.30285028931934, "10": 35.812101688907354, "2": 34.95184039719383, "20": 35.87197368654948}}}