{"Laser2": {"s2t": {"10": 3.500206142085215, "1": 2.950306230383965, "5": 3.5349168588641797, "20": 4.038963740138997, "2": 3.1792146531761105}, "t2t": {"5": 3.390229981151249, "10": 3.674234407804793, "1": 2.821290875445263, "2": 3.241117402107047, "20": 3.885231083699191}, "s2s": {"1": 3.115953433343315, "2": 3.3061097568602853, "5": 3.5566254156484236, "10": 3.9602699348280894, "20": 4.0893892101075116}}, "Cohere": {"s2t": {"20": 4.534645609086167, "1": 2.9229089152299736, "10": 4.158983458865583, "5": 4.00397369271201, "2": 3.6004924610535016}, "t2t": {"2": 3.5150998226632426, "5": 4.026085246753636, "1": 2.8830232010991788, "10": 4.3738068229792475, "20": 4.332553153656688}, "s2s": {"1": 2.8797639098338834, "2": 3.511091469337652, "5": 4.062798967035318, "20": 4.531971978920179, "10": 4.363813804802929}}, "LaBSE": {"s2s": {"2": 3.4661492870459543, "10": 4.3409474782814215, "20": 4.363500173200435, "5": 4.171276613229043, "1": 3.2152284242827758}, "t2t": {"20": 4.327289232434067, "2": 3.4585924442311264, "10": 4.34967487341384, "5": 3.856596279355046, "1": 3.199256341236339}, "s2t": {"1": 2.998673231381885, "5": 3.976750846032846, "10": 4.282353764616179, "2": 3.4759377876422723, "20": 4.512324565613589}}, "SONAR": {"s2s": {"10": 4.616551828828095, "2": 3.6236978598947363, "1": 3.0907253409152373, "5": 4.216700668172663, "20": 4.859236659527553}, "s2t": {"10": 4.568738808954497, "20": 4.6492739612696985, "1": 3.1829088757706807, "5": 4.461083149339601, "2": 3.528465110175383}, "t2t": {"1": 3.004705217466653, "2": 3.6358954702346207, "20": 4.777824095292716, "5": 4.239352424262903, "10": 4.53149831762424}}, "Random": {"s2s": {"1": {"mean": 2.3751473825178846, "std": 0.1397448410267452}, "10": {"mean": 2.8386552664165574, "std": 0.12766168430895886}, "20": {"mean": 2.979246515652546, "std": 0.16454815412430635}, "2": {"mean": 2.5402700824486804, "std": 0.06746230525903345}, "5": {"mean": 2.7730760711631284, "std": 0.05520360215315841}, "0": {"mean": 1.293139691472278, "std": 0.0}}}, "E5": {"t2t": {"5": 4.035278524733524, "2": 3.687784240343694, "1": 3.084465990538353, "10": 4.216104986461431, "20": 4.374962207029376}, "s2t": {"5": 4.000989722742351, "2": 3.310599108752082, "10": 4.15117852912807, "1": 2.7082789684728805, "20": 4.262356945111438}, "s2s": {"2": 3.3982690207229775, "20": 4.482734159230935, "10": 4.386536798665485, "5": 3.8132742961114583, "1": 3.121619387027883}}}