{"Laser2": {"t2t": {"2": 45.07157713423722, "20": 46.63683930093567, "10": 46.46740209246135, "5": 45.90437728396993, "1": 44.67597903119595}, "s2t": {"1": 44.708795008181866, "10": 45.99875088656835, "5": 45.93188583360615, "20": 46.04980871449621, "2": 45.051326281043636}, "s2s": {"2": 45.060909919895224, "10": 46.07117172207511, "5": 45.58773361267006, "20": 46.513721946150746, "1": 44.76490088948362}}, "Cohere": {"s2s": {"2": 44.967653299648426, "10": 46.14049690336949, "20": 46.0442269393392, "1": 44.524923932984095, "5": 45.81769903837152}, "t2t": {"20": 46.78638333071966, "2": 44.90790813222379, "5": 45.90045071317583, "1": 44.64689218297967, "10": 46.399432838269924}, "s2t": {"2": 44.86448164621037, "20": 46.52847898881, "1": 44.54592333641546, "10": 46.22052584273056, "5": 45.6428272983148}}, "LaBSE": {"t2t": {"20": 46.588061356355595, "1": 44.9023187948647, "2": 45.29717610062073, "10": 46.16012858483358, "5": 45.819336730151264}, "s2t": {"2": 45.19830115995502, "1": 44.61840017689261, "20": 46.04305617961872, "5": 45.70600355755621, "10": 46.05806502913257}, "s2s": {"1": 44.42459829128245, "5": 45.25193500520494, "10": 46.01293936796018, "20": 46.136416467846296, "2": 44.71821416973388}}, "SONAR": {"s2s": {"10": 46.031540365014436, "1": 44.85588002405294, "2": 44.78091029839899, "5": 45.505658556627786, "20": 46.46893523427846}, "s2t": {"1": 44.71654992688891, "10": 46.07781387528326, "5": 45.582583325252884, "2": 45.04699084084605, "20": 46.21742547646731}, "t2t": {"10": 46.8112327766138, "20": 47.159711412334545, "2": 45.91671483948887, "5": 46.35876589260464, "1": 45.301952396098784}}, "Random": {"s2s": {"2": {"mean": 44.86929262817142, "std": 0.047211620627376924}, "1": {"mean": 44.58585396370311, "std": 0.0959760876352421}, "0": {"mean": 5.336997576473519, "std": 0.0015973466339901953}, "5": {"mean": 45.218408999476594, "std": 0.07179652598881403}, "20": {"mean": 45.67411681942939, "std": 0.08492759383679836}, "10": {"mean": 45.35863994707545, "std": 0.16018178918103435}}}, "E5": {"t2t": {"10": 46.90166053704202, "20": 46.995024879851805, "1": 45.00826156354684, "2": 45.5227120919585, "5": 46.15014757479554}, "s2t": {"1": 44.65951057337512, "10": 46.08060381866537, "20": 46.344828821276955, "5": 45.574558663060095, "2": 45.31020163926743}, "s2s": {"2": 45.11127224158839, "10": 46.29775807505306, "5": 46.029527264500295, "1": 44.78839408749878, "20": 46.564701892042926}}}