{"Laser2": {"s2s": {"10": 3.5681446608527794, "2": 3.2960178373646145, "1": 2.570494974752503, "5": 3.5728627308975005, "20": 3.605613799402056}, "t2t": {"20": 3.1432257895692386, "5": 3.1515524559152572, "1": 2.1513407755646035, "10": 3.2391636888346196, "2": 2.806681765283648}, "s2t": {"2": 2.8690099108317337, "20": 3.265725808255608, "1": 2.3843863174218387, "10": 3.1812948229284945, "5": 3.127814679306645}}, "Cohere": {"t2t": {"2": 2.611777609538539, "20": 3.315665065431636, "1": 2.2894195174032754, "10": 3.359307352077977, "5": 3.2277212648801883}, "s2s": {"20": 3.4743586820722854, "10": 3.4056010353056654, "1": 2.009383322628888, "2": 2.451558131650178, "5": 3.241512264835785}, "s2t": {"5": 3.1780675387508666, "10": 3.261919024765602, "20": 3.7353070144855884, "2": 2.7913920487826527, "1": 2.2234005481774046}}, "LaBSE": {"s2t": {"10": 3.5150489823499966, "5": 3.475939843979018, "20": 3.7335670883970447, "1": 2.4849617866003006, "2": 3.27116633611266}, "s2s": {"5": 3.6355766530984592, "10": 3.748435153825825, "20": 3.6789385703830577, "2": 2.993704644158704, "1": 2.451159792994609}, "t2t": {"20": 3.753726837175596, "1": 2.4643270557307986, "5": 3.417858790786635, "2": 3.012797173948953, "10": 3.350548220050735}}, "SONAR": {"s2s": {"10": 3.663247921156632, "5": 3.400849614799754, "2": 2.8175173806141807, "20": 3.806572068686402, "1": 2.115928944781027}, "s2t": {"10": 3.8918229047217796, "5": 3.825316798560992, "20": 4.111239604119811, "2": 3.1890336790770744, "1": 2.5070270785863524}, "t2t": {"10": 3.67097904079925, "2": 3.1988571678653073, "1": 2.464407134910774, "20": 3.7647510785841165, "5": 3.646142586445862}}, "Random": {"s2s": {"10": {"mean": 2.3385441739484194, "std": 0.1442587830911206}, "1": {"mean": 1.2635848935236031, "std": 0.015293557984063245}, "0": {"mean": 0.19556805339942582, "std": 0.0018267673868053657}, "20": {"mean": 2.4514670309949396, "std": 0.03982931186241593}, "2": {"mean": 1.8208148702250995, "std": 0.040428582505369244}, "5": {"mean": 2.099512277823565, "std": 0.05244818181651557}}}, "E5": {"s2t": {"10": 3.038219483388936, "1": 1.6292942823565206, "2": 2.2128110334908824, "20": 3.2436547566723597, "5": 2.949695589859356}, "t2t": {"20": 3.4421777907771127, "10": 3.590099285256385, "1": 2.554432637694165, "2": 2.892174870071826, "5": 3.380757708914984}, "s2s": {"5": 3.0423416591150385, "2": 2.4110194791936577, "1": 2.020175224249613, "10": 3.1200353689475095, "20": 3.332266703630897}}}