{"Laser2": {"t2t": {"1": 45.19790642429586, "5": 46.9826006591556, "10": 47.48305418404039, "2": 46.058011580981166, "20": 47.74918754817895}, "s2s": {"2": 45.87052343888408, "5": 46.926250394860766, "10": 47.06256032262028, "20": 47.47163932024711, "1": 44.98680518669213}, "s2t": {"10": 47.22009321999129, "2": 45.9307709619985, "5": 46.6091866306145, "1": 44.96109480984235, "20": 47.69214268196883}}, "Cohere": {"s2t": {"5": 46.363351713005315, "20": 47.361781486876005, "1": 44.72241193177023, "10": 46.81556399710032, "2": 45.63315898732258}, "t2t": {"1": 45.02504332065378, "2": 45.85944527225919, "5": 46.76959644705953, "20": 47.67243942393781, "10": 47.18487338670001}, "s2s": {"20": 46.9709892222732, "10": 46.795542940321575, "2": 45.53200091825288, "5": 46.420235902189816, "1": 44.87000257586848}}, "LaBSE": {"t2t": {"1": 45.18719200124272, "20": 47.66230133888318, "5": 46.867709270212664, "2": 45.85253730070155, "10": 47.17894643762748}, "s2t": {"5": 46.61385958821523, "10": 46.863249975657894, "1": 45.19700412286101, "20": 47.421469020030315, "2": 46.193867461533884}, "s2s": {"5": 46.69332872060143, "2": 45.74083124222624, "1": 45.33357516914923, "10": 47.207285633647025, "20": 47.20707703438227}}, "SONAR": {"s2s": {"20": 47.49485966427743, "2": 46.00582028156058, "10": 47.30665528160903, "1": 45.39579274702986, "5": 46.75317729083911}, "s2t": {"10": 46.77514226328354, "2": 45.57983534316505, "20": 47.162112180081465, "5": 46.04462497969864, "1": 45.14244398490804}, "t2t": {"1": 45.0412575365905, "20": 47.3717182496315, "10": 47.14974736968227, "5": 46.630167481894105, "2": 45.88692399633449}}, "Random": {"s2s": {"10": {"mean": 46.62867930627463, "std": 0.13812151967713762}, "5": {"mean": 45.92901057114725, "std": 0.11896781647592578}, "2": {"mean": 45.53355882505402, "std": 0.10937838249360866}, "20": {"mean": 46.575799244490646, "std": 0.09507443171470133}, "1": {"mean": 44.54860652914338, "std": 0.22518099074259923}, "0": {"mean": 43.32641751745634, "std": 0.009159563027677509}}}, "E5": {"s2t": {"1": 44.93871707910713, "5": 46.43310275929456, "20": 47.628003892397174, "2": 45.80605223632322, "10": 47.13522150987965}, "s2s": {"1": 45.071178285724365, "20": 47.726779057819755, "2": 46.05654233587164, "5": 46.52569066131724, "10": 47.04560268204061}, "t2t": {"1": 45.11746510006092, "2": 46.183926817139444, "10": 47.448953800617396, "5": 46.887614525525436, "20": 47.82929428583437}}}