{"Laser2": {"t2t": {"20": 11.441298298580646, "1": 9.279457190530525, "10": 11.249060991682915, "2": 10.308057102516974, "5": 10.845752512766268}, "s2t": {"2": 9.625582178662269, "20": 10.779321355106003, "1": 8.987261282929923, "5": 10.245256105020388, "10": 10.75656106545478}, "s2s": {"5": 10.2455850959097, "20": 11.234080526212209, "10": 10.513091003305378, "1": 8.743329938862146, "2": 9.78995246593951}}, "Cohere": {"s2s": {"1": 9.216426719885131, "2": 10.281622960569159, "5": 10.926028084340336, "20": 11.423144192049522, "10": 11.309437127171162}, "s2t": {"10": 11.391641690131518, "5": 10.721952744624934, "2": 10.55571204361352, "20": 11.849815303250287, "1": 8.871616225234076}, "t2t": {"1": 9.411676319901224, "10": 11.653844181349077, "5": 11.372996465598069, "2": 10.561853773865671, "20": 12.306452045262533}}, "LaBSE": {"t2t": {"20": 11.315907875584953, "5": 10.885886154012697, "10": 11.153687499681622, "1": 9.427060154181964, "2": 10.637231989746788}, "s2s": {"5": 11.24716598994462, "1": 9.202606679188634, "10": 11.365416919237461, "20": 11.52425338691407, "2": 10.435129106684803}, "s2t": {"10": 11.082524165221452, "5": 10.868312620026199, "1": 9.227594095564058, "2": 10.393768240430141, "20": 11.578312486244066}}, "SONAR": {"s2t": {"5": 10.9194938733779, "20": 11.750962690693552, "2": 10.413544927837242, "10": 11.4292409262059, "1": 9.504803548714637}, "s2s": {"5": 10.908706549174042, "2": 10.368515705861238, "1": 9.204812245531166, "20": 11.659089826179416, "10": 11.352691008248131}, "t2t": {"2": 10.549855928889679, "1": 9.181344776693726, "5": 11.13924449646523, "20": 11.865419757725615, "10": 11.620740964030176}}, "Random": {"s2s": {"20": {"mean": 9.9692363522306, "std": 0.1424002013553757}, "1": {"mean": 8.748130223437828, "std": 0.13602500453201952}, "10": {"mean": 9.807018921456425, "std": 0.19751772379113117}, "2": {"mean": 9.188606532794497, "std": 0.26207026464578087}, "0": {"mean": 6.8238289130945935, "std": 0.0}, "5": {"mean": 9.720250769004155, "std": 0.14162140304795265}}}, "E5": {"t2t": {"1": 9.451172412639751, "5": 11.875164354018937, "10": 12.208515201054622, "20": 12.077244798896068, "2": 10.518063764466186}, "s2s": {"20": 11.548720513405671, "5": 11.014734028533017, "10": 11.277406155584949, "2": 10.185209646510323, "1": 9.364751632545127}, "s2t": {"10": 11.673886723381125, "20": 11.902176341294068, "2": 10.088758898991513, "5": 11.096567408779554, "1": 9.129039114685307}}}