{"Laser2": {"s2s": {"10": 7.577438450671914, "2": 7.073603950208482, "5": 7.420053658541667, "1": 6.694079276429445, "20": 8.002286785136885}, "s2t": {"1": 6.843328288301062, "5": 7.822330168505719, "2": 7.429814475349103, "10": 7.891134569242656, "20": 8.042708611116904}, "t2t": {"20": 8.47582347349401, "10": 8.267827272682334, "2": 7.8416374932831765, "1": 7.081799634131378, "5": 8.214146127422158}}, "Cohere": {"t2t": {"5": 8.091076330466889, "20": 8.293762422710262, "1": 6.889067030859301, "2": 7.467138058107423, "10": 8.403446699684256}, "s2t": {"10": 7.615957964870522, "20": 7.796635844443037, "2": 6.9784543494555775, "5": 6.976913331714626, "1": 6.422279588222464}, "s2s": {"2": 7.0268810235363, "20": 7.251747480782784, "5": 7.137485124542664, "10": 7.2080044891409285, "1": 6.139999387930493}}, "LaBSE": {"t2t": {"2": 7.521471633961565, "5": 7.932043487702708, "1": 6.951325492136356, "10": 8.312804309002322, "20": 8.311585735021364}, "s2s": {"2": 6.96348115283758, "20": 7.594056896433014, "5": 7.244060292444443, "1": 6.269641132896403, "10": 7.448537110883777}, "s2t": {"1": 6.707625043355003, "2": 7.143317853563233, "20": 7.570316714957001, "10": 7.855455628568427, "5": 7.366252264825305}}, "SONAR": {"s2t": {"10": 7.947582382177672, "5": 7.609662200609253, "20": 8.211703698474745, "2": 7.440552807675815, "1": 6.910821172167209}, "t2t": {"10": 8.242935888420968, "2": 7.474500525277594, "1": 6.720801883787737, "5": 7.845714047582627, "20": 8.428273617982947}, "s2s": {"20": 7.732544606172112, "2": 7.407779239757321, "1": 6.664842346786046, "5": 7.477091689062331, "10": 7.415646608612387}}, "Random": {"s2s": {"10": {"mean": 6.942642739221989, "std": 0.12253637932708722}, "1": {"mean": 6.045637576256215, "std": 0.1266952755694036}, "0": {"mean": 4.0636659336145335, "std": 0.025814053325710195}, "20": {"mean": 7.078426185903979, "std": 0.08841646114315674}, "5": {"mean": 6.985466474034621, "std": 0.009551134415466511}, "2": {"mean": 6.486645813677374, "std": 0.1714562811765688}}}, "E5": {"t2t": {"1": 6.545893238187571, "20": 8.192449534801412, "10": 7.8534519477289, "2": 7.458820304108444, "5": 7.847584613289792}, "s2t": {"2": 7.197006847671599, "5": 7.33936855698793, "10": 7.628399169159036, "20": 8.041604015737954, "1": 6.081531296130324}, "s2s": {"1": 6.357715014561165, "5": 7.28075388213102, "20": 7.481456080880989, "10": 7.426230064092668, "2": 6.932479441982021}}}