{"SONAR": {"s2s": {"5": 17.33945944399534}}, "Random": {"s2s": {"5": {"122": 15.34751243848169, "42": 15.599783751331858, "13": 15.440240859961678}}}, "bm25": {"s2s": {"5": 17.281525970774847}}}