{"SONAR": {"s2s": {"5": 0.6221375428069206}}, "Random": {"s2s": {"5": {"122": 0.5906082679473218, "42": 0.5931057993925754, "13": 0.5840528261945361}}}, "bm25": {"s2s": {"5": 0.6188236629395257}}}