{"SONAR": {"s2s": {"5": 0.7176555159404164}}, "Random": {"s2s": {"5": {"122": 0.6923386869827907, "42": 0.6990340452180023, "13": 0.6967729955627805}}}, "bm25": {"s2s": {"5": 0.7235685874450775}}}