{"SONAR": {"s2s": {"5": 34.84038440720113}}, "Random": {"s2s": {"5": {"13": 34.18770844937678, "122": 34.32473349046273, "42": 34.07271354291225}}}, "bm25": {"s2s": {"5": 34.988731114687695}}}