{"SONAR": {"s2s": {"5": 1.2668833689833627}}, "Random": {"s2s": {"5": {"122": 1.0066029013664628, "42": 0.976918626271121, "13": 0.9507911050423327}}}, "bm25": {"s2s": {"5": 1.350632799168978}}}