{"SONAR": {"s2s": {"5": 6.769791261946555}}, "Random": {"s2s": {"5": {"122": 5.700347919561544, "42": 6.055038628443769, "13": 5.585050279755191}}}, "bm25": {"s2s": {"5": 6.624801821266029}}}