{"SONAR": {"s2s": {"5": 0.42726640228714263}}, "Random": {"s2s": {"5": {"122": 0.3926643715515023, "42": 0.39075191558116956, "13": 0.3879243649045626}}}, "bm25": {"s2s": {"5": 0.43342263575820694}}}