{"SONAR": {"s2s": {"5": 0.7273577578933466}}, "Random": {"s2s": {"5": {"122": 0.7111204340060552, "42": 0.714330870260795, "13": 0.7158991425803729}}}, "bm25": {"s2s": {"5": 0.7323144863545895}}}