{"SONAR": {"s2s": {"5": 0.6077768238101686}}, "Random": {"s2s": {"5": {"122": 0.5679860289749645, "42": 0.5733780118326346, "13": 0.5635085902469499}}}, "bm25": {"s2s": {"5": 0.5999934258489382}}}