{"SONAR": {"s2s": {"5": 0.7146188509109475}}, "Random": {"s2s": {"5": {"13": 0.7031564054673626, "122": 0.7046779282674903, "42": 0.7044528892920131}}}, "bm25": {"s2s": {"5": 0.7106233632635502}}}