{"SONAR": {"s2s": {"5": 0.43894912966660093}}, "Random": {"s2s": {"5": {"122": 0.4094610015480291, "42": 0.4064167678498086, "13": 0.4060491606096427}}}, "bm25": {"s2s": {"5": 0.44700481103289696}}}