{"SONAR": {"s2s": {"5": 0.7157515082969552}}, "Random": {"s2s": {"5": {"13": 0.7057786583403747, "122": 0.7068567473193009, "42": 0.7070179840638524}}}, "bm25": {"s2s": {"5": 0.712587945333549}}}