{"SONAR": {"s2s": {"5": 12.78928575802984}}, "Random": {"s2s": {"5": {"122": 11.59607239748491, "42": 11.611866978001776, "13": 11.398948655465754}}}, "bm25": {"s2s": {"5": 13.253060100057462}}}