{"SONAR": {"s2s": {"5": 27.281719053155584}}, "Random": {"s2s": {"5": {"122": 25.03947577992901, "42": 25.470939532485854, "13": 24.714257343749615}}}, "bm25": {"s2s": {"5": 26.917974248228248}}}