{"SONAR": {"s2s": {"5": 37.0472029164154}}, "Random": {"s2s": {"5": {"122": 35.107970010621194, "42": 35.28925055256843, "13": 35.36492122625869}}}, "bm25": {"s2s": {"5": 37.519785200057825}}}