{"SONAR": {"s2s": {"5": 15.920127211473572}}, "Random": {"s2s": {"5": {"13": 15.014054149145833, "122": 15.175481211919465, "42": 14.902607440121256}}}, "bm25": {"s2s": {"5": 15.916280587591453}}}