{"bm25": {"s2s": {"1": 2.170246827507821, "10": 3.1769655141024202, "20": 3.251321175715602, "2": 2.5880783973729162, "5": 2.8707602880509233}}, "Rouge": {"s2s": {"5": 2.8644640919533404, "2": 2.237717289789407, "10": 2.8998442632077044, "1": 1.7849992739186422, "20": 3.026346593080757}}, "Pos": {"s2s": {"10": 2.9350774204401366, "2": 2.2214131035275515, "5": 2.44438249889713, "1": 2.213010088525813, "20": 2.996210146985087}}, "Grakel": {"s2s": {"5": 2.2613772643529315, "1": 1.695632833070334, "20": 2.551336264830703, "2": 1.9915766809362465, "10": 2.43375596460471}}, "BLEU_pos": {"s2s": {"2": 2.5171400424762687, "5": 2.4721355047907783, "10": 2.626491037509283, "20": 2.8166892678155007, "1": 2.1698812033130377}}, "BLEU": {"s2s": {"5": 2.726176042758441, "20": 3.2263416592720646, "1": 2.0929421831937858, "2": 2.540630022945696, "10": 2.982325125342734}}}