{"bm25": {"s2s": {"5": 49.37273653067618, "20": 50.66618004925706, "1": 48.835174147525954, "10": 50.174743856503575, "2": 46.08529147228817}}, "Rouge": {"s2s": {"1": 48.38825039043282, "10": 49.82509195840021, "2": 48.84933462499228, "5": 49.19255648362618, "20": 50.4408415403218}}, "Pos": {"s2s": {"1": 48.834007836798044, "10": 50.47821648008202, "5": 50.043839632902, "20": 50.5645477552275, "2": 49.11159485230838}}, "Grakel": {"s2s": {"10": 50.343646203934235, "20": 50.58678946828784, "1": 49.68478149736144, "5": 50.27291734694505, "2": 49.49614265144294}}, "BLEU_pos": {"s2s": {"5": 49.853153371463364, "1": 48.61001089856875, "20": 50.670653078491924, "10": 50.14443707626315, "2": 48.84970408694401}}, "BLEU": {"s2s": {"2": 49.365430247910325, "1": 49.06919548049904, "10": 50.38271793989757, "5": 49.715011402190555, "20": 50.48557911961848}}}