{"bm25": {"s2s": {"1": 4.522487439539972, "2": 5.309069685849508, "10": 6.631972655307956, "5": 5.99540832406526, "20": 7.0491489271575345}}, "Rouge": {"s2s": {"10": 5.602757589242534, "1": 4.109063322155875, "20": 6.050846019600462, "5": 5.177758141978344, "2": 4.3675865929159565}}, "Pos": {"s2s": {"20": 4.972514136037531, "10": 4.759503505257342, "2": 4.313206539296785, "5": 4.487238923650409, "1": 3.830940530144057}}, "Grakel": {"s2s": {"2": 3.870572793835134, "10": 4.56117778957739, "20": 4.673101009790885, "1": 3.6545892086828218, "5": 4.1768590693941485}}, "BLEU_pos": {"s2s": {"2": 4.19740129023725, "20": 4.906295029333113, "1": 3.933758109725796, "5": 4.588171367664152, "10": 4.9168370439017215}}, "BLEU": {"s2s": {"5": 5.691100118097923, "1": 4.61685987650202, "2": 5.234742140385526, "20": 6.477421449985773, "10": 6.35211768800017}}}