{"bm25": {"s2s": {"2": 38.35556609948479, "5": 39.28162025838319, "1": 38.57030582240877, "10": 39.90415716055994, "20": 39.85449282765312}}, "Rouge": {"s2s": {"5": 39.12160166381693, "20": 39.97590559426301, "2": 38.94378445006669, "10": 39.60687433498545, "1": 38.61419738424434}}, "Pos": {"s2s": {"2": 38.59815050904276, "20": 39.91582911407365, "10": 39.599934608795, "5": 39.678329320851674, "1": 38.604188947336425}}, "Grakel": {"s2s": {"20": 39.67396538697142, "10": 39.87068961963705, "2": 37.93088190325713, "1": 38.542906401853045, "5": 39.63238294505418}}, "BLEU_pos": {"s2s": {"20": 39.48409726944821, "5": 39.204170022336704, "2": 38.685560205242375, "1": 38.14295778490277, "10": 39.60414320924009}}, "BLEU": {"s2s": {"10": 39.681298740681015, "1": 38.33504755257537, "20": 40.219702746404344, "5": 39.07291260282501, "2": 39.042228815844425}}}