{"Laser2": {"s2t": {"10": 4.304187525653128, "1": 2.8273026786785853, "5": 3.837880714078699, "20": 4.739178496392795, "2": 3.380157826240641}, "t2t": {"5": 3.8961522175690613, "10": 4.250877099165189, "1": 3.1146492917938606, "2": 3.38015293972112, "20": 4.9892126958899485}, "s2s": {"1": 3.1187254073659263, "2": 3.364747202218499, "5": 4.092548032659634, "10": 4.718999525440288, "20": 5.468735669399968}}, "Cohere": {"s2t": {"20": 6.082370251153882, "1": 3.446076660989207, "10": 5.596519676047834, "5": 4.835380085820436, "2": 3.8515858988587883}, "t2t": {"2": 3.8457013084579605, "5": 4.904511649136112, "1": 3.4793631654768267, "10": 5.601160419109326, "20": 6.197766664330364}, "s2s": {"1": 3.57193003535869, "2": 3.701751043775969, "5": 4.901767477380763, "20": 6.62072544052362, "10": 5.419718092663174}}, "LaBSE": {"s2s": {"2": 3.7656548822226843, "10": 5.115251400305907, "20": 5.9468430005974415, "5": 4.5989549293662835, "1": 3.3205857896215107}, "t2t": {"20": 5.8477110020835905, "2": 3.555752783665157, "10": 5.196024234542164, "5": 4.185161879121904, "1": 3.244446154556698}, "s2t": {"1": 3.3324244479317113, "5": 4.490953562621847, "10": 5.265523479579129, "2": 3.635169971079941, "20": 6.056000184843754}}, "SONAR": {"s2s": {"10": 5.351511223405822, "2": 4.05465118665501, "1": 3.474042629165022, "5": 4.638061705669931, "20": 6.260394137214562}, "s2t": {"10": 5.458014457386933, "20": 6.147512862958739, "1": 3.3834066851875146, "5": 4.946388394178285, "2": 3.8511064220678524}, "t2t": {"1": 3.3494514635604884, "2": 3.7960599460218827, "20": 6.338196007362895, "5": 4.673033538208795, "10": 5.557353830873653}}, "Random": {"s2s": {"1": {"mean": 2.8331829868089073, "std": 0.13143599075439275}, "10": {"mean": 2.9039124912759067, "std": 0.048495685909928664}, "20": {"mean": 3.1956096811342527, "std": 0.05374457814898805}, "2": {"mean": 2.788031907466422, "std": 0.08990952536355584}, "5": {"mean": 2.8134444246082935, "std": 0.11086035016267615}, "0": {"mean": 2.363661348736487, "std": 0.0033872112161017123}}}, "E5": {"t2t": {"5": 4.580536950198046, "2": 3.779196992370916, "1": 3.304699939879097, "10": 5.601877244731989, "20": 6.138258436477901}, "s2t": {"5": 4.506180553955813, "2": 3.7467902783815386, "10": 5.144771324458935, "1": 3.404975778547666, "20": 5.9282356128303055}, "s2s": {"2": 3.901786129332455, "20": 6.1092884444622735, "10": 5.503540669562261, "5": 4.734507166425304, "1": 3.45164596838202}}}