{"Laser2": {"s2s": {"10": 3.559031368961395, "2": 3.332978242448638, "1": 3.2869241523337114, "5": 3.2539267560662437, "20": 3.624624339842473}, "t2t": {"20": 3.3223195454617183, "5": 2.9742219326684185, "1": 3.0100555094680272, "10": 3.271059528256647, "2": 2.837936120907437}, "s2t": {"2": 2.8608106867428442, "20": 3.3362991286484562, "1": 2.98245346325229, "10": 3.025761701374106, "5": 2.851075714768638}}, "Cohere": {"t2t": {"2": 3.2119815571754673, "20": 3.7392178271219416, "1": 3.0251870470582536, "10": 3.5135116430233437, "5": 3.072838202388917}, "s2s": {"20": 3.7714772529045244, "10": 3.655150514226603, "1": 2.7956591313635504, "2": 2.963960550687497, "5": 3.304104685586385}, "s2t": {"5": 3.3273325042285373, "10": 3.8106240973425005, "20": 4.098780069710766, "2": 3.122278681825403, "1": 3.003148235457394}}, "LaBSE": {"s2t": {"10": 3.6256577547328526, "5": 3.252259229184069, "20": 3.791308198139953, "1": 3.255933561179612, "2": 3.111102013838897}, "s2s": {"5": 3.3322075819655343, "10": 3.75568659517065, "20": 3.592640341456297, "2": 3.365716241960673, "1": 3.2357576309135108}, "t2t": {"20": 3.7933121912370424, "1": 3.192909233454443, "5": 3.165631437253181, "2": 3.1226528585722777, "10": 3.475118230300176}}, "SONAR": {"s2s": {"10": 3.6723601694452204, "5": 3.4044098500980295, "2": 3.341514082294818, "20": 3.859589288828817, "1": 3.1922726733869897}, "s2t": {"10": 4.028528890855869, "5": 3.6304932620703685, "20": 4.185146622086588, "2": 3.5539511921179043, "1": 3.373562813695811}, "t2t": {"10": 3.7080051274380006, "2": 3.497533622992244, "1": 3.3965861005208597, "20": 4.039484795360783, "5": 3.325743428911475}}, "Random": {"s2s": {"10": {"mean": 2.6845497579915505, "std": 0.0466915213163706}, "1": {"mean": 2.375763385743714, "std": 0.08486709626177882}, "0": {"mean": 2.59444756252309, "std": 0.0}, "20": {"mean": 2.9936381390916167, "std": 0.056572705218322784}, "2": {"mean": 2.1909496309461995, "std": 0.1281392264930276}, "5": {"mean": 2.312711936665543, "std": 0.07887644721883925}}}, "E5": {"s2t": {"10": 3.4545468137203827, "1": 2.8445431335293283, "2": 2.9207408405307875, "20": 3.8001112019105, "5": 3.22403567280936}, "t2t": {"20": 3.639202466459118, "10": 3.4387209937358207, "1": 3.1823198982132554, "2": 3.206187897087431, "5": 3.2464572553471003}, "s2s": {"5": 3.280314424403343, "2": 2.7045468662087075, "1": 2.8030113824779015, "10": 3.34264937200962, "20": 3.7825733686059175}}}