{"Laser2": {"t2t": {"10": 38.044010228547535, "2": 37.607706527625496, "1": 36.44521445461242, "5": 37.835845892364674, "20": 38.34500892662636}, "s2t": {"5": 38.01280637148992, "2": 37.39620660532681, "1": 36.33837157802686, "10": 38.01098301917909, "20": 38.03324526645088}, "s2s": {"1": 36.29041019137429, "10": 37.7219520891752, "2": 37.25366800972117, "20": 38.10019087173573, "5": 37.43491545713045}}, "Cohere": {"s2s": {"5": 37.96969018651702, "20": 38.43252310901343, "1": 36.408323601857404, "2": 37.5424834028913, "10": 38.55662935191991}, "s2t": {"5": 38.271352660394285, "20": 37.975641826845695, "10": 37.88303989830153, "2": 37.33185228198151, "1": 36.30050057061999}, "t2t": {"5": 38.17372115227396, "10": 38.58992376395705, "2": 37.23777128272702, "1": 36.288713920691734, "20": 38.448531476057354}}, "LaBSE": {"t2t": {"5": 37.82799385895595, "10": 38.15560313402188, "1": 36.62165894218951, "2": 37.42452219538188, "20": 38.29171997811049}, "s2t": {"2": 37.281257045297615, "5": 37.905451715889875, "1": 36.66945242930071, "20": 37.77560786035928, "10": 38.17300444824938}, "s2s": {"10": 37.91328222945191, "2": 36.87556340809072, "5": 37.7671649870929, "1": 36.4708236230409, "20": 37.85150274815608}}, "SONAR": {"t2t": {"10": 38.72184797150476, "5": 38.32385532596231, "20": 39.107206186523264, "1": 36.80732550955128, "2": 37.97489058490607}, "s2t": {"10": 37.87921899894284, "1": 36.490570560640926, "2": 37.24565965186141, "20": 38.38692599395365, "5": 38.078382982230565}, "s2s": {"20": 38.16276408673579, "10": 38.16807863451542, "2": 37.16274795980539, "1": 36.61278368289235, "5": 38.10624909584408}}, "Random": {"s2s": {"20": {"mean": 37.36270192052033, "std": 0.10723616657820431}, "0": {"mean": 32.974613157518675, "std": 0.013352360119213003}, "10": {"mean": 37.466488064621856, "std": 0.06591697361544331}, "2": {"mean": 36.70741196421466, "std": 0.059054737790632784}, "5": {"mean": 37.3336003225268, "std": 0.0591981074434095}, "1": {"mean": 36.10192026850543, "std": 0.1586254832361826}}}, "E5": {"t2t": {"1": 36.31341790749238, "5": 38.20814062699931, "10": 38.37788147366116, "2": 37.417588448637595, "20": 38.56307212720578}, "s2s": {"2": 37.159546174069376, "5": 37.86903688869993, "1": 36.36718115971776, "20": 38.0721940604025, "10": 38.22689830117959}, "s2t": {"1": 36.267662745232656, "5": 37.64427391637298, "10": 37.9345791154185, "2": 37.44173775845015, "20": 37.91907309394634}}}