{"Laser2": {"t2t": {"2": 47.81224682221588, "20": 49.348657893606024, "10": 49.367580422322035, "5": 49.10708467892777, "1": 47.38656196142957}, "s2t": {"1": 47.564935930381985, "10": 49.24020007368389, "5": 48.72542890774929, "20": 49.3791130090439, "2": 47.77504188258698}, "s2s": {"2": 48.19576972379116, "10": 49.03183908933874, "5": 48.77078397117555, "20": 49.13300984939777, "1": 47.47263738194811}}, "Cohere": {"s2s": {"2": 47.89978398080501, "10": 48.84538552904173, "20": 49.24365797945216, "1": 47.26124323672354, "5": 48.3820939558394}, "t2t": {"20": 49.16057872327665, "2": 48.2806115104915, "5": 48.75181163134448, "1": 47.19117322616473, "10": 49.407435302860826}, "s2t": {"2": 48.04574482743275, "20": 49.15690688882541, "1": 46.934741246779936, "10": 48.73574165032251, "5": 48.53442756057707}}, "LaBSE": {"t2t": {"20": 48.89073909048934, "1": 47.20773054204125, "2": 47.91520173534807, "10": 49.01531198283745, "5": 48.41344607990644}, "s2t": {"2": 48.16971273740066, "1": 47.29062316124067, "20": 49.17694152870976, "5": 48.468498648369334, "10": 49.06121624703778}, "s2s": {"1": 47.352198696315405, "5": 48.82743756514937, "10": 48.983767142582685, "20": 49.025717766391395, "2": 47.955022005861416}}, "SONAR": {"s2s": {"10": 49.176646067216105, "1": 47.3836103466144, "2": 47.813811161081624, "5": 48.99568159955742, "20": 49.48930513078605}, "s2t": {"1": 47.20556961271256, "10": 48.44184353520713, "5": 48.584024399983015, "2": 48.09814756742399, "20": 49.10868198595975}, "t2t": {"10": 49.440474217107784, "20": 49.74423477911851, "2": 48.6805251590518, "5": 49.47965734656003, "1": 47.79734085596223}}, "Random": {"s2s": {"2": {"mean": 47.60814886872807, "std": 0.1385096519622746}, "1": {"mean": 47.244521518138356, "std": 0.08157203016889178}, "0": {"mean": 44.577856573786086, "std": 0.024099851415528752}, "5": {"mean": 48.03111684889024, "std": 0.21867268121986888}, "20": {"mean": 48.417951527279484, "std": 0.16627814935776922}, "10": {"mean": 48.43064361570884, "std": 0.21534122467340033}}}, "E5": {"t2t": {"10": 49.421930069988655, "20": 49.580749075990184, "1": 47.56101883731851, "2": 48.711690713862204, "5": 49.26806710296031}, "s2t": {"1": 47.67848503193651, "10": 48.97945185393448, "20": 48.92761459407858, "5": 48.51419962551987, "2": 48.27494869819272}, "s2s": {"2": 47.89909023791409, "10": 48.658103985207234, "5": 48.51812236411589, "1": 46.89162285322002, "20": 49.00515712696251}}}