{"bm25": {"s2s": {"5": 61.42154312402776, "20": 61.863417967354216, "1": 60.423405963312845, "10": 61.71995306536338, "2": 60.92558168746361}}, "Rouge": {"s2s": {"1": 59.88248441184623, "10": 61.214843154235076, "2": 60.416562072471635, "5": 61.14875184695134, "20": 61.641482219724985}}, "Pos": {"s2s": {"1": 60.04763085085373, "10": 61.30119313935902, "5": 61.08422366312063, "20": 61.50547766661185, "2": 60.63311024803665}}, "Grakel": {"s2s": {"10": 61.275041053587856, "20": 61.293777319226116, "1": 60.16789448619989, "5": 61.199911608066714, "2": 60.882627388755616}}, "BLEU_pos": {"s2s": {"5": 61.03978581961509, "1": 60.12914409858452, "20": 61.32119355460984, "10": 61.12917020387359, "2": 60.632819542021444}}, "BLEU": {"s2s": {"2": 60.65732036097542, "1": 60.52591540866995, "10": 61.42352552432377, "5": 61.12909054587337, "20": 61.43352744790418}}}