{"bm25": {"s2s": {"1": 11.335441975872172, "10": 13.537634139115143, "20": 14.036538866651533, "2": 11.067437556804274, "5": 12.605075320077288}}, "Rouge": {"s2s": {"5": 11.390407976799539, "2": 10.016694326933859, "10": 12.292756056532479, "1": 10.16950849335917, "20": 12.839741975546842}}, "Pos": {"s2s": {"10": 12.90191208789508, "2": 10.934116678461946, "5": 12.273898003471551, "1": 11.028029222252387, "20": 13.837930695525497}}, "Grakel": {"s2s": {"5": 12.775832583041177, "1": 11.867298442566284, "20": 14.454330464542808, "2": 11.435913595996738, "10": 13.551793904241219}}, "BLEU_pos": {"s2s": {"2": 9.656622725706459, "5": 10.66448575766635, "10": 11.822417977517437, "20": 12.218598061066876, "1": 10.430779215069858}}, "BLEU": {"s2s": {"5": 11.978790766714393, "20": 13.121779112202475, "1": 11.035616027180849, "2": 10.322874845705087, "10": 12.863465431010448}}}