{"bm25": {"s2s": {"1": 33.72846390289383, "2": 35.151682597796366, "10": 38.14491316881277, "5": 37.06640022000332, "20": 38.361362319123145}}, "Rouge": {"s2s": {"10": 36.522107887028774, "1": 32.59398153427301, "20": 37.24627628476973, "5": 35.72367821374259, "2": 34.170372158842476}}, "Pos": {"s2s": {"20": 35.52684792314989, "10": 35.47108095084424, "2": 34.52740350355384, "5": 35.01866189212774, "1": 33.04605775395393}}, "Grakel": {"s2s": {"2": 33.386244447191324, "10": 35.231813350530125, "20": 35.7408689948228, "1": 31.915012059592502, "5": 34.66373136474641}}, "BLEU_pos": {"s2s": {"2": 34.42292235480411, "20": 35.77788038869255, "1": 32.97995220037077, "5": 35.04633582262826, "10": 35.3813253787905}}, "BLEU": {"s2s": {"5": 36.907584191235266, "1": 33.79717661334291, "2": 35.125489455964235, "20": 37.21868207723444, "10": 37.09867457131405}}}