{"bm25": {"s2s": {"2": 52.68386655625691, "5": 53.6036269933095, "1": 52.00035011410697, "10": 53.51391183570385, "20": 53.70180856905979}}, "Rouge": {"s2s": {"5": 53.648410969560445, "20": 53.92084161435964, "2": 52.919475384119266, "10": 53.74225485545209, "1": 52.20735789501174}}, "Pos": {"s2s": {"2": 52.99632161536584, "20": 53.81404702852058, "10": 53.68831420650883, "5": 53.628422001408616, "1": 52.33499858523138}}, "Grakel": {"s2s": {"20": 53.730099686662754, "10": 53.74436782992819, "2": 53.2137984726547, "1": 52.32896994427186, "5": 53.728929369457944}}, "BLEU_pos": {"s2s": {"20": 53.87582292072056, "5": 53.36013626664684, "2": 52.73594888642394, "1": 52.54020932068655, "10": 53.44121286305802}}, "BLEU": {"s2s": {"10": 53.55911709670068, "1": 52.08982218666451, "20": 54.1582412103721, "5": 53.64348098377688, "2": 52.86646581916743}}}