{"bm25": {"s2s": {"5": 0.8827008874461114, "20": 0.8835836481965578, "1": 0.8794471854159954, "10": 0.8823796867911995, "2": 0.8811476221786657}}, "BLEU": {"s2s": {"2": 0.8804907120852602, "1": 0.8776039972960242, "10": 0.8844629878936549, "5": 0.8837121230340287, "20": 0.8844440479287988}}, "BLEU_pos": {"s2s": {"5": 0.8835574768395292, "1": 0.8806887896282399, "20": 0.8848474450379964, "10": 0.8838329338155716, "2": 0.8817268103478926}}, "Rouge": {"s2s": {"1": 0.8796378325803478, "10": 0.8829707821956265, "2": 0.8804625725675478, "5": 0.8830970300162734, "20": 0.8834892467194395}}, "Pos": {"s2s": {"1": 0.8798411829551689, "10": 0.8848032067297947, "5": 0.8843838619620432, "20": 0.8854004424433464, "2": 0.8836295867979291}}, "Grakel": {"s2s": {"10": 0.8842656498134371, "20": 0.8849481497946464, "1": 0.8775140932308355, "5": 0.8835664626520142, "2": 0.8844039548527111}}}