{"bm25": {"s2s": {"2": 0.8770819516050015, "5": 0.8801809100529893, "1": 0.875586128988756, "10": 0.8809865359732285, "20": 0.8823050405432584}}, "BLEU": {"s2s": {"10": 0.8805787968835812, "1": 0.8737317407319668, "20": 0.8812837303273763, "5": 0.8803885453362239, "2": 0.8752704017718319}}, "BLEU_pos": {"s2s": {"20": 0.882441803636287, "5": 0.8802938441867414, "2": 0.8799810021997911, "1": 0.8750516897428177, "10": 0.8802065683212205}}, "Rouge": {"s2s": {"5": 0.87913411873367, "20": 0.8817585243773555, "2": 0.8777689358933641, "10": 0.8808224009195336, "1": 0.8748599985842648}}, "Pos": {"s2s": {"2": 0.8798529094033561, "20": 0.8821610127513116, "10": 0.88172221207336, "5": 0.8816635746494113, "1": 0.8759656347658323}}, "Grakel": {"s2s": {"20": 0.8817827850580215, "10": 0.8807329711588946, "2": 0.8750746590582278, "1": 0.8716674551308862, "5": 0.8797224058581906}}}