{"bm25": {"s2s": {"1": 0.5242605516797469, "2": 0.5342194370689834, "10": 0.5804664728198599, "5": 0.5690083487967964, "20": 0.6045900326178008}}, "BLEU": {"s2s": {"5": 0.5589788857067055, "1": 0.514443967196899, "2": 0.5244983160507538, "20": 0.5871510233126375, "10": 0.5692325650821091}}, "BLEU_pos": {"s2s": {"2": 0.5176970430101331, "20": 0.5586195073491735, "1": 0.510077907295213, "5": 0.540660370715522, "10": 0.5481737659942255}}, "Rouge": {"s2s": {"10": 0.5629429532722994, "1": 0.5142842305919869, "20": 0.5743529152552129, "5": 0.5446680293753449, "2": 0.5235414412535226}}, "Pos": {"s2s": {"20": 0.5592212081544484, "10": 0.5582147182624331, "2": 0.5168559704815211, "5": 0.5363232890666709, "1": 0.5126201818170755}}, "Grakel": {"s2s": {"2": 0.5055721937844404, "10": 0.5463460618298751, "20": 0.5500484095378355, "1": 0.5034714637861657, "5": 0.5303592085249339}}}