{"bm25": {"s2s": {"1": 0.30575902176939923, "10": 0.4678957468347823, "20": 0.4868451305352181, "2": 0.3863104710230243, "5": 0.4494666763150645}}, "BLEU": {"s2s": {"5": 0.4339290611416455, "20": 0.4745999122325611, "1": 0.3060549636014365, "2": 0.3786808060916516, "10": 0.4634332396237275}}, "BLEU_pos": {"s2s": {"2": 0.34553568355238484, "5": 0.4039989717658094, "10": 0.44061247573009593, "20": 0.4584946709246975, "1": 0.2726629579461846}}, "Rouge": {"s2s": {"5": 0.42862559472148126, "2": 0.3515590912857546, "10": 0.44933676584200427, "1": 0.2982095918754344, "20": 0.472937892945741}}, "Pos": {"s2s": {"10": 0.449563146417909, "2": 0.35093053888249776, "5": 0.4142217918670931, "1": 0.2904678218272835, "20": 0.45752289022499393}}, "Grakel": {"s2s": {"5": 0.3813719949114464, "1": 0.2684815671780835, "20": 0.43463656929111766, "2": 0.34060901770066365, "10": 0.41204007380741386}}}