{"Laser2": {"s2t": {"10": 31.502678578157642, "5": 31.474165054109164, "1": 31.173850622400483, "20": 15.479736302094027, "2": 31.02543867539596}, "s2s": {"1": 31.152578140759832, "2": 31.21503806954909, "10": 31.757645778300873, "5": 31.418071029734225, "20": 17.685913540612937}, "t2t": {"2": 31.39208169658476, "20": 17.488660580578482, "10": 31.82974846467858, "1": 31.186738049103525, "5": 31.770970602995558}}, "Cohere": {"t2t": {"10": 32.467136375056235, "20": 32.62879854196558, "2": 31.904953840875788, "5": 32.410532198781844, "1": 31.080423153213047}, "s2s": {"10": 32.37561194883425, "2": 31.609167743715457, "1": 31.150380923607173, "20": 32.24824539816314, "5": 31.84311735576512}, "s2t": {"10": 32.30379448923696, "2": 31.63603372053412, "20": 32.19711079457298, "1": 31.308190327441267, "5": 32.229342103241976}}, "LaBSE": {"t2t": {"2": 31.571466125303203, "20": 31.10978884144053, "10": 32.49674659405819, "5": 32.19128834275044, "1": 31.27936765380039}, "s2t": {"20": 31.327599618600306, "2": 31.576754898565675, "10": 31.965230096798127, "1": 31.470304322417043, "5": 31.919081495277222}, "s2s": {"10": 32.085129268918784, "5": 31.956008390464056, "1": 31.124481947760305, "20": 31.300248982367584, "2": 31.368872896524483}}, "SONAR": {"s2t": {"10": 32.45964565502972, "20": 31.63418879744092, "5": 32.21118280892764, "1": 31.308599983345395, "2": 31.655871925439374}, "s2s": {"5": 32.33515256307634, "10": 32.299356253381, "20": 31.631662748726146, "1": 31.176376998646383, "2": 31.80322297837744}, "t2t": {"1": 31.55398687826871, "20": 32.03133777828233, "5": 32.41896391934979, "2": 31.83768888297471, "10": 32.69854919006278}}, "Random": {"s2s": {"10": {"mean": 31.125067321534797, "std": 0.15265610024756032}, "5": {"mean": 31.23930647832501, "std": 0.18643765809975732}, "0": {"mean": 28.93899379321702, "std": 3.552713678800501e-15}, "20": {"mean": 31.244490991846437, "std": 0.08609457466663281}, "2": {"mean": 30.74111154844725, "std": 0.16307429123020745}, "1": {"mean": 30.568095061760317, "std": 0.059359039454463476}}}, "E5": {"s2s": {"1": 31.491058036705944, "10": 32.358955297666476, "20": 32.813063050604754, "2": 31.587271280435008, "5": 31.898505907118338}, "s2t": {"2": 31.343776132248067, "20": 32.28367387353725, "5": 32.10775961164444, "1": 31.07565821369171, "10": 31.91942262535304}, "t2t": {"10": 32.20978220352036, "2": 31.790001396878708, "1": 31.421919953646956, "5": 32.10323662979523, "20": 32.96742350890316}}}