{"Laser2": {"s2s": {"10": 2.8608718745559405, "2": 2.535149616027787, "1": 2.3662081878770844, "5": 2.8341503852465793, "20": 2.3009342631524476}, "t2t": {"20": 2.0236578037933595, "5": 2.6598813936711245, "1": 1.9013927990663961, "10": 2.528591294359378, "2": 2.31551009943103}, "s2t": {"2": 2.34399366955408, "20": 2.166062648178156, "1": 1.9647527823309958, "10": 2.567855756559246, "5": 2.625292797174389}}, "Cohere": {"t2t": {"2": 2.282957502275885, "20": 2.6090786690422556, "1": 2.016758221189758, "10": 2.5420784231528204, "5": 2.680523938317259}, "s2s": {"20": 2.5963590926746747, "10": 2.514133738584144, "1": 1.7958154190060243, "2": 2.1095353576775397, "5": 2.2894624404419335}, "s2t": {"5": 2.7085996293987353, "10": 2.747252582842177, "20": 3.0318421614925506, "2": 2.5002041654908287, "1": 1.9540964548631043}}, "LaBSE": {"s2t": {"10": 2.7559832348021103, "5": 2.55639964554035, "20": 3.1892933554102685, "1": 2.209613013120682, "2": 2.2821796520912137}, "s2s": {"5": 2.632862194094992, "10": 2.8901043874770536, "20": 2.976430632292969, "2": 2.5149738637269543, "1": 2.3761401012010825}, "t2t": {"20": 2.809597906215133, "1": 2.2753409265104936, "5": 2.674267175216675, "2": 2.406866964480983, "10": 2.7873545252767675}}, "SONAR": {"s2s": {"10": 2.9997907682920704, "5": 2.8612053028275186, "2": 2.6521212285824842, "20": 2.7919147252889935, "1": 2.1652754599828765}, "s2t": {"10": 3.094480758040309, "5": 2.9339054301191174, "20": 3.227945923474302, "2": 2.739540444809315, "1": 2.3857550674978163}, "t2t": {"10": 3.1352065187554365, "2": 2.957987841804824, "1": 2.5681352644968696, "20": 3.1061661058685313, "5": 3.127183439144928}}, "Random": {"s2s": {"10": {"mean": 1.9152591919352517, "std": 0.0884620801387161}, "1": {"mean": 0.9461703581888896, "std": 0.15629591445987623}, "0": {"mean": 2.547915589497821, "std": 0.0}, "20": {"mean": 2.040734305760886, "std": 0.041331153011764855}, "2": {"mean": 1.3412250791464002, "std": 0.1128393100819051}, "5": {"mean": 1.589422282186116, "std": 0.09484574536247146}}}, "E5": {"s2t": {"10": 2.452172721757915, "1": 1.5469417206587381, "2": 2.151941008559188, "20": 2.6219879301272315, "5": 2.412209394794018}, "t2t": {"20": 3.0580408625800413, "10": 2.8676845105206428, "1": 2.1606149248091002, "2": 2.5775465902421093, "5": 2.781267196647702}, "s2s": {"5": 2.403953948360337, "2": 2.1660797153835825, "1": 1.8713520628030678, "10": 2.6186384521370547, "20": 2.7587412965513187}}}