{"Laser2": {"s2t": {"10": 11.789302062155969, "1": 8.86792951543813, "5": 11.18328291157415, "20": 12.362685797926764, "2": 10.354273457675719}, "t2t": {"5": 11.25141277457435, "10": 12.119068358047299, "1": 8.74892517218794, "2": 10.32997831363724, "20": 12.193957437531356}, "s2s": {"1": 8.63959183821345, "2": 10.688424422869785, "5": 11.581774816579083, "10": 11.74177343762955, "20": 13.16055675373103}}, "Cohere": {"s2t": {"20": 13.38322687835933, "1": 8.61089032709043, "10": 12.104294310610724, "5": 11.669527752552263, "2": 10.479882576361721}, "t2t": {"2": 10.450490067052426, "5": 11.283635438495152, "1": 9.238562055747941, "10": 12.668984854399957, "20": 13.634247239320722}, "s2s": {"1": 8.892976458063211, "2": 10.006548530688852, "5": 12.285003151815765, "20": 13.719946414032366, "10": 12.706361961248291}}, "LaBSE": {"s2s": {"2": 10.413864783413274, "10": 12.318811449822546, "20": 13.275805836856957, "5": 11.710880980573107, "1": 8.73866728278234}, "t2t": {"20": 13.194336958174086, "2": 10.838838144888514, "10": 12.199986798656939, "5": 11.924994487114418, "1": 8.478910564878749}, "s2t": {"1": 8.620670596834604, "5": 11.770283264816936, "10": 11.979938651356143, "2": 10.312454857285283, "20": 12.77501029541259}}, "SONAR": {"s2s": {"10": 12.727488958643391, "2": 10.27140577708788, "1": 8.607556864842321, "5": 11.99978436591125, "20": 13.60008581659442}, "s2t": {"10": 12.493695441574438, "20": 13.76757673920761, "1": 8.212162326894246, "5": 11.56612764874717, "2": 10.45825949654231}, "t2t": {"1": 8.88575906000183, "2": 10.423900618656608, "20": 13.458699851280677, "5": 12.112084422499146, "10": 12.962692898555433}}, "Random": {"s2s": {"1": {"mean": 8.150743627128602, "std": 0.08616032446264259}, "10": {"mean": 11.026369929016488, "std": 0.23053001028984849}, "20": {"mean": 11.189282923517851, "std": 0.2760647616964925}, "2": {"mean": 9.350100025300009, "std": 0.10190204076476336}, "5": {"mean": 10.491014882702908, "std": 0.2646916907417261}, "0": {"mean": 3.1553781463142214, "std": 0.0}}}, "E5": {"t2t": {"5": 11.902119634116936, "2": 11.088144297619626, "1": 9.060483144729867, "10": 12.04937996481185, "20": 13.111071057067663}, "s2t": {"5": 11.243880926028458, "2": 10.378580814809524, "10": 12.27335322168505, "1": 8.857693960751439, "20": 13.03294034243396}, "s2s": {"2": 10.478248988988396, "20": 12.894719740124916, "10": 12.529046176324389, "5": 12.071681326491085, "1": 8.639247975542268}}}