{"Laser2": {"t2t": {"2": 46.955992551744124, "20": 47.88769095024977, "10": 48.032627840614055, "5": 47.7964735829434, "1": 42.24259024037937}, "s2t": {"1": 41.85399807086667, "10": 48.021315483573545, "5": 47.76225793278586, "20": 47.76502465999174, "2": 46.47889006156852}, "s2s": {"2": 46.384715860249436, "10": 47.869157295725856, "5": 47.394835194260956, "20": 46.89915234790443, "1": 42.09319573323838}}, "Cohere": {"s2s": {"2": 46.16209422460208, "10": 47.547267400421056, "20": 47.824825652193496, "1": 42.31638774860396, "5": 47.040549665580954}, "t2t": {"20": 47.88758881395944, "2": 46.299474997024866, "5": 47.76886965874617, "1": 42.86344374707665, "10": 47.93664476346675}, "s2t": {"2": 46.606720874759525, "20": 47.776908418248325, "1": 42.683908553930316, "10": 47.70915498356761, "5": 47.39789581281541}}, "LaBSE": {"t2t": {"20": 48.1292554251355, "1": 41.72074087951005, "2": 46.513107259537115, "10": 48.015178765807256, "5": 47.443848395265285}, "s2t": {"2": 46.46210437138443, "1": 42.492283177707954, "20": 48.349394822270256, "5": 47.45281501696832, "10": 47.968939325764765}, "s2s": {"1": 42.52423947275801, "5": 47.337406999140505, "10": 47.78528211310867, "20": 47.95913963477547, "2": 46.38021422073147}}, "SONAR": {"s2s": {"10": 48.03486956502029, "1": 42.92159224727848, "2": 46.70051596490276, "5": 47.48513417991249, "20": 48.325608041347415}, "s2t": {"1": 42.545007489283286, "10": 47.63490064994179, "5": 47.22225575456757, "2": 47.09440779430124, "20": 48.22005336480332}, "t2t": {"10": 48.43049769453388, "20": 48.581613477343474, "2": 46.93391046030709, "5": 47.7275488875795, "1": 43.19944342391241}}, "Random": {"s2s": {"2": {"mean": 45.70334160539756, "std": 0.254627534407068}, "1": {"mean": 40.75946549504144, "std": 0.1299587822947969}, "0": {"mean": 27.504487081106287, "std": 0.0}, "5": {"mean": 46.67192724245772, "std": 0.04538159010188882}, "20": {"mean": 47.28890491996713, "std": 0.12983877752234274}, "10": {"mean": 47.22160285464704, "std": 0.12381935979190314}}}, "E5": {"t2t": {"10": 48.03459491492539, "20": 48.46621642229334, "1": 43.12304577168509, "2": 46.9329492914673, "5": 47.766558025065315}, "s2t": {"1": 42.56467047146315, "10": 47.66732851207624, "20": 47.94610127163414, "5": 47.183250567429376, "2": 46.840832767971364}, "s2s": {"2": 46.50395935566658, "10": 47.878717746977784, "5": 47.180554674895355, "1": 42.68834418701431, "20": 47.78280543149326}}}