{"Laser2": {"t2t": {"10": 15.378156846773154, "2": 14.458335192317218, "1": 13.239108048521835, "5": 14.903869132454993, "20": 8.990085237383092}, "s2t": {"5": 15.076249202028736, "2": 14.64477271300046, "1": 12.74803172200073, "10": 15.143046098322342, "20": 9.513675724578974}, "s2s": {"1": 12.839212654484493, "10": 15.013948192887334, "2": 13.931361506807338, "20": 8.506874832933404, "5": 14.618763105362394}}, "Cohere": {"s2s": {"5": 14.718146509388415, "20": 15.225008118176586, "1": 12.416895633394395, "2": 14.043745187410906, "10": 15.082355737945285}, "s2t": {"5": 14.934249352806173, "20": 15.010683783022332, "10": 14.99832581350135, "2": 14.360193848979725, "1": 12.459120998903472}, "t2t": {"5": 14.834074892533144, "10": 15.094854077702697, "2": 14.41289359279604, "1": 12.65880540674112, "20": 15.481938585073253}}, "LaBSE": {"t2t": {"5": 15.006442731065839, "10": 15.192882341498901, "1": 12.691762292512085, "2": 14.229429507683552, "20": 14.851925073155567}, "s2t": {"2": 14.431294124444644, "5": 14.936988618289739, "1": 12.551539365614827, "20": 15.069131202370704, "10": 15.251225232160197}, "s2s": {"10": 15.151676950149433, "2": 14.183739803214989, "5": 14.874612195232649, "1": 12.594937087784047, "20": 14.401519914395335}}, "SONAR": {"t2t": {"10": 15.875047606584118, "5": 15.353084362053622, "20": 15.365019658907263, "1": 12.636465582448977, "2": 14.386260559146422}, "s2t": {"10": 15.330871249682954, "1": 12.686745825292038, "2": 14.242992066612594, "20": 15.341296361624483, "5": 14.88130135699181}, "s2s": {"20": 15.30806297074694, "10": 15.167527565696721, "2": 14.325054312414718, "1": 12.56108621227749, "5": 14.856875398975568}}, "Random": {"s2s": {"20": {"mean": 14.268781469586388, "std": 0.021321026690824692}, "0": {"mean": 6.5906994273492385, "std": 8.881784197001252e-16}, "10": {"mean": 13.978900338107943, "std": 0.11699556243991864}, "2": {"mean": 13.499676630667373, "std": 0.15392172454638428}, "5": {"mean": 13.932365599031732, "std": 0.1963316708145226}, "1": {"mean": 12.269580029471527, "std": 0.1267341466622585}}}, "E5": {"t2t": {"1": 12.47689437376995, "5": 14.873191913941206, "10": 15.393924250124606, "2": 14.132141396065451, "20": 15.316381750697884}, "s2s": {"2": 14.223626959005212, "5": 14.916373289377972, "1": 12.508938340947108, "20": 15.127875272311485, "10": 15.25448581764741}, "s2t": {"1": 12.193539142924708, "5": 14.598403377622857, "10": 14.774780528176123, "2": 13.832959479666005, "20": 15.219862454473603}}}