{"Laser2": {"t2t": {"1": 44.40195560757776, "5": 45.0965674437958, "10": 44.91047250770172, "2": 44.76692450819471, "20": 43.83930243618271}, "s2s": {"2": 44.76290669750921, "5": 44.83573635281382, "10": 44.595376303614856, "20": 44.13221615736874, "1": 44.242709599108835}, "s2t": {"10": 45.274858488966146, "2": 44.610831591640846, "5": 45.051960465768836, "1": 43.860562494570786, "20": 43.69310440726914}}, "Cohere": {"s2t": {"5": 45.39673709842334, "20": 45.354537067889815, "1": 44.28757240333921, "10": 44.9296468001373, "2": 44.93116592268154}, "t2t": {"1": 44.651436261190106, "2": 44.9779597996698, "5": 45.18211809959774, "20": 45.62307893731584, "10": 45.65316804661545}, "s2s": {"20": 44.931530612776136, "10": 44.98879380962, "2": 44.8641228518614, "5": 45.191591586934216, "1": 44.30013611254442}}, "LaBSE": {"t2t": {"1": 44.19774120653765, "20": 45.35585462613029, "5": 45.41863005232951, "2": 44.97221250681521, "10": 45.250192782258175}, "s2t": {"5": 44.98000745434575, "10": 44.66471219352689, "1": 44.16040771455117, "20": 45.0254472804498, "2": 44.87374696606226}, "s2s": {"5": 45.27403621967902, "2": 44.79606372243212, "1": 44.052633695459384, "10": 45.18236627240538, "20": 44.99918454456587}}, "SONAR": {"s2s": {"20": 45.15943724454851, "2": 44.915030388864025, "10": 45.117932319192434, "1": 44.34322357683834, "5": 45.21534527117915}, "s2t": {"10": 45.427910877870055, "2": 44.988038991347295, "20": 45.19993229060259, "5": 45.33145687420502, "1": 44.314291879663976}, "t2t": {"1": 44.58800893296749, "20": 45.24852825409524, "10": 45.38578831080471, "5": 45.29331563439313, "2": 45.38581024393343}}, "Random": {"s2s": {"10": {"mean": 45.022652331577014, "std": 0.12860385553672557}, "5": {"mean": 45.05183921100422, "std": 0.2191196639813167}, "2": {"mean": 44.79355150693379, "std": 0.13859686711329097}, "20": {"mean": 44.963851376819626, "std": 0.07543532988273548}, "1": {"mean": 43.95815990877296, "std": 0.09413269666218564}, "0": {"mean": 41.109088348958764, "std": 0.0}}}, "E5": {"s2t": {"1": 44.5014512429061, "5": 45.3570920773489, "20": 45.16997746091947, "2": 44.599779324072585, "10": 45.38257310519622}, "s2s": {"1": 44.368057426462855, "20": 45.19458745423264, "2": 44.57212070249286, "5": 45.294988955272764, "10": 45.511452097128576}, "t2t": {"1": 44.491773163017214, "2": 44.92634822550757, "10": 45.59153222611436, "5": 45.342638746757245, "20": 45.348874912817976}}}