{"Laser2": {"t2t": {"20": 27.114320608393776, "1": 27.736656865719453, "10": 28.688690612125168, "2": 28.4111059387451, "5": 29.026591924304494}, "s2t": {"2": 28.302621151444114, "20": 26.91531425251114, "1": 27.794322502963674, "5": 28.427366660333018, "10": 28.399292553629937}, "s2s": {"5": 28.28119054336695, "20": 26.649345864412776, "10": 28.27335721772039, "1": 27.84665130977776, "2": 27.92461446692602}}, "Cohere": {"s2s": {"1": 27.72008121710051, "2": 28.315843697244787, "5": 28.79340719126816, "20": 28.414023545894405, "10": 28.659575108541638}, "s2t": {"10": 28.980099275042935, "5": 28.779074425550128, "2": 28.219000575125527, "20": 28.62061393372546, "1": 27.689622066470363}, "t2t": {"1": 27.73629640387655, "10": 28.94094339451989, "5": 29.30312480749266, "2": 28.952100963496097, "20": 29.18862017193775}}, "LaBSE": {"t2t": {"20": 28.544666016005706, "5": 28.944078399882358, "10": 28.99367468396177, "1": 28.26686889173988, "2": 28.72478293508131}, "s2s": {"5": 28.9900639784641, "1": 27.70149634546291, "10": 28.43626168865675, "20": 28.58042840965382, "2": 28.543574367897424}, "s2t": {"10": 29.00995822646519, "5": 29.097226078152424, "1": 27.656206077027747, "2": 28.612257369208617, "20": 28.547491021534157}}, "SONAR": {"s2t": {"5": 28.629445113676027, "20": 28.459300323524694, "2": 28.701427266221536, "10": 29.025895299350495, "1": 27.318513997944116}, "s2s": {"5": 28.711727634235743, "2": 28.393551132255993, "1": 27.393682805807504, "20": 28.491489552472313, "10": 28.620845571937142}, "t2t": {"2": 28.81199760838839, "1": 27.647401588943843, "5": 29.237187485946155, "20": 29.161061816937753, "10": 29.326245421505448}}, "Random": {"s2s": {"20": {"mean": 28.189849954724426, "std": 0.23663962329903565}, "1": {"mean": 27.560858808077644, "std": 0.27237522139637654}, "10": {"mean": 28.40285101269833, "std": 0.11930976995638351}, "2": {"mean": 28.259920745707912, "std": 0.26039462885823794}, "0": {"mean": 22.244110178397268, "std": 3.552713678800501e-15}, "5": {"mean": 28.523064994659695, "std": 0.013025844178660394}}}, "E5": {"t2t": {"1": 27.70900989391593, "5": 29.2168221802277, "10": 29.67837975336336, "20": 29.22354484276458, "2": 28.75127821423194}, "s2s": {"20": 28.512361521006362, "5": 28.78546378212285, "10": 28.47787730407152, "2": 28.57468322041368, "1": 27.58801283432811}, "s2t": {"10": 28.849462450568705, "20": 28.653390964580577, "2": 28.54124751751525, "5": 28.83882137068867, "1": 27.887761590648154}}}