{"Laser2": {"s2s": {"10": 6.646252910924793, "2": 6.328238650787019, "5": 6.762892541761095, "1": 5.3250725355928115, "20": 3.7189559123440676}, "s2t": {"1": 5.33958664278263, "5": 6.841498688955297, "2": 6.3539984901754325, "10": 6.980496658268814, "20": 3.044372372304257}, "t2t": {"20": 4.550638929454022, "10": 7.34577947016375, "2": 6.699182419108914, "1": 5.837148634227979, "5": 7.314172883881224}}, "Cohere": {"t2t": {"5": 7.518506940289565, "20": 6.80044059690981, "1": 6.370334195178496, "2": 7.191773748480764, "10": 7.475021078882799}, "s2t": {"10": 6.959301848507144, "20": 6.47556559808261, "2": 6.679400935793908, "5": 7.0487659593151974, "1": 6.039525029532228}, "s2s": {"2": 6.64708356620518, "20": 6.516443279585511, "5": 6.767079785833342, "10": 6.75191800097124, "1": 5.634456547973843}}, "LaBSE": {"t2t": {"2": 7.121845193757219, "5": 7.599325016379996, "1": 6.431811707637389, "10": 7.166862712519683, "20": 6.83100616290527}, "s2s": {"2": 6.657687951370044, "20": 5.618121078142624, "5": 6.820772914938692, "1": 5.686980952330361, "10": 6.430147151238319}, "s2t": {"1": 5.77905568317742, "2": 6.729766560744887, "20": 6.461953138662886, "10": 6.6729550935629405, "5": 6.68538482114682}}, "SONAR": {"s2t": {"10": 7.111592725146956, "5": 7.270991790874373, "20": 6.523792553706517, "2": 7.056004842934932, "1": 6.442769354577056}, "t2t": {"10": 7.155534680766784, "2": 7.286942951587186, "1": 6.451625410039913, "5": 7.645743571805385, "20": 6.757477829904692}, "s2s": {"20": 6.609096022190739, "2": 6.791304357879537, "1": 6.1584079487773264, "5": 7.228360572704158, "10": 7.165831917911203}}, "Random": {"s2s": {"10": {"mean": 6.5868588236411485, "std": 0.16717152288831147}, "1": {"mean": 5.41136966319436, "std": 0.04380417501373104}, "0": {"mean": 3.0044252254598747, "std": 4.440892098500626e-16}, "20": {"mean": 6.2877361150364495, "std": 0.04473832852248758}, "5": {"mean": 6.685436643915132, "std": 0.14389334301732504}, "2": {"mean": 6.240635237384178, "std": 0.09996847328207026}}}, "E5": {"t2t": {"1": 6.489356779739504, "20": 7.118867328366592, "10": 7.317820321937484, "2": 7.209047958608201, "5": 7.270629644682131}, "s2t": {"2": 6.885371507629864, "5": 6.771010319741891, "10": 6.922159245099367, "20": 6.749669588877549, "1": 5.7870960288046}, "s2s": {"1": 5.5683945850331344, "5": 7.082392997230868, "20": 6.312016701393176, "10": 6.572284684362245, "2": 6.524677869931549}}}