{"bm25": {"s2s": {"1": 0.40429866472958575, "2": 0.39395937448728224, "10": 0.421414201703703, "5": 0.41142600970600435, "20": 0.36000938823984074}}, "BLEU": {"s2s": {"5": 0.40461482901288115, "1": 0.3982438473951204, "2": 0.3864164371853289, "20": 0.360965541906272, "10": 0.4106997549975578}}, "BLEU_pos": {"s2s": {"2": 0.36541684656569606, "20": 0.2902266448400473, "1": 0.3751831723767307, "5": 0.3741936880520917, "10": 0.3836926945702361}}, "Rouge": {"s2s": {"10": 0.40426283608017705, "1": 0.38743876673192845, "20": 0.4048912313880892, "5": 0.39873434285165765, "2": 0.383021556783335}}, "Pos": {"s2s": {"20": 0.0828244552575788, "10": 0.38519979031248525, "2": 0.3686642564038043, "5": 0.3810392354905841, "1": 0.37385956262764725}}, "Grakel": {"s2s": {"2": 0.3539182247056556, "10": 0.3677979354477918, "20": 0.0, "1": 0.3540718624360948, "5": 0.3599460377788591}}}