{"bm25": {"s2s": {"1": 0.36895018148975883, "10": 0.42295318160191353, "20": 0.37705968523567374, "2": 0.34583363416991214, "5": 0.40283155124708125}}, "BLEU": {"s2s": {"5": 0.40215333883941407, "20": 0.3750634890771195, "1": 0.3548335603073887, "2": 0.3422371690629028, "10": 0.42431531877444667}}, "BLEU_pos": {"s2s": {"2": 0.31315249775944964, "5": 0.3681763900304029, "10": 0.38503266906314215, "20": 0.31060319505779166, "1": 0.34240201061127684}}, "Rouge": {"s2s": {"5": 0.3767493293720036, "2": 0.3320936815511332, "10": 0.40983723112834775, "1": 0.3596812286984779, "20": 0.4144898039609076}}, "Pos": {"s2s": {"10": 0.3980965029168506, "2": 0.32878241735131375, "5": 0.37131870546830975, "1": 0.33855295316739514, "20": 0.10770843967265291}}, "Grakel": {"s2s": {"5": 0.3504759829211612, "1": 0.3576136221998765, "20": 0.0, "2": 0.3272315581943913, "10": 0.3685485283906752}}}