{"bm25": {"s2s": {"2": 0.7544690190921188, "5": 0.7545923033191753, "1": 0.7460369793146024, "10": 0.7572647453002308, "20": 0.7401046099605061}}, "BLEU": {"s2s": {"10": 0.7575699824677862, "1": 0.7486246231751951, "20": 0.7262372526638357, "5": 0.7532406454324251, "2": 0.7503321225581904}}, "BLEU_pos": {"s2s": {"20": 0.6660371102363225, "5": 0.758498816445411, "2": 0.7508646966852689, "1": 0.7422748803503428, "10": 0.7562617583001555}}, "Rouge": {"s2s": {"5": 0.7533249256344652, "20": 0.753311518093814, "2": 0.7518545905415248, "10": 0.7566204762800409, "1": 0.7470176649894639}}, "Pos": {"s2s": {"2": 0.7504989177930967, "20": 0.28791243618302664, "10": 0.7547841876921918, "5": 0.7558316762445001, "1": 0.7414844659977986}}, "Grakel": {"s2s": {"20": 0.0, "10": 0.7536233106237862, "2": 0.7445269547137818, "1": 0.7426505691625855, "5": 0.7455717822014107}}}