{"bm25": {"s2s": {"5": 0.8136194669917638, "20": 0.8044722740770328, "1": 0.807415525403183, "10": 0.8108078262845989, "2": 0.8061672994211728}}, "BLEU": {"s2s": {"2": 0.8098527176283565, "1": 0.8085866783977497, "10": 0.809849417992967, "5": 0.8111869268148784, "20": 0.7882628944728214}}, "BLEU_pos": {"s2s": {"5": 0.807902804653164, "1": 0.8074693108794717, "20": 0.7253715830299223, "10": 0.8082723429080526, "2": 0.8086848233940573}}, "Rouge": {"s2s": {"1": 0.8043936870609347, "10": 0.810008002481913, "2": 0.8083121925297934, "5": 0.8108953187470379, "20": 0.8087959891781505}}, "Pos": {"s2s": {"1": 0.805897587107811, "10": 0.8073357943548516, "5": 0.8095428808168932, "20": 0.35060304971669504, "2": 0.8080535486281625}}, "Grakel": {"s2s": {"10": 0.8090838277528408, "20": 0.001714856669365653, "1": 0.8060854838594146, "5": 0.8104494275606197, "2": 0.8103766492880852}}}