{"SONAR": {"s2s": {"5": 0.6359672022007761}}, "Random": {"s2s": {"5": {"122": 0.5856990873529797, "42": 0.5854144761463006, "13": 0.5837265457922504}}}, "bm25": {"s2s": {"5": 0.64267369165307}}}