{"SONAR": {"s2s": {"5": 0.763043401461272}}, "Random": {"s2s": {"5": {"122": 0.7260426595026539, "42": 0.726176541532789, "13": 0.7280147402627127}}}, "bm25": {"s2s": {"5": 0.7590039517127333}}}