{"SONAR": {"s2s": {"5": 0.4869764676193396}}, "Random": {"s2s": {"5": {"122": 0.398081541515532, "42": 0.40299095059434575, "13": 0.40218981275246257}}}, "bm25": {"s2s": {"5": 0.4880987018772534}}}