{"SONAR": {"s2s": {"5": 0.6531269655695984}}, "Random": {"s2s": {"5": {"122": 0.6055922983941577, "42": 0.6052249285436812, "13": 0.6032849317860036}}}, "bm25": {"s2s": {"5": 0.6584999570463385}}}