{"SONAR": {"s2s": {"5": 20.381211287145693}}, "Random": {"s2s": {"5": {"13": 16.142922320329475, "122": 16.013393140197987, "42": 16.347542098971452}}}, "bm25": {"s2s": {"5": 20.221760438938247}}}