{"SONAR": {"s2s": {"5": 38.74159252286239}}, "Random": {"s2s": {"5": {"13": 35.078571768775404, "122": 34.91665669697918, "42": 35.466947733199014}}}, "bm25": {"s2s": {"5": 38.547719254013245}}}