{"SONAR": {"s2s": {"5": 42.42191250721653}}, "Random": {"s2s": {"5": {"122": 37.624812101623284, "42": 37.58383507065932, "13": 37.98965220322002}}}, "bm25": {"s2s": {"5": 42.597598580062375}}}