{"SONAR": {"s2s": {"5": 0.49842526454301106}}, "Random": {"s2s": {"5": {"122": 0.41589411880288807, "42": 0.41878125927987553, "13": 0.4202701109576793}}}, "bm25": {"s2s": {"5": 0.49781343882282575}}}