{"SONAR": {"s2s": {"5": 1.4243791713608642}}, "Random": {"s2s": {"5": {"122": 0.8277778870052414, "42": 0.8020537341983569, "13": 0.7997212913620532}}}, "bm25": {"s2s": {"5": 1.6251166496981735}}}