{"SONAR": {"s2s": {"5": 30.217565015732184}}, "Random": {"s2s": {"5": {"122": 25.93896343779122, "42": 26.21004986639975, "13": 25.896977809726785}}}, "bm25": {"s2s": {"5": 31.10772104855814}}}