{"SONAR": {"s2s": {"5": 0.7569101264859949}}, "Random": {"s2s": {"5": {"122": 0.7197875414292018, "42": 0.7187895429134369, "13": 0.722413619777986}}}, "bm25": {"s2s": {"5": 0.754235579960403}}}