{"SONAR": {"s2s": {"5": 0.7360446445927733}}, "Random": {"s2s": {"5": {"13": 0.7055533681809902, "122": 0.7052751582577115, "42": 0.7121108296371642}}}, "bm25": {"s2s": {"5": 0.7357789955110777}}}