{"SONAR": {"s2s": {"5": 0.7374011026890505}}, "Random": {"s2s": {"5": {"13": 0.7083580646557467, "122": 0.7074239785330636, "42": 0.71395372026733}}}, "bm25": {"s2s": {"5": 0.7370718906748862}}}