{"SONAR": {"s2s": {"5": 14.18901526519132}}, "Random": {"s2s": {"5": {"122": 11.180321558121035, "42": 11.251424954799681, "13": 11.347212056722372}}}, "bm25": {"s2s": {"5": 14.527796872691171}}}