{"SONAR": {"s2s": {"5": 8.595615688496697}}, "Random": {"s2s": {"5": {"122": 6.375527648368504, "42": 6.4612772427936305, "13": 6.32341118834267}}}, "bm25": {"s2s": {"5": 9.138667697528819}}}