{"SONAR": {"s2s": {"5": 22.943314759029015}}, "Random": {"s2s": {"5": {"122": 17.19737976706487, "42": 17.1279384227266, "13": 17.491074682868042}}}, "bm25": {"s2s": {"5": 23.148430645069897}}}