{"Laser2": {"t2t": {"10": 34.15676054471126, "2": 32.907975128202885, "1": 32.527711026041516, "5": 33.689833617646315, "20": 34.19719268894721}, "s2t": {"5": 33.545173359205634, "2": 32.92801255046066, "1": 32.56209846162371, "10": 33.70318136191234, "20": 33.86797685958178}, "s2s": {"1": 32.19232609971647, "10": 33.94906760596191, "2": 32.525494397843275, "20": 34.081879721932886, "5": 33.24992756728689}}, "Cohere": {"s2s": {"5": 33.414356514893534, "20": 33.92491862379385, "1": 31.754452317661972, "2": 32.87442490807686, "10": 33.56253656778276}, "s2t": {"5": 33.57974279514327, "20": 33.96585139515213, "10": 33.56933652061376, "2": 32.76896321940928, "1": 32.09330373771616}, "t2t": {"5": 33.4277899631587, "10": 33.70145502163652, "2": 32.88423669792316, "1": 32.21362399792537, "20": 33.92077729238739}}, "LaBSE": {"t2t": {"5": 33.373579684094274, "10": 33.56969865398228, "1": 32.375997979121124, "2": 33.048799252183336, "20": 33.97490227363652}, "s2t": {"2": 33.22265899034271, "5": 33.818047926157355, "1": 32.18991286968842, "20": 33.94175032249549, "10": 33.80291649199623}, "s2s": {"10": 33.73564830116356, "2": 33.157439770163464, "5": 33.243484638125956, "1": 32.45298449041183, "20": 33.77899965173029}}, "SONAR": {"t2t": {"10": 34.18248477911026, "5": 33.58548126544725, "20": 34.11548144917207, "1": 32.503332762798074, "2": 33.210469768748055}, "s2t": {"10": 33.96120732371384, "1": 32.26130148231069, "2": 33.19320974875259, "20": 34.33759754087831, "5": 33.76469916942536}, "s2s": {"20": 34.00448472023309, "10": 34.017740700061424, "2": 32.98196135043679, "1": 32.36877147381222, "5": 33.6768414233812}}, "Random": {"s2s": {"20": {"mean": 33.28007861598036, "std": 0.18309203784629735}, "0": {"mean": 23.339830607619863, "std": 0.0}, "10": {"mean": 33.22560845802685, "std": 0.24261363850454254}, "2": {"mean": 32.725285407088286, "std": 0.10342520724985102}, "5": {"mean": 32.78519922811617, "std": 0.18767891902175443}, "1": {"mean": 31.658915953309478, "std": 0.20028517009243313}}}, "E5": {"t2t": {"1": 32.319065410803354, "5": 33.68750343703962, "10": 34.04668644818876, "2": 33.127233750762066, "20": 33.98952781328155}, "s2s": {"2": 33.00752105607494, "5": 33.40348314866787, "1": 32.306619694906644, "20": 34.03180901774051, "10": 33.94278943411216}, "s2t": {"1": 32.07852756468359, "5": 32.917059140614555, "10": 33.77781842849994, "2": 32.83250184338561, "20": 33.896877529577694}}}