{"Laser2": {"s2s": {"10": 2.6814815133902874, "2": 2.2027089208958643, "1": 2.3530381656756902, "5": 2.52798352583992, "20": 2.810875889203352}, "t2t": {"20": 2.7629225090019713, "5": 2.331482394252057, "1": 2.0480514784135937, "10": 2.504789232201429, "2": 1.8590745991547695}, "s2t": {"2": 1.8722922529684223, "20": 2.453825816610162, "1": 2.0939136109161933, "10": 2.5029102854314473, "5": 2.271453332554643}}, "Cohere": {"t2t": {"2": 2.032375885829312, "20": 2.8316148478907466, "1": 2.2775833062607456, "10": 2.603224765493809, "5": 2.309319225185849}, "s2s": {"20": 3.106123006166523, "10": 2.9824437973836275, "1": 2.2482704549413857, "2": 2.131105332728602, "5": 2.711216701368063}, "s2t": {"5": 2.4479645014353157, "10": 2.9421311554446845, "20": 3.086250312236932, "2": 2.166639549896761, "1": 2.4224539974919153}}, "LaBSE": {"s2t": {"10": 2.8433910124174893, "5": 2.6201466446657933, "20": 2.8796078613165994, "1": 2.2146663752356095, "2": 2.1233471419351844}, "s2s": {"5": 2.7257552724318863, "10": 3.020523424307186, "20": 3.1750506136550416, "2": 2.3372824387413718, "1": 2.3673972106767667}, "t2t": {"20": 2.7305042187788824, "1": 2.470507750763256, "5": 2.5357947634369276, "2": 2.1591899977401323, "10": 2.597213204468385}}, "SONAR": {"s2s": {"10": 3.1722468538174247, "5": 2.7807380598106337, "2": 2.475933291441749, "20": 3.344209505625631, "1": 2.639151009657073}, "s2t": {"10": 2.9204093786333547, "5": 2.915800630006571, "20": 3.2075942468826795, "2": 2.415147800205377, "1": 2.6838474259818934}, "t2t": {"10": 3.056188951946085, "2": 2.3829640221869193, "1": 2.6882067218347605, "20": 3.535506474488843, "5": 2.7891074284365804}}, "Random": {"s2s": {"10": {"mean": 1.6804794274372015, "std": 0.07691574185634965}, "1": {"mean": 1.2178053356393994, "std": 0.1195745863995483}, "0": {"mean": 2.846043128851306, "std": 0.004216893791677009}, "20": {"mean": 1.9387061250520805, "std": 0.061830162084256214}, "2": {"mean": 1.2576597548322328, "std": 0.02799361299504214}, "5": {"mean": 1.4637545198753994, "std": 0.02933122084395194}}}, "E5": {"s2t": {"10": 2.688064806927252, "1": 2.1008523282679388, "2": 2.0605835582799763, "20": 2.979621946128077, "5": 2.3856646236505883}, "t2t": {"20": 3.1222423911008907, "10": 2.9281639683053764, "1": 2.4308786041500157, "2": 2.2093368090529952, "5": 2.690976011830759}, "s2s": {"5": 2.527412371216549, "2": 2.0960123360395806, "1": 2.2241059847580043, "10": 2.723256174992414, "20": 2.933848971271118}}}