{"Laser2": {"s2t": {"10": 13.031998675107136, "1": 10.830015944340518, "5": 12.824546138038375, "20": 13.750565437118976, "2": 11.625456465674189}, "t2t": {"5": 13.144188381382405, "10": 13.616244301539579, "1": 11.032206155174405, "2": 11.688027403364242, "20": 13.626954109245487}, "s2s": {"1": 11.113968332718988, "2": 12.290351037476896, "5": 13.443820753486303, "10": 13.790561284534203, "20": 14.651913624306047}}, "Cohere": {"s2t": {"20": 14.733863231439882, "1": 11.06865407152981, "10": 14.695331569477306, "5": 13.580042319938345, "2": 12.211755350860317}, "t2t": {"2": 12.329826876153081, "5": 13.827728029594601, "1": 11.395632755003788, "10": 14.540658883951103, "20": 14.807995532188114}, "s2s": {"1": 11.388969290633792, "2": 12.997127342741571, "5": 14.127664989150007, "20": 15.191619594348593, "10": 14.700947246842112}}, "LaBSE": {"s2s": {"2": 12.623563477578541, "10": 14.507745775939354, "20": 14.775490130011104, "5": 13.661784435730507, "1": 11.434236100079143}, "t2t": {"20": 14.650989636827832, "2": 12.491301421449291, "10": 14.193802320672393, "5": 13.949972540623813, "1": 11.4496491903982}, "s2t": {"1": 11.146314844347128, "5": 13.701134246491188, "10": 14.085170063573361, "2": 12.59597170070979, "20": 14.5784422581174}}, "SONAR": {"s2s": {"10": 14.525556721850027, "2": 12.858068739566827, "1": 11.407749274051756, "5": 13.660379322907257, "20": 15.165796734712973}, "s2t": {"10": 14.659595287990081, "20": 15.233856731937129, "1": 11.591060321996967, "5": 14.091080391817135, "2": 13.137782726849984}, "t2t": {"1": 11.510999711815426, "2": 13.317537775389319, "20": 15.176312798270336, "5": 14.035633309751965, "10": 14.368416068561682}}, "Random": {"s2s": {"1": {"mean": 10.671978325381842, "std": 0.2238815644238091}, "10": {"mean": 12.569498325889695, "std": 0.05388124945410943}, "20": {"mean": 12.371600931829398, "std": 0.24414608911562527}, "2": {"mean": 11.297974287077162, "std": 0.23126444856982006}, "5": {"mean": 11.957045695385391, "std": 0.10269650762724149}, "0": {"mean": 5.113585237152934, "std": 0.0}}}, "E5": {"t2t": {"5": 13.770678456385186, "2": 12.646737349642803, "1": 11.393166945753304, "10": 14.587734395437755, "20": 14.885067092626265}, "s2t": {"5": 13.464166341626742, "2": 12.157364156039604, "10": 13.96483997730774, "1": 11.418907562838251, "20": 14.149086839297727}, "s2s": {"2": 12.795450221325101, "20": 15.053253443842811, "10": 14.486144921848886, "5": 13.935992743678604, "1": 11.083807810840895}}}