{"Laser2": {"t2t": {"2": 43.10941879315919, "20": 44.51264800602685, "10": 43.97216803891239, "5": 43.458041673464116, "1": 42.45947224423996}, "s2t": {"1": 42.35183498026475, "10": 43.755496657658185, "5": 43.425681751633256, "20": 44.220682475454325, "2": 42.77253005520099}, "s2s": {"2": 42.92470346587053, "10": 43.901428212709305, "5": 43.39898680222311, "20": 43.947578875164744, "1": 42.302171883541064}}, "Cohere": {"s2s": {"2": 42.77214813865063, "10": 43.88556856174559, "20": 44.30481644329785, "1": 42.016079832981994, "5": 43.39893619122501}, "t2t": {"20": 44.50492328688937, "2": 43.54843998475208, "5": 43.97631434937053, "1": 42.859913590529615, "10": 44.41747867339956}, "s2t": {"2": 42.837003026783, "20": 44.41140982259149, "1": 42.06197454931968, "10": 44.21477940231639, "5": 43.46518088701555}}, "LaBSE": {"t2t": {"20": 44.25857901366613, "1": 42.365252140200305, "2": 43.03280524533402, "10": 43.788495348089, "5": 43.573871069671405}, "s2t": {"2": 43.01493515318054, "1": 42.480147655369954, "20": 44.252919895043114, "5": 43.38072932498753, "10": 44.0197016668338}, "s2s": {"1": 42.48086043725233, "5": 43.31369630688078, "10": 44.05996923726323, "20": 44.40571402365688, "2": 42.79152486583064}}, "SONAR": {"s2s": {"10": 44.04123224755283, "1": 42.89523788348068, "2": 43.13655774113904, "5": 43.71436397072389, "20": 44.36645669889416}, "s2t": {"1": 42.81385030540154, "10": 44.068206347047195, "5": 43.71449384627376, "2": 43.04603455929029, "20": 44.00798257018247}, "t2t": {"10": 44.908236543361525, "20": 45.090094813487056, "2": 43.45125265256911, "5": 44.7306527152715, "1": 42.987705678427375}}, "Random": {"s2s": {"2": {"mean": 42.59956922870946, "std": 0.28975042294332143}, "1": {"mean": 42.23005003625437, "std": 0.3010882324552881}, "0": {"mean": 35.44701366123579, "std": 0.024538418838822233}, "5": {"mean": 42.8336218232214, "std": 0.3082282633210487}, "20": {"mean": 43.51836082392322, "std": 0.2158938263446342}, "10": {"mean": 43.3104470080263, "std": 0.20032756018991982}}}, "E5": {"t2t": {"10": 44.382545872300184, "20": 44.65139030235483, "1": 42.831901171005185, "2": 43.67995309096731, "5": 44.36369695270425}, "s2t": {"1": 42.37430773584014, "10": 44.18346467556581, "20": 44.44528817112608, "5": 43.74005970724066, "2": 42.995791522863044}, "s2s": {"2": 42.86324558706891, "10": 44.096034981662896, "5": 43.40236300271403, "1": 42.39315799996747, "20": 44.04984534520406}}}