{"bm25": {"s2s": {"5": 0.8606544162327122, "20": 0.862944814939744, "1": 0.8555800851743683, "10": 0.862298095414761, "2": 0.8592883226546374}}, "BLEU": {"s2s": {"2": 0.8578487500371669, "1": 0.8558482404636301, "10": 0.8611956178081837, "5": 0.8599669908876476, "20": 0.8614642554710034}}, "BLEU_pos": {"s2s": {"5": 0.8611544979655225, "1": 0.8535672808470933, "20": 0.8632028848521794, "10": 0.8622071354285531, "2": 0.8585133081662796}}, "Rouge": {"s2s": {"1": 0.8560208310133854, "10": 0.8618004938712704, "2": 0.8582996745472369, "5": 0.8598344860517461, "20": 0.8608501733762944}}, "Pos": {"s2s": {"1": 0.8563891749078106, "10": 0.8613380858078304, "5": 0.8606456878039206, "20": 0.8619052135779453, "2": 0.858895329383051}}, "Grakel": {"s2s": {"10": 0.862152557010236, "20": 0.8623151553006982, "1": 0.8580589172515002, "5": 0.8601980258824797, "2": 0.8583358990934056}}}