{"bm25": {"s2s": {"1": 0.40702877888684214, "2": 0.37509687981115497, "10": 0.4264778959097363, "5": 0.401028385702447, "20": 0.431752750672135}}, "BLEU": {"s2s": {"5": 0.3903174230409234, "1": 0.38815523714946193, "2": 0.36134931339105597, "20": 0.4114526029632026, "10": 0.401478260254907}}, "BLEU_pos": {"s2s": {"2": 0.34732549145758856, "20": 0.3835660368204117, "1": 0.368031089352407, "5": 0.36258340481182805, "10": 0.3751587509637765}}, "Rouge": {"s2s": {"10": 0.3910811946473338, "1": 0.3961136697132597, "20": 0.4028181880712509, "5": 0.3824871001919739, "2": 0.3535481881011616}}, "Pos": {"s2s": {"20": 0.38192263693206396, "10": 0.3746138101833847, "2": 0.35184889221968857, "5": 0.3536657344387925, "1": 0.37563329854089283}}, "Grakel": {"s2s": {"2": 0.33897025515086093, "10": 0.3596535571243452, "20": 0.3599819561738977, "1": 0.3616574954668524, "5": 0.3496382293169913}}}