{"bm25": {"s2s": {"2": 0.8460559603783924, "5": 0.8489858188000121, "1": 0.8326020669854677, "10": 0.8508598017892819, "20": 0.8516554232289197}}, "BLEU": {"s2s": {"10": 0.8500974652736555, "1": 0.837811637743424, "20": 0.8495666424158533, "5": 0.850008137052945, "2": 0.8449272872372107}}, "BLEU_pos": {"s2s": {"20": 0.8512402898650395, "5": 0.8477545879162819, "2": 0.8459253547337686, "1": 0.8321973958858859, "10": 0.8511736069625545}}, "Rouge": {"s2s": {"5": 0.8493205048880087, "20": 0.8516956266207186, "2": 0.8465727327369419, "10": 0.8513355930096547, "1": 0.8340184976284212}}, "Pos": {"s2s": {"2": 0.8449205567125275, "20": 0.8520220430354356, "10": 0.8526913368183634, "5": 0.8510612706421864, "1": 0.8366117303668275}}, "Grakel": {"s2s": {"20": 0.8503164907865844, "10": 0.8481446051668272, "2": 0.8464722961422955, "1": 0.8349279203257071, "5": 0.8469461482975322}}}