{"bm25": {"s2s": {"1": 0.3810268484144343, "10": 0.4505287524710295, "20": 0.4594323427780815, "2": 0.3609193772990477, "5": 0.42950215399736474}}, "BLEU": {"s2s": {"5": 0.41608896262560907, "20": 0.44661479971920076, "1": 0.3664203954220054, "2": 0.34802552402431786, "10": 0.43631829237454967}}, "BLEU_pos": {"s2s": {"2": 0.3307183517562778, "5": 0.38824847751396446, "10": 0.41264287963980745, "20": 0.4241034143527035, "1": 0.367646862071729}}, "Rouge": {"s2s": {"5": 0.4138046921389141, "2": 0.33938961213992047, "10": 0.432715610288113, "1": 0.3509900025993939, "20": 0.4420331835805663}}, "Pos": {"s2s": {"10": 0.40842015826301614, "2": 0.33649795303643926, "5": 0.3974497095044894, "1": 0.37513807994633797, "20": 0.41403621897513687}}, "Grakel": {"s2s": {"5": 0.3805787429184075, "1": 0.41108421655923955, "20": 0.38891387823601015, "2": 0.3554126244965985, "10": 0.3872828988630781}}}