{"Laser2": {"s2t": {"10": 11.159559183369563, "1": 8.421233299988952, "5": 10.054797913773644, "20": 11.834845472256447, "2": 9.303042726980605}, "t2t": {"5": 10.184490571934287, "10": 11.474770754732784, "1": 8.730374920916057, "2": 9.614313730016226, "20": 12.190658517590448}, "s2s": {"1": 8.57403014846259, "2": 9.482732255581414, "5": 10.718645378573443, "10": 11.416930520518436, "20": 11.750915899130773}}, "Cohere": {"s2t": {"20": 12.986174219442198, "1": 8.781156421694753, "10": 12.10694727742551, "5": 11.41218674598445, "2": 10.324063873728933}, "t2t": {"2": 10.330266849182408, "5": 11.329088149683995, "1": 8.669657044721333, "10": 12.498306632942338, "20": 13.51578342230842}, "s2s": {"1": 8.757223779607221, "2": 10.332438445085279, "5": 11.491072500157596, "20": 13.008092933977592, "10": 11.977765062207707}}, "LaBSE": {"s2s": {"2": 10.162043856549785, "10": 12.29550851912909, "20": 13.134320332028981, "5": 11.692043206037383, "1": 8.79396205407487}, "t2t": {"20": 12.563049523069013, "2": 9.779046403788508, "10": 12.098583407267183, "5": 11.16624359907556, "1": 8.670805946652111}, "s2t": {"1": 8.960799211924822, "5": 11.436495518286048, "10": 12.350106365736625, "2": 10.360392649731908, "20": 13.099721610354873}}, "SONAR": {"s2s": {"10": 12.636105913653166, "2": 10.28781074156357, "1": 8.710495104238706, "5": 11.437684025831544, "20": 13.461156020121813}, "s2t": {"10": 12.845931447817923, "20": 13.44179097025993, "1": 8.782800877243089, "5": 11.50574226851334, "2": 10.05152450224956}, "t2t": {"1": 9.025404990192499, "2": 10.18982982542034, "20": 13.295760588160347, "5": 11.571086358993252, "10": 12.787855394850046}}, "Random": {"s2s": {"1": {"mean": 7.572376052200661, "std": 0.028108823109543386}, "10": {"mean": 9.581794072635361, "std": 0.08013523802143503}, "20": {"mean": 9.7509860765693, "std": 0.06766738982890647}, "2": {"mean": 8.67132982399711, "std": 0.1195367847028122}, "5": {"mean": 9.277662664882303, "std": 0.049544933675929395}, "0": {"mean": 2.1461319268755084, "std": 0.0014759446835176063}}}, "E5": {"t2t": {"5": 11.558141061349033, "2": 10.03316373996129, "1": 8.800156074606978, "10": 12.473251357983841, "20": 12.911479660115555}, "s2t": {"5": 11.359872258616972, "2": 9.72818553073376, "10": 12.08994591911086, "1": 8.280815318847875, "20": 12.663199448344345}, "s2s": {"2": 10.1677577220932, "20": 13.006519608300536, "10": 12.077210801481376, "5": 11.612582810447819, "1": 8.719887418522115}}}