{"Laser2": {"t2t": {"2": 53.50863763769573, "20": 54.79518868670273, "10": 54.23311143756504, "5": 54.0583626814574, "1": 53.07464001012108}, "s2t": {"1": 52.76600322132101, "10": 54.09144019035684, "5": 53.858599842367056, "20": 54.57610395500371, "2": 53.26081009615993}, "s2s": {"2": 53.40444119840925, "10": 54.47067485212503, "5": 53.95310492470374, "20": 54.5047558775673, "1": 52.93527725967532}}, "Cohere": {"s2s": {"2": 52.970125552331446, "10": 53.915312993774705, "20": 54.50754605603333, "1": 52.5831909541735, "5": 53.50700707691862}, "t2t": {"20": 54.776951537684816, "2": 53.3545908742414, "5": 53.86592064943843, "1": 53.00226053220923, "10": 54.12457934996754}, "s2t": {"2": 53.09658334547718, "20": 54.50392083085781, "1": 52.91151790451703, "10": 54.13046249349248, "5": 53.56664368333874}}, "LaBSE": {"t2t": {"20": 54.36607054932159, "1": 52.84784099188821, "2": 52.92947324661228, "10": 54.2844732846508, "5": 53.9864838102413}, "s2t": {"2": 53.330114543368694, "1": 53.042538652742, "20": 54.690668672778905, "5": 53.96085856990537, "10": 54.216332037402}, "s2s": {"1": 52.98475228116386, "5": 53.76403925171401, "10": 53.90448421626536, "20": 54.31216018537228, "2": 52.96686381924621}}, "SONAR": {"s2s": {"10": 54.278011699317254, "1": 52.77916637068584, "2": 52.91675261850387, "5": 53.745263065004465, "20": 54.50608236342215}, "s2t": {"1": 52.75599314065871, "10": 54.17843349950553, "5": 53.70230895657901, "2": 53.016651248974256, "20": 54.4972232424093}, "t2t": {"10": 54.59436426948395, "20": 54.74989238262414, "2": 53.686559568360636, "5": 54.62829522355552, "1": 53.52899630168566}}, "Random": {"s2s": {"2": {"mean": 53.10277786127144, "std": 0.25638722789633983}, "1": {"mean": 52.506315884819145, "std": 0.05529563987008889}, "0": {"mean": 37.0541874569887, "std": 0.01696640149863442}, "5": {"mean": 53.47042721317498, "std": 0.1543682195430718}, "20": {"mean": 54.226117350233416, "std": 0.10120020858397696}, "10": {"mean": 53.92350675618818, "std": 0.09088429970101959}}}, "E5": {"t2t": {"10": 54.59588115174956, "20": 54.99332260500003, "1": 53.35659846850101, "2": 53.636379300743215, "5": 54.16733697539817}, "s2t": {"1": 52.8175420586999, "10": 53.98606278345553, "20": 54.46568065443791, "5": 53.66748209898023, "2": 53.33888580956793}, "s2s": {"2": 52.93840215378123, "10": 54.243218002125836, "5": 53.72396297181376, "1": 52.69321329730102, "20": 54.58029012552261}}}