{"Laser2": {"s2s": {"10": 3.7989681663875547, "2": 3.304823919187293, "1": 2.868202875838431, "5": 3.4116032113392087, "20": 4.005293578786976}, "t2t": {"20": 3.5265088895642602, "5": 3.1456754250705394, "1": 2.562054859590006, "10": 3.439498752016111, "2": 2.8200012406013646}, "s2t": {"2": 2.810130853173812, "20": 3.493226491912863, "1": 2.5814592773841163, "10": 3.3790704507966165, "5": 3.345358363529641}}, "Cohere": {"t2t": {"2": 3.1039903397888797, "20": 4.016650360557134, "1": 2.6997363330493878, "10": 3.598940609436934, "5": 3.5002867706902467}, "s2s": {"20": 4.0230604460345205, "10": 3.786680105047676, "1": 2.5190866450642546, "2": 3.105280228588966, "5": 3.289085363432137}, "s2t": {"5": 3.6125654162263827, "10": 3.862154472706321, "20": 4.157774165131374, "2": 2.9492186528604134, "1": 2.673160280731915}}, "LaBSE": {"s2t": {"10": 3.830804202414619, "5": 3.469540966267016, "20": 3.753392875812496, "1": 2.6829459064057497, "2": 3.292124068327633}, "s2s": {"5": 3.461206140274663, "10": 3.7773921934780343, "20": 3.927741712783906, "2": 3.3136321339792087, "1": 3.123668500001966}, "t2t": {"20": 3.836016084906236, "1": 2.697031040270839, "5": 3.4576302353933133, "2": 3.1585198513852517, "10": 3.624943087773355}}, "SONAR": {"s2s": {"10": 3.7854694216093727, "5": 3.61543145940292, "2": 3.0809715007801226, "20": 3.9818860701826972, "1": 2.83100794722752}, "s2t": {"10": 4.077359451379652, "5": 3.818750524134282, "20": 4.305660199262502, "2": 3.4652902621552633, "1": 3.118898044134248}, "t2t": {"10": 4.121863052926187, "2": 3.470151913697185, "1": 3.09134029358501, "20": 4.283413989757907, "5": 3.9437713412132784}}, "Random": {"s2s": {"10": {"mean": 2.591815378637882, "std": 0.0629746489762579}, "1": {"mean": 2.057711044138754, "std": 0.09352494183012114}, "0": {"mean": 1.1796681998434384, "std": 0.0}, "20": {"mean": 2.733813359344664, "std": 0.10945791913490245}, "2": {"mean": 2.0913664752477312, "std": 0.05740371594990181}, "5": {"mean": 2.3628676844078815, "std": 0.01473563590389477}}}, "E5": {"s2t": {"10": 3.732946895170038, "1": 2.4390836106453144, "2": 2.678268797656679, "20": 3.879204929814101, "5": 3.339479745175413}, "t2t": {"20": 4.127298008552087, "10": 3.8311744006233206, "1": 2.879994121977872, "2": 3.0871304477512114, "5": 3.6101885675638425}, "s2s": {"5": 3.4217546412000313, "2": 2.851824658615484, "1": 2.648589266476786, "10": 3.6075518736126457, "20": 3.8710898977323343}}}