{"Laser2": {"t2t": {"10": 44.41181385415974, "2": 43.58807690166866, "1": 43.17140339113044, "5": 44.44692058074678, "20": 44.671247670805954}, "s2t": {"5": 44.11629129793936, "2": 43.57635209711355, "1": 43.06682807119979, "10": 44.055372809980945, "20": 44.31146256238901}, "s2s": {"1": 43.05258343520796, "10": 43.94195532874755, "2": 43.13765999651658, "20": 44.3266195646642, "5": 43.834827435991116}}, "Cohere": {"s2s": {"5": 44.046643193474395, "20": 44.66175964281809, "1": 43.33392188541755, "2": 43.628497546220764, "10": 44.51506169586894}, "s2t": {"5": 43.756500785569145, "20": 44.3694396411019, "10": 44.09573790711773, "2": 43.5134538750903, "1": 42.95212784972123}, "t2t": {"5": 44.12248663033738, "10": 44.51514401679661, "2": 43.399609760981804, "1": 43.10644295079912, "20": 44.51100123365212}}, "LaBSE": {"t2t": {"5": 43.98281993176269, "10": 44.154335070882475, "1": 43.22809709190764, "2": 43.81020156999915, "20": 44.122409745707316}, "s2t": {"2": 43.6678599055732, "5": 43.779197179621924, "1": 43.41020635178278, "20": 44.37972410661705, "10": 44.12960700457347}, "s2s": {"10": 44.16380881612726, "2": 43.663595038930616, "5": 43.86662175696012, "1": 42.95819825139691, "20": 44.39445068655427}}, "SONAR": {"t2t": {"10": 44.56768568350255, "5": 44.355250928371504, "20": 45.18748360518671, "1": 43.36700050862722, "2": 44.104066919884175}, "s2t": {"10": 44.17561365848804, "1": 43.20134103073851, "2": 43.72041298997316, "20": 44.461982156911894, "5": 44.239225443493126}, "s2s": {"20": 44.53044556736642, "10": 44.377710558827516, "2": 43.73397241839155, "1": 43.37851869317532, "5": 44.398449891952495}}, "Random": {"s2s": {"20": {"mean": 44.08821676604447, "std": 0.21579673996852608}, "0": {"mean": 36.1924930081724, "std": 0.056210848833820215}, "10": {"mean": 43.8378947866594, "std": 0.0647422353974744}, "2": {"mean": 43.4081397388853, "std": 0.1267790541814584}, "5": {"mean": 43.63625836492153, "std": 0.13623926765725639}, "1": {"mean": 43.123663727003986, "std": 0.14508189727199497}}}, "E5": {"t2t": {"1": 43.15304130751007, "5": 44.41237969667341, "10": 44.447650465525584, "2": 43.865737655457544, "20": 44.64559286998549}, "s2s": {"2": 43.91417918598325, "5": 44.04674844994274, "1": 43.30882574851368, "20": 44.66904753400748, "10": 44.516949154560564}, "s2t": {"1": 43.10716189166829, "5": 43.8828381982976, "10": 43.99636557892525, "2": 43.563245693882514, "20": 44.08837150359041}}}