{"bm25": {"s2s": {"1": 0.5697019471098548, "2": 0.6339530740448609, "10": 0.6845598140871336, "5": 0.6676840881113949, "20": 0.6876318393194157}}, "BLEU": {"s2s": {"5": 0.6618460389995292, "1": 0.569768933086056, "2": 0.6295527567269774, "20": 0.6849712850783654, "10": 0.6744346065306852}}, "BLEU_pos": {"s2s": {"2": 0.6147377585086662, "20": 0.664343897886427, "1": 0.5812270360236819, "5": 0.650097414483077, "10": 0.6624461904079783}}, "Rouge": {"s2s": {"10": 0.6727721868414182, "1": 0.5763331325540665, "20": 0.6844941701430812, "5": 0.6659021794265909, "2": 0.620011759723128}}, "Pos": {"s2s": {"20": 0.6220909966811126, "10": 0.674658039901332, "2": 0.62419756669772, "5": 0.6576992537487637, "1": 0.5829000814924599}}, "Grakel": {"s2s": {"2": 0.6192908141423356, "10": 0.6468426163488697, "20": 0.10357221024545285, "1": 0.5862561654697058, "5": 0.6540457149268138}}}