{"bm25": {"s2s": {"5": 0.8661903710410058, "20": 0.8670468880783899, "1": 0.788268461558423, "10": 0.8666762039065361, "2": 0.8572506348311666}}, "BLEU": {"s2s": {"2": 0.8626147988933348, "1": 0.7822269749912348, "10": 0.8660984106450212, "5": 0.8665481727172735, "20": 0.8669268723003006}}, "BLEU_pos": {"s2s": {"5": 0.865580288317835, "1": 0.7854959836649329, "20": 0.8679710098877255, "10": 0.8672061599643806, "2": 0.8617300682152684}}, "Rouge": {"s2s": {"1": 0.8025204500426417, "10": 0.8664619604000461, "2": 0.857207889024448, "5": 0.8654383121448543, "20": 0.8664230802078021}}, "Pos": {"s2s": {"1": 0.7739786470654925, "10": 0.8661089567798871, "5": 0.8652185433702506, "20": 0.8343803491222529, "2": 0.8594163616773168}}, "Grakel": {"s2s": {"10": 0.8681145649948139, "20": 0.21552839669078705, "1": 0.7168791995571536, "5": 0.8673442304134369, "2": 0.8608202453069536}}}