{"bm25": {"s2s": {"2": 0.5751682077736958, "5": 0.5968946494574368, "1": 0.5415629898989389, "10": 0.5968640997063501, "20": 0.6046520735140846}}, "BLEU": {"s2s": {"10": 0.5990222945603222, "1": 0.5359829598559221, "20": 0.5938485208383426, "5": 0.5924487479119432, "2": 0.5790447200475474}}, "BLEU_pos": {"s2s": {"20": 0.5524273389000667, "5": 0.5815273344133918, "2": 0.5626690490060879, "1": 0.5313823225764418, "10": 0.5865005461035274}}, "Rouge": {"s2s": {"5": 0.5891403595478873, "20": 0.5931497608189997, "2": 0.5745911361877861, "10": 0.5979226287527989, "1": 0.5384487837052392}}, "Pos": {"s2s": {"2": 0.5687194072269639, "20": 0.3374343304029802, "10": 0.584391230768837, "5": 0.5857890544849422, "1": 0.5351803969930519}}, "Grakel": {"s2s": {"20": 0.011085435483059864, "10": 0.5779073570556792, "2": 0.5606131228680903, "1": 0.5221914848673485, "5": 0.5753299916980295}}}