{"bm25": {"s2s": {"1": 0.49377621392251947, "10": 0.5043257582829639, "20": 0.5085101092433034, "2": 0.47795102452277666, "5": 0.49051535853990924}}, "BLEU": {"s2s": {"5": 0.49546897261156864, "20": 0.498340765492836, "1": 0.49503038473162253, "2": 0.4751910920081874, "10": 0.5094134982513345}}, "BLEU_pos": {"s2s": {"2": 0.46145167699444434, "5": 0.48252754758586996, "10": 0.5011096568152368, "20": 0.47224309713590756, "1": 0.4823501403682788}}, "Rouge": {"s2s": {"5": 0.49085966275320225, "2": 0.4726742138946245, "10": 0.5057405077892801, "1": 0.48612760596360144, "20": 0.5066812473824137}}, "Pos": {"s2s": {"10": 0.48627428812059487, "2": 0.46155438710578345, "5": 0.4818552968942601, "1": 0.48199606415900315, "20": 0.28573879087159754}}, "Grakel": {"s2s": {"5": 0.45847292172284465, "1": 0.4922206122649046, "20": 0.006179597007898474, "2": 0.4558720400505386, "10": 0.47764549822557584}}}