{"bm25": {"s2s": {"1": 2.2861211189546387, "10": 3.3593835651641415, "20": 3.766103377611571, "2": 2.8079629582767938, "5": 3.168748587365912}}, "Rouge": {"s2s": {"5": 2.953276467375596, "2": 2.5185095846996384, "10": 3.1574521431480904, "1": 2.089043514047195, "20": 3.4910277290294043}}, "Pos": {"s2s": {"10": 2.895057719487039, "2": 2.3426713610578185, "5": 2.7226348006523806, "1": 2.34570791420741, "20": 3.206567915352699}}, "Grakel": {"s2s": {"5": 2.332034485104754, "1": 2.0490528510479136, "20": 2.7421232294542075, "2": 2.1018901612384338, "10": 2.6440193293267833}}, "BLEU_pos": {"s2s": {"2": 2.3564725886393587, "5": 2.610090835749024, "10": 2.9220523898957658, "20": 3.058838034397306, "1": 2.177730282637345}}, "BLEU": {"s2s": {"5": 2.8899223278424864, "20": 3.4368183648133326, "1": 2.2265476020114376, "2": 2.79207191301387, "10": 3.2665179556168593}}}