{"bm25": {"s2s": {"5": 54.57814260262925, "20": 55.05871296181805, "1": 53.893015357900005, "10": 54.597339020637044, "2": 54.40799486543398}}, "Rouge": {"s2s": {"1": 53.718430635446204, "10": 54.57032119939751, "2": 54.304944301942385, "5": 54.56278973464328, "20": 54.84455767524207}}, "Pos": {"s2s": {"1": 54.14926919602242, "10": 55.1067216095077, "5": 54.689677358269044, "20": 55.262324491308014, "2": 54.59228263367988}}, "Grakel": {"s2s": {"10": 55.26927296068578, "20": 55.80478377661425, "1": 54.21517346314368, "5": 55.275012455054686, "2": 54.96671492278085}}, "BLEU_pos": {"s2s": {"5": 54.637343043885245, "1": 54.2166769696467, "20": 55.228599929867066, "10": 55.12379342035485, "2": 54.438395142139}}, "BLEU": {"s2s": {"2": 54.3618254487206, "1": 53.71399412729755, "10": 54.82476501054994, "5": 54.943640687631515, "20": 54.9682225739698}}}