{"bm25": {"s2s": {"1": 7.593653746167767, "2": 8.004333993854505, "10": 10.650964442098006, "5": 9.70475145501596, "20": 12.1797897351325}}, "Rouge": {"s2s": {"10": 8.958169497888658, "1": 6.987544543409595, "20": 9.839997923561782, "5": 8.436878663406041, "2": 7.504055636914021}}, "Pos": {"s2s": {"20": 8.755648835575501, "10": 8.142898906041086, "2": 7.1098230608313795, "5": 7.545738093137331, "1": 6.7472988372907405}}, "Grakel": {"s2s": {"2": 6.509393670171796, "10": 8.031437656454289, "20": 8.14576962673286, "1": 6.306194926445654, "5": 7.407355458157853}}, "BLEU_pos": {"s2s": {"2": 7.227303216150258, "20": 8.655380712547737, "1": 6.816440809621559, "5": 7.647355987062925, "10": 8.010182354662929}}, "BLEU": {"s2s": {"5": 9.209576781062522, "1": 7.391677467022823, "2": 7.854586636509523, "20": 10.755208880820206, "10": 9.883426269844064}}}