{"bm25": {"s2s": {"2": 44.17063134303566, "5": 44.65313455334849, "1": 43.98425575664902, "10": 44.93990341564592, "20": 45.24763166408094}}, "Rouge": {"s2s": {"5": 45.231014054436436, "20": 44.819959586267785, "2": 44.79544542876366, "10": 44.96418929008728, "1": 44.049502877380554}}, "Pos": {"s2s": {"2": 44.44044865491724, "20": 45.16253600419051, "10": 44.97918665712288, "5": 44.7169011278636, "1": 44.09397404061835}}, "Grakel": {"s2s": {"20": 45.20400661813202, "10": 44.8943547114653, "2": 44.40533294898268, "1": 43.89974039982005, "5": 44.992703688258956}}, "BLEU_pos": {"s2s": {"20": 45.11381029401694, "5": 44.66786099022698, "2": 44.67009554377551, "1": 43.912661357470164, "10": 45.06251990567498}}, "BLEU": {"s2s": {"10": 44.45008165279736, "1": 43.9864539040493, "20": 45.04553180230682, "5": 44.62150378390183, "2": 44.25039045661091}}}