{"SONAR": {"s2s": {"5": 13.3692705420453}}, "Random": {"s2s": {"5": {"122": 7.975604276363804, "42": 7.883000250835018, "13": 7.9531231765278}}}, "bm25": {"s2s": {"5": 9.9242736462323}}}