{"SONAR": {"s2s": {"5": 0.439369051411689}}, "Random": {"s2s": {"5": {"122": 0.3195800277967698, "13": 0.32755560058319994, "42": 0.3254393865262331}}}, "bm25": {"s2s": {"5": 0.3703013005640667}}}