{"SONAR": {"s2s": {"5": 13.953755714441021}}, "Random": {"s2s": {"5": {"122": 11.225865646760981, "42": 11.599021717398436, "13": 11.245260816271694}}}, "bm25": {"s2s": {"5": 12.705878626467094}}}