{"SONAR": {"s2s": {"5": 0.7362465612560865}}, "Random": {"s2s": {"5": {"42": 0.7307908085171178, "13": 0.7314186894404794, "122": 0.7255081266989349}}}, "bm25": {"s2s": {"5": 0.7332262654932356}}}