{"SONAR": {"s2s": {"5": 0.6886368065247894}}, "Random": {"s2s": {"5": {"122": 0.6860980034728531, "42": 0.6867436898997414, "13": 0.6849071220034667}}}, "bm25": {"s2s": {"5": 0.6987120847810399}}}