{"SONAR": {"s2s": {"5": 1.486461067219553}}, "Random": {"s2s": {"5": {"122": 0.425468465718352, "42": 0.43683911784419566, "13": 0.4036810059522553}}}, "bm25": {"s2s": {"5": 0.7389711620773018}}}