{"SONAR": {"s2s": {"5": 18.07076755310287}}, "Random": {"s2s": {"5": {"122": 17.13374730371217, "42": 17.346780663229115, "13": 16.970772150510605}}}, "bm25": {"s2s": {"5": 18.03693728765048}}}