{"SONAR": {"s2s": {"5": 0.4088383423451614}}, "Random": {"s2s": {"5": {"122": 0.32761074455359235, "42": 0.32850952359586366, "13": 0.33014275260240195}}}, "bm25": {"s2s": {"5": 0.3744516595609103}}}