{"SONAR": {"s2s": {"5": 12.216530784443838}}, "Random": {"s2s": {"5": {"122": 7.120559259770157, "13": 6.887270016077315, "42": 7.223355175715421}}}, "bm25": {"s2s": {"5": 7.881714547483835}}}