{"SONAR": {"s2s": {"5": 2.5721610295058017}}, "Random": {"s2s": {"5": {"122": 0.4605579724989755, "13": 0.4706593953187889, "42": 0.4749103469266836}}}, "bm25": {"s2s": {"5": 0.7040673090739858}}}