{"SONAR": {"s2s": {"5": 0.7304090133650972}}, "Random": {"s2s": {"5": {"122": 0.7206715885623406, "42": 0.7263803401512826, "13": 0.7184814756861317}}}, "bm25": {"s2s": {"5": 0.7260414852867485}}}