{"SONAR": {"s2s": {"5": 16.18470047271047}}, "Random": {"s2s": {"5": {"122": 7.520301974474913, "13": 7.680376704103104, "42": 7.582424712332846}}}, "bm25": {"s2s": {"5": 9.475974312551957}}}