{"SONAR": {"s2s": {"5": 16.932749540068045}}, "Random": {"s2s": {"5": {"42": 11.139491950606132, "13": 11.214814633448084, "122": 11.270622054250518}}}, "bm25": {"s2s": {"5": 13.555344928008347}}}