{"SONAR": {"s2s": {"5": 0.7604159685109444}}, "Random": {"s2s": {"5": {"122": 0.7360109775787286, "13": 0.7361534635275013, "42": 0.7404332608868011}}}, "bm25": {"s2s": {"5": 0.7473707742429534}}}