{"SONAR": {"s2s": {"5": 0.4794453718798905}}, "Random": {"s2s": {"5": {"42": 0.39132273423930874, "13": 0.39405840856166696, "122": 0.39403896482860146}}}, "bm25": {"s2s": {"5": 0.44641429414096556}}}