{"SONAR": {"s2s": {"5": 29.277292031230512}}, "Random": {"s2s": {"5": {"122": 20.741579687898383, "42": 20.70913040886505, "13": 20.60511490139343}}}, "bm25": {"s2s": {"5": 22.289035090260636}}}