{"SONAR": {"s2s": {"5": 0.7524139476652909}}, "Random": {"s2s": {"5": {"122": 0.7231167180412136, "13": 0.7271813409542849, "42": 0.7320502809149475}}}, "bm25": {"s2s": {"5": 0.7376944767127159}}}