{"SONAR": {"s2s": {"5": 0.28657937543135387}}, "Random": {"s2s": {"5": {"122": 0.1457883120908332, "13": 0.13900338796523248, "42": 0.14522496630021706}}}, "bm25": {"s2s": {"5": 0.22626436969979477}}}