{"SONAR": {"s2s": {"5": 0.47604964592534565}}, "Random": {"s2s": {"5": {"42": 0.38260117835795926, "13": 0.3872115512345384, "122": 0.38667471279857657}}}, "bm25": {"s2s": {"5": 0.44185855980270466}}}