{"SONAR": {"s2s": {"5": 0.6111750776912619}}, "Random": {"s2s": {"5": {"122": 0.5362995588349495, "42": 0.5353727297261063, "13": 0.5391947424311647}}}, "bm25": {"s2s": {"5": 0.5626986857223888}}}