{"SONAR": {"s2s": {"5": 0.6883606743730104}}, "Random": {"s2s": {"5": {"122": 0.6849182290080272, "42": 0.6862384041867001, "13": 0.6843962972696591}}}, "bm25": {"s2s": {"5": 0.6975719614668562}}}