{"SONAR": {"s2s": {"5": 14.369351401663279}}, "Random": {"s2s": {"5": {"42": 11.635624542177657, "13": 11.734065730711029, "122": 11.055628264354244}}}, "bm25": {"s2s": {"5": 12.631877421746701}}}