{"SONAR": {"s2s": {"5": 7.956479586456378}}, "Random": {"s2s": {"5": {"122": 2.787250518591751, "42": 2.6811808070952847, "13": 2.7543758102752967}}}, "bm25": {"s2s": {"5": 3.2229950526815117}}}