{"SONAR": {"s2s": {"5": 37.05596404156479}}, "Random": {"s2s": {"5": {"122": 31.818068925113472, "13": 31.668321409794984, "42": 32.18847519492387}}}, "bm25": {"s2s": {"5": 33.54899599870287}}}