{"SONAR": {"s2s": {"5": 39.957455309095195}}, "Random": {"s2s": {"5": {"42": 37.919600316184855, "13": 38.04725459748132, "122": 37.198780315824294}}}, "bm25": {"s2s": {"5": 38.70402257637335}}}