{"SONAR": {"s2s": {"5": 0.7378130299830625}}, "Random": {"s2s": {"5": {"42": 0.7326153769735763, "13": 0.7334617581292103, "122": 0.7276673943481662}}}, "bm25": {"s2s": {"5": 0.7349108550771187}}}