{"SONAR": {"s2s": {"5": 0.3891866850140302}}, "Random": {"s2s": {"5": {"122": 0.3007340965417063, "42": 0.29647997165974893, "13": 0.3027673251926899}}}, "bm25": {"s2s": {"5": 0.351639708511443}}}