{"SONAR": {"s2s": {"5": 0.614865611811636}}, "Random": {"s2s": {"5": {"122": 0.5446466088825064, "42": 0.5452664323857886, "13": 0.546055558936398}}}, "bm25": {"s2s": {"5": 0.5716227332623344}}}