{"SONAR": {"s2s": {"5": 31.689070578849933}}, "Random": {"s2s": {"5": {"122": 30.98591685104639, "42": 31.05350569040065, "13": 30.975664235524025}}}, "bm25": {"s2s": {"5": 32.14185698727472}}}