{"SONAR": {"s2s": {"5": 1.6483901796434905}}, "Random": {"s2s": {"5": {"42": 0.6121999148989126, "13": 0.6069469061332434, "122": 0.6087575135247657}}}, "bm25": {"s2s": {"5": 0.9928285961410026}}}