{"SONAR": {"s2s": {"5": 35.18809864682784}}, "Random": {"s2s": {"5": {"122": 34.406185383931216, "42": 34.74113554050469, "13": 34.485291052090034}}}, "bm25": {"s2s": {"5": 35.31250089357631}}}