{"SONAR": {"s2s": {"5": 11.812349284214251}}, "Random": {"s2s": {"5": {"122": 10.232483736546904, "42": 10.088281769274396, "13": 10.113716693650634}}}, "bm25": {"s2s": {"5": 12.355714449595299}}}