{"SONAR": {"s2s": {"5": 0.8151030663121124}}, "Random": {"s2s": {"5": {"122": 0.8024687090292278, "13": 0.797413382900091, "42": 0.8008024471962876}}}, "bm25": {"s2s": {"5": 0.8157837160020006}}}