{"SONAR": {"s2s": {"5": 33.70407704287248}}, "Random": {"s2s": {"5": {"122": 31.60680098287593, "42": 31.55059644859965, "13": 31.081886825329295}}}, "bm25": {"s2s": {"5": 34.044293611960256}}}