{"SONAR": {"s2s": {"5": 0.5388044151864033}}, "Random": {"s2s": {"5": {"122": 0.4697090786819166, "42": 0.4673808756994871, "13": 0.4695758945032542}}}, "bm25": {"s2s": {"5": 0.520184735314766}}}