{"SONAR": {"s2s": {"5": 0.6016462126621616}}, "Random": {"s2s": {"5": {"42": 0.5911437239159237, "122": 0.5901881933153382, "13": 0.5909242990754339}}}, "bm25": {"s2s": {"5": 0.5958539137815534}}}