{"SONAR": {"s2s": {"5": 35.06212183519996}}, "Random": {"s2s": {"5": {"13": 34.44225216625838, "122": 34.612835057789425, "42": 34.76693708935344}}}, "bm25": {"s2s": {"5": 35.196514777978734}}}