{"SONAR": {"s2s": {"5": 0.4767391316798836}}, "Random": {"s2s": {"5": {"42": 0.4234219318322042, "122": 0.4261661335943716, "13": 0.4294653761793267}}}, "bm25": {"s2s": {"5": 0.47630700520552666}}}