{"SONAR": {"s2s": {"5": 18.910733277061837}}, "Random": {"s2s": {"5": {"42": 15.08586865941447, "122": 15.346164701305263, "13": 15.443030305272307}}}, "bm25": {"s2s": {"5": 18.93225612956883}}}