{"SONAR": {"s2s": {"5": 3.800902300141024}}, "Random": {"s2s": {"5": {"42": 2.6525839935677364, "13": 2.657295070681988, "122": 2.9338959000183986}}}, "bm25": {"s2s": {"5": 3.5476442145919123}}}