{"SONAR": {"s2s": {"5": 0.7361141557367187}}, "Random": {"s2s": {"5": {"13": 0.7190349792008814, "122": 0.7264367186504862, "42": 0.7260095485349889}}}, "bm25": {"s2s": {"5": 0.7326991547326089}}}