{"SONAR": {"s2s": {"5": 18.486879436720255}}, "Random": {"s2s": {"5": {"122": 16.994733682741522, "13": 16.49166738510458, "42": 16.941204058661395}}}, "bm25": {"s2s": {"5": 18.802444575006806}}}