{"SONAR": {"s2s": {"5": 4.386669819194609}}, "Random": {"s2s": {"5": {"42": 2.3721429836315897, "122": 2.4352201147804657, "13": 2.3761096673869884}}}, "bm25": {"s2s": {"5": 4.325516239629938}}}