{"SONAR": {"s2s": {"5": 22.60206766407365}}, "Random": {"s2s": {"5": {"122": 19.665127972329163, "42": 19.295558334723683, "13": 19.611897850955174}}}, "bm25": {"s2s": {"5": 22.36996629058089}}}