{"SONAR": {"s2s": {"5": 22.57458922395614}}, "Random": {"s2s": {"5": {"42": 22.057226306051515, "122": 21.928135233047158, "13": 22.06436332922057}}}, "bm25": {"s2s": {"5": 22.539823729744732}}}