{"SONAR": {"s2s": {"5": 23.39054541142191}}, "Random": {"s2s": {"5": {"122": 21.84666951608894, "13": 21.574287854539172, "42": 21.741202239690466}}}, "bm25": {"s2s": {"5": 23.998245718860606}}}