{"SONAR": {"s2s": {"5": 0.8051604678184383}}, "Random": {"s2s": {"5": {"122": 0.7842788091996913, "13": 0.7748008168968759, "42": 0.7779152163344881}}}, "bm25": {"s2s": {"5": 0.8054349619026476}}}