{"SONAR": {"s2s": {"5": 0.735032043850469}}, "Random": {"s2s": {"5": {"13": 0.7183212316613423, "122": 0.7245785569543896, "42": 0.7249450873833871}}}, "bm25": {"s2s": {"5": 0.7317415614991556}}}