{"SONAR": {"s2s": {"5": 17.895921712423526}}, "Random": {"s2s": {"5": {"42": 14.738995597474538, "13": 14.774452447367159, "122": 14.996478947197462}}}, "bm25": {"s2s": {"5": 17.605531469919235}}}