{"SONAR": {"s2s": {"5": 0.657651697811873}}, "Random": {"s2s": {"5": {"122": 0.6323524351294333, "42": 0.6334387427821696, "13": 0.6244286118671593}}}, "bm25": {"s2s": {"5": 0.657913034509411}}}