{"SONAR": {"s2s": {"5": 0.6016462126621616}}, "Random": {"s2s": {"5": {"42": 0.5911437239159237, "122": 0.58966255721014, "13": 0.5903878504992003}}}, "bm25": {"s2s": {"5": 0.5953282776763552}}}