{"SONAR": {"s2s": {"5": 0.6638449756465411}}, "Random": {"s2s": {"5": {"122": 0.640286933130073, "42": 0.6392218279449836, "13": 0.6327617488389194}}}, "bm25": {"s2s": {"5": 0.6634314592795174}}}