{"SONAR": {"s2s": {"5": 4.535768853820062}}, "Random": {"s2s": {"5": {"122": 3.2349072567112733, "42": 3.0912983136294137, "13": 3.253116661921822}}}, "bm25": {"s2s": {"5": 4.57911161715925}}}