{"SONAR": {"s2s": {"5": 8.125942034093121}}, "Random": {"s2s": {"5": {"42": 7.5786851421734385, "122": 7.513750309255622, "13": 7.752084871598497}}}, "bm25": {"s2s": {"5": 7.90973163394556}}}