{"SONAR": {"s2s": {"5": 0.45254675281259854}}, "Random": {"s2s": {"5": {"42": 0.4008537506161942, "122": 0.4030587014414576, "13": 0.40181020716492366}}}, "bm25": {"s2s": {"5": 0.4579172244243942}}}