{"SONAR": {"s2s": {"5": 43.500361050723576}}, "Random": {"s2s": {"5": {"122": 41.79945694630577, "13": 41.27970964817727, "42": 41.80067544307583}}}, "bm25": {"s2s": {"5": 44.19030424741409}}}