{"SONAR": {"s2s": {"5": 0.3085543481493185}}, "Random": {"s2s": {"5": {"42": 0.19262088057787521, "13": 0.20027944840225778, "122": 0.2006990172027835}}}, "bm25": {"s2s": {"5": 0.29313068309791473}}}