{"SONAR": {"s2s": {"5": 0.5336292749454853}}, "Random": {"s2s": {"5": {"122": 0.4614972432140305, "42": 0.4595474457375617, "13": 0.46182941308193526}}}, "bm25": {"s2s": {"5": 0.5159677725888995}}}