{"SONAR": {"s2s": {"5": 0.7848199824158382}}, "Random": {"s2s": {"5": {"122": 0.7761132336652325, "13": 0.7771820219255718, "42": 0.77538814039334}}}, "bm25": {"s2s": {"5": 0.7855077520778528}}}