{"SONAR": {"s2s": {"5": 47.85348522776095}}, "Random": {"s2s": {"5": {"122": 46.69934540354436, "13": 46.388573911595365, "42": 46.370586817773166}}}, "bm25": {"s2s": {"5": 48.38292620692288}}}