{"SONAR": {"s2s": {"5": 17.185739985357834}}, "Random": {"s2s": {"5": {"13": 16.72756367951768, "122": 16.861636955222565, "42": 16.92947243921407}}}, "bm25": {"s2s": {"5": 17.29997622335948}}}