{"SONAR": {"s2s": {"5": 0.4630965882021448}}, "Random": {"s2s": {"5": {"42": 0.41813445266468724, "13": 0.4193928342592339, "122": 0.42112868210013676}}}, "bm25": {"s2s": {"5": 0.4580697951610145}}}