{"SONAR": {"s2s": {"5": 0.7830786656720836}}, "Random": {"s2s": {"5": {"122": 0.7739393966412356, "13": 0.7750715900492291, "42": 0.7724331885929635}}}, "bm25": {"s2s": {"5": 0.7843492170096386}}}