{"SONAR": {"s2s": {"5": 13.139177224791686}}, "Random": {"s2s": {"5": {"42": 8.987550310216303, "13": 8.114954845000952, "122": 8.347040750415099}}}, "bm25": {"s2s": {"5": 11.008703999200035}}}