{"SONAR": {"s2s": {"5": 38.22600112679308}}, "Random": {"s2s": {"5": {"42": 34.43880415455043, "13": 33.58184334389504, "122": 33.97244370070143}}}, "bm25": {"s2s": {"5": 36.81731804194959}}}