{"SONAR": {"s2s": {"5": 0.5105137599138875}}, "Random": {"s2s": {"5": {"122": 0.39019333862740063, "13": 0.38702959732222464, "42": 0.39389184905076213}}}, "bm25": {"s2s": {"5": 0.4642310151499015}}}