{"SONAR": {"s2s": {"5": 35.55455912928083}}, "Random": {"s2s": {"5": {"42": 35.11086425606618, "122": 34.91544868251707, "13": 34.8755354248273}}}, "bm25": {"s2s": {"5": 35.5097902746496}}}