{"SONAR": {"s2s": {"5": 2.745649379896781}}, "Random": {"s2s": {"5": {"122": 0.5084322986235524, "13": 0.47527122866223936, "42": 0.49716833336442123}}}, "bm25": {"s2s": {"5": 1.1180133129376792}}}