{"SONAR": {"s2s": {"5": 17.47180170835326}}, "Random": {"s2s": {"5": {"122": 12.96986767501149, "13": 12.972677172338487, "42": 12.951303153158232}}}, "bm25": {"s2s": {"5": 14.551639404682337}}}