{"SONAR": {"s2s": {"5": 0.6212131149271731}}, "Random": {"s2s": {"5": {"42": 0.5650372126180193, "122": 0.5644019095028342, "13": 0.5519830962503145}}}, "bm25": {"s2s": {"5": 0.5923193707296499}}}