{"SONAR": {"s2s": {"5": 0.51342653231364}}, "Random": {"s2s": {"5": {"122": 0.3976272009460351, "13": 0.3947126740523478, "42": 0.3998675304998758}}}, "bm25": {"s2s": {"5": 0.4693113755832312}}}