{"SONAR": {"s2s": {"5": 31.178094558885753}}, "Random": {"s2s": {"5": {"122": 30.14988242080961, "42": 30.714803479138265, "13": 30.384445181510557}}}, "bm25": {"s2s": {"5": 31.840511776433335}}}