{"SONAR": {"s2s": {"5": 16.499154696987375}}, "Random": {"s2s": {"5": {"122": 7.958084053710023, "13": 8.009285592641662, "42": 7.86670958555505}}}, "bm25": {"s2s": {"5": 12.39142671235576}}}