{"SONAR": {"s2s": {"5": 0.746912915554089}}, "Random": {"s2s": {"5": {"42": 0.7384936112925233, "122": 0.73778567533837, "13": 0.7410279349847273}}}, "bm25": {"s2s": {"5": 0.7391683390813147}}}