{"SONAR": {"s2s": {"5": 3.675921645830455}}, "Random": {"s2s": {"5": {"122": 0.686545143532567, "13": 0.6494866716899984, "42": 0.6997522050961362}}}, "bm25": {"s2s": {"5": 1.66486244437467}}}