{"SONAR": {"s2s": {"5": 0.6905364418777789}}, "Random": {"s2s": {"5": {"122": 0.68247437527175, "42": 0.6836399269905015, "13": 0.6840028485113924}}}, "bm25": {"s2s": {"5": 0.6930242583391224}}}