{"SONAR": {"s2s": {"5": 0.7540208858993684}}, "Random": {"s2s": {"5": {"122": 0.7402020593140672, "13": 0.7431250380079737, "42": 0.7413355776738272}}}, "bm25": {"s2s": {"5": 0.7531007409478601}}}