{"SONAR": {"s2s": {"5": 42.26011887253029}}, "Random": {"s2s": {"5": {"122": 39.311490611587715, "13": 39.32155261897531, "42": 39.485357663212696}}}, "bm25": {"s2s": {"5": 40.885427842585074}}}