{"SONAR": {"s2s": {"5": 0.755323038771454}}, "Random": {"s2s": {"5": {"122": 0.7427720448421866, "13": 0.745028763862231, "42": 0.7435152082162884}}}, "bm25": {"s2s": {"5": 0.7546446992769071}}}