{"SONAR": {"s2s": {"5": 3.440662879407626}}, "Random": {"s2s": {"5": {"42": 0.4469955051294604, "13": 0.4512534382317097, "122": 0.5028688439462303}}}, "bm25": {"s2s": {"5": 1.4468865012537977}}}