{"SONAR": {"s2s": {"5": 21.32015233102204}}, "Random": {"s2s": {"5": {"122": 11.600428244721419, "13": 11.383493801271321, "42": 11.79753095342741}}}, "bm25": {"s2s": {"5": 17.214099379286672}}}