{"SONAR": {"s2s": {"5": 13.531689279897405}}, "Random": {"s2s": {"5": {"122": 10.987729355056004, "42": 11.577808819412052, "13": 11.060434562737745}}}, "bm25": {"s2s": {"5": 13.348847174065822}}}