{"SONAR": {"s2s": {"5": 0.6188054626932729}}, "Random": {"s2s": {"5": {"42": 0.5580136361623941, "122": 0.5575777906556374, "13": 0.5440031979748383}}}, "bm25": {"s2s": {"5": 0.5858928691963905}}}