{"SONAR": {"s2s": {"5": 0.7766747037206478}}, "Random": {"s2s": {"5": {"42": 0.753280825677361, "13": 0.7477932563530126, "122": 0.7533684192968922}}}, "bm25": {"s2s": {"5": 0.7650222946915466}}}