{"SONAR": {"s2s": {"5": 0.7814932669045426}}, "Random": {"s2s": {"5": {"42": 0.762977769605727, "13": 0.756604300568933, "122": 0.7600887039963435}}}, "bm25": {"s2s": {"5": 0.7712200364988783}}}