{"SONAR": {"s2s": {"5": 0.4375612643573124}}, "Random": {"s2s": {"5": {"42": 0.2886220316435744, "13": 0.3004244271327149, "122": 0.30213322748131904}}}, "bm25": {"s2s": {"5": 0.3671413971030194}}}