{"SONAR": {"s2s": {"5": 8.92578370605188}}, "Random": {"s2s": {"5": {"42": 3.1342281504015412, "122": 3.158217300675068, "13": 2.9175899339768407}}}, "bm25": {"s2s": {"5": 5.32514214092872}}}