{"SONAR": {"s2s": {"5": 0.2763512425654726}}, "Random": {"s2s": {"5": {"122": 0.14750897152562858, "13": 0.14235923373004195, "42": 0.14862026446480525}}}, "bm25": {"s2s": {"5": 0.2552496541158955}}}