{"SONAR": {"s2s": {"5": 0.4611903209047826}}, "Random": {"s2s": {"5": {"42": 0.32166712112695334, "13": 0.32763084677957266, "122": 0.32949210140898294}}}, "bm25": {"s2s": {"5": 0.3953191737383015}}}