{"SONAR": {"s2s": {"5": 0.690158746606512}}, "Random": {"s2s": {"5": {"122": 0.6811044167859752, "42": 0.682417498069554, "13": 0.68280101492412}}}, "bm25": {"s2s": {"5": 0.6922889246123111}}}