{"SONAR": {"s2s": {"5": 29.945842651971848}}, "Random": {"s2s": {"5": {"42": 21.675873956658982, "122": 21.861664186239448, "13": 20.914892330351854}}}, "bm25": {"s2s": {"5": 26.644280799491245}}}