{"SONAR": {"s2s": {"5": 0.4445540653504873}}, "Random": {"s2s": {"5": {"122": 0.33215813637663255, "13": 0.33023120832478575, "42": 0.3285479731268798}}}, "bm25": {"s2s": {"5": 0.39749075205842027}}}