{"SONAR": {"s2s": {"5": 0.748036930109319}}, "Random": {"s2s": {"5": {"42": 0.7384936112925233, "122": 0.7380842438681795, "13": 0.7415960995929515}}}, "bm25": {"s2s": {"5": 0.7395067061978602}}}