{"SONAR": {"s2s": {"5": 17.800665158724737}}, "Random": {"s2s": {"5": {"42": 8.132711654868704, "13": 8.138122600580546, "122": 8.279626727584882}}}, "bm25": {"s2s": {"5": 13.233907234688308}}}