{"SONAR": {"s2s": {"5": 18.446685158599273}}, "Random": {"s2s": {"5": {"42": 17.784108407212667, "122": 17.559709393430804, "13": 17.389189015766625}}}, "bm25": {"s2s": {"5": 18.224805268825225}}}