{"bm25": {"s2s": {"2": 0.8277652434297936, "5": 0.8303655727725961, "1": 0.8259046117778823, "10": 0.8308943795710213, "20": 0.8336099656261945}}, "BLEU": {"s2s": {"10": 0.8299209531028515, "1": 0.8236383226195814, "20": 0.8338992767801634, "5": 0.8322233394259521, "2": 0.8271633711580938}}, "BLEU_pos": {"s2s": {"20": 0.8317228440828475, "5": 0.828735220720881, "2": 0.8261975401003842, "1": 0.8235415083617561, "10": 0.8296395102479005}}, "Rouge": {"s2s": {"5": 0.83086590068378, "20": 0.8296848808971082, "2": 0.8289954999513306, "10": 0.8293784185802276, "1": 0.8248223115067944}}, "Pos": {"s2s": {"2": 0.8271645103459773, "20": 0.8308315571736206, "10": 0.8307333693585612, "5": 0.8293671392993964, "1": 0.8234933522555667}}, "Grakel": {"s2s": {"20": 0.8307766286958113, "10": 0.8314323317509866, "2": 0.828583932853499, "1": 0.8223745994741031, "5": 0.8296025117395424}}}