{"bm25": {"s2s": {"1": 0.43262239896026056, "10": 0.466654279457015, "20": 0.4667942962892678, "2": 0.4226862082456647, "5": 0.45428926678808784}}, "BLEU": {"s2s": {"5": 0.4413814482245992, "20": 0.45563437932505907, "1": 0.421713686345712, "2": 0.40770984876886185, "10": 0.45097328164419637}}, "BLEU_pos": {"s2s": {"2": 0.3915864812732921, "5": 0.4081992007232466, "10": 0.4296140083417355, "20": 0.4407960355370177, "1": 0.4111768244195126}}, "Rouge": {"s2s": {"5": 0.43654883075726364, "2": 0.4076443911776712, "10": 0.44809499771698663, "1": 0.41636491737700265, "20": 0.4543041252483257}}, "Pos": {"s2s": {"10": 0.44194080126968766, "2": 0.4078828415910717, "5": 0.4301743567755571, "1": 0.41044317157902266, "20": 0.4495371424928013}}, "Grakel": {"s2s": {"5": 0.4312133023684675, "1": 0.4205437022088309, "20": 0.4466720932115444, "2": 0.4090802645524264, "10": 0.4438682025070247}}}