{"bm25": {"s2s": {"1": 0.6519278066137092, "2": 0.6627491934026183, "10": 0.6868841649868743, "5": 0.6774206246606446, "20": 0.6865235969954329}}, "BLEU": {"s2s": {"5": 0.6737822951535463, "1": 0.6477294615488278, "2": 0.6597918259208145, "20": 0.6761529411045695, "10": 0.6739898690799244}}, "BLEU_pos": {"s2s": {"2": 0.6538673314917465, "20": 0.664774801331782, "1": 0.6425593039941175, "5": 0.6583071088219584, "10": 0.6614337683224631}}, "Rouge": {"s2s": {"10": 0.6699846719682452, "1": 0.642791435313908, "20": 0.6819920562384393, "5": 0.6638537381477507, "2": 0.6593240942850179}}, "Pos": {"s2s": {"20": 0.6633351846587046, "10": 0.6590674006980163, "2": 0.650413980228981, "5": 0.6573017513592959, "1": 0.6399354941318394}}, "Grakel": {"s2s": {"2": 0.6374317622290769, "10": 0.6594897596379042, "20": 0.6635892919518731, "1": 0.6285889336890854, "5": 0.652799735397925}}}