{"bm25": {"s2s": {"5": 0.850837009461972, "20": 0.8526674942536787, "1": 0.8466951483382067, "10": 0.8515861679324991, "2": 0.8496045362749118}}, "BLEU": {"s2s": {"2": 0.8473697836867905, "1": 0.8477354085904808, "10": 0.8512750695286532, "5": 0.8505222545899892, "20": 0.8502327514142387}}, "BLEU_pos": {"s2s": {"5": 0.849372624938667, "1": 0.8464897374508409, "20": 0.849933320413465, "10": 0.8494136076081883, "2": 0.8476037828347428}}, "Rouge": {"s2s": {"1": 0.847452959995496, "10": 0.8496159981538656, "2": 0.8466886754917062, "5": 0.8494816241057023, "20": 0.8515944121913477}}, "Pos": {"s2s": {"1": 0.8467720159487762, "10": 0.8498924226746729, "5": 0.8508650636955684, "20": 0.8506358726458116, "2": 0.8479794211420617}}, "Grakel": {"s2s": {"10": 0.8509571837342303, "20": 0.8512433198365298, "1": 0.8463151517946258, "5": 0.8504403508286702, "2": 0.849289412113282}}}