{"bm25": {"s2s": {"1": 1.8058323234609364, "10": 3.517143890993935, "20": 4.470593615058917, "2": 2.2038377516209082, "5": 2.9392956168017492}}, "Rouge": {"s2s": {"5": 2.4024539556549707, "2": 2.066574734922298, "10": 3.081629237751558, "1": 1.7226516208450582, "20": 3.8700241844982957}}, "Pos": {"s2s": {"10": 2.8910064506006736, "2": 1.9305742749550536, "5": 2.55042667397388, "1": 1.9053959970396135, "20": 3.369650957537661}}, "Grakel": {"s2s": {"5": 2.3784592206130934, "1": 1.539159980723682, "20": 3.095177994785959, "2": 1.9973161491494182, "10": 2.6728433491680206}}, "BLEU_pos": {"s2s": {"2": 1.9707759939912748, "5": 2.2166089853951356, "10": 2.6073240118795344, "20": 3.2325534000514793, "1": 1.6514785831423422}}, "BLEU": {"s2s": {"5": 2.7048409296183658, "20": 4.04934193455273, "1": 1.831596829478313, "2": 2.0974180681487318, "10": 3.1964067497403312}}}