{"bm25": {"s2s": {"2": 42.400495826946646, "5": 42.673636331424454, "1": 41.55507353050015, "10": 42.58367073130105, "20": 42.744460385624144}}, "Rouge": {"s2s": {"5": 42.629152750692135, "20": 42.834249860362824, "2": 41.78791893256312, "10": 42.5004573283667, "1": 41.494478758509246}}, "Pos": {"s2s": {"2": 42.40459537420116, "20": 43.130796650746, "10": 42.60942506353368, "5": 42.683806335639964, "1": 42.00742728201521}}, "Grakel": {"s2s": {"20": 42.64133667919953, "10": 42.520614219523985, "2": 42.441234301017474, "1": 42.2435226211506, "5": 42.611047139753616}}, "BLEU_pos": {"s2s": {"20": 42.68472843736884, "5": 42.57030004233702, "2": 42.06044720425125, "1": 42.06181106490672, "10": 42.77854449013354}}, "BLEU": {"s2s": {"10": 42.93917634231685, "1": 42.27355568317541, "20": 42.89815093364945, "5": 42.64128376736109, "2": 42.031351397169736}}}