{"bm25": {"s2s": {"1": 26.83167673591794, "2": 27.114546013722645, "10": 29.184655219657174, "5": 28.36192667689069, "20": 29.917578246769025}}, "Rouge": {"s2s": {"10": 27.84967720371123, "1": 26.07587619708146, "20": 28.447058347181066, "5": 27.78150016541487, "2": 26.854660541216887}}, "Pos": {"s2s": {"20": 27.918075065158593, "10": 27.195764863154018, "2": 26.59181804961165, "5": 27.045202122827668, "1": 26.089186662462087}}, "Grakel": {"s2s": {"2": 26.52613591332477, "10": 27.31108717864175, "20": 27.807298112819392, "1": 25.9750725330239, "5": 26.693367541368904}}, "BLEU_pos": {"s2s": {"2": 26.37448396177499, "20": 28.29325748799026, "1": 25.830043347846267, "5": 26.939735146793502, "10": 27.270489539503583}}, "BLEU": {"s2s": {"5": 28.08348130250071, "1": 26.638957272047808, "2": 27.18172771580609, "20": 29.28819014673256, "10": 28.597900196874132}}}