{"bm25": {"s2s": {"5": 52.94752215507827, "20": 53.48656013557105, "1": 52.29570143747623, "10": 52.54416258399424, "2": 52.830779424485726}}, "Rouge": {"s2s": {"1": 52.32207061142493, "10": 52.94203175623821, "2": 52.56141592299142, "5": 52.98167910898564, "20": 53.27940515629806}}, "Pos": {"s2s": {"1": 51.761051208984476, "10": 53.030588691897975, "5": 52.807698691806685, "20": 53.40653354532216, "2": 52.311277809039275}}, "Grakel": {"s2s": {"10": 53.2087285389056, "20": 53.280117179763366, "1": 52.71213641698783, "5": 53.20242960713182, "2": 53.13410948260475}}, "BLEU_pos": {"s2s": {"5": 53.00639591352683, "1": 52.023430433906555, "20": 53.211195480123884, "10": 53.23375595155836, "2": 52.362949673709466}}, "BLEU": {"s2s": {"2": 52.7955390695111, "1": 52.73699395295664, "10": 53.184186948839596, "5": 53.333380666220556, "20": 53.61903508225575}}}