{"bm25": {"s2s": {"1": 13.230485923074392, "10": 15.48157859743122, "20": 15.923423937967854, "2": 12.78574583100614, "5": 14.903831521858276}}, "Rouge": {"s2s": {"5": 13.66371934274255, "2": 11.577846012504956, "10": 14.677436711399084, "1": 11.312647206049844, "20": 15.08988757365838}}, "Pos": {"s2s": {"10": 15.391129017917343, "2": 13.238309239910103, "5": 14.816751109575874, "1": 13.800378913555786, "20": 15.24687744117432}}, "Grakel": {"s2s": {"5": 14.439130941984127, "1": 15.20801000278022, "20": 14.659033958999105, "2": 13.85278946253752, "10": 14.513941980540213}}, "BLEU_pos": {"s2s": {"2": 12.348419048776647, "5": 13.617806900456547, "10": 14.277319027908838, "20": 14.57462958544096, "1": 12.950252907683229}}, "BLEU": {"s2s": {"5": 14.160366598326302, "20": 15.455468507376713, "1": 12.804182842341428, "2": 12.529878103347183, "10": 15.116777802400675}}}