{"bm25": {"s2s": {"1": 17.243833449985313, "2": 16.883458335435314, "10": 20.191546561330444, "5": 18.66660990022272, "20": 20.688544325782722}}, "Rouge": {"s2s": {"10": 17.986897387441516, "1": 15.903945328577212, "20": 18.712694081478887, "5": 17.179159014768473, "2": 15.704515268380362}}, "Pos": {"s2s": {"20": 17.743856227187827, "10": 17.20040819629622, "2": 15.97767404965288, "5": 16.41413110037171, "1": 16.466597393382656}}, "Grakel": {"s2s": {"2": 15.581281618442977, "10": 16.43331357254604, "20": 16.717996328046215, "1": 16.180443740808244, "5": 16.021336274303916}}, "BLEU_pos": {"s2s": {"2": 15.667705023435477, "20": 17.559406041756425, "1": 15.691450597530443, "5": 16.237004622828678, "10": 16.940078666864043}}, "BLEU": {"s2s": {"5": 18.03743110101031, "1": 16.633352587999358, "2": 16.581602803617354, "20": 19.613557838182192, "10": 18.888075066317516}}}