{"bm25": {"s2s": {"5": 62.70201043444488, "20": 62.97865414974182, "1": 61.96175596826363, "10": 62.7311072996732, "2": 62.43234870038204}}, "Rouge": {"s2s": {"1": 61.62503191148302, "10": 62.8212798712421, "2": 61.97327662131368, "5": 62.107420195327464, "20": 62.85451735570411}}, "Pos": {"s2s": {"1": 61.83506543323241, "10": 62.412067342066344, "5": 62.64136035648122, "20": 62.62231989628, "2": 62.25328325922719}}, "Grakel": {"s2s": {"10": 62.77022302379245, "20": 62.64313695959449, "1": 62.24547099680524, "5": 62.433863958788514, "2": 62.12975324468307}}, "BLEU_pos": {"s2s": {"5": 62.57606773503075, "1": 61.63359459637678, "20": 62.916184302277415, "10": 62.787098402984284, "2": 61.97774577673759}}, "BLEU": {"s2s": {"2": 62.31364778040928, "1": 61.733950200715626, "10": 62.99270107310634, "5": 62.645015997137776, "20": 63.00234250014659}}}