{"bm25": {"s2s": {"2": 55.20834562927348, "5": 55.643560560186465, "1": 54.18486682555882, "10": 55.843481595754795, "20": 55.986894369653385}}, "Rouge": {"s2s": {"5": 55.5559495826889, "20": 55.73864654364047, "2": 55.03385588714422, "10": 55.63021751694852, "1": 54.39399612241904}}, "Pos": {"s2s": {"2": 55.06370976800906, "20": 55.7800726141914, "10": 55.65222473780865, "5": 55.4512114548731, "1": 54.48746419836091}}, "Grakel": {"s2s": {"20": 55.79981495341515, "10": 55.47946597745934, "2": 55.04928228427466, "1": 54.56534901084481, "5": 55.36457028501434}}, "BLEU_pos": {"s2s": {"20": 55.739217817127674, "5": 55.28871587012192, "2": 54.88582896077276, "1": 54.155865498917635, "10": 55.716529519459954}}, "BLEU": {"s2s": {"10": 55.57735186772948, "1": 54.651746085836365, "20": 56.07760802658724, "5": 55.47007803082877, "2": 55.109242621019725}}}