{"BLOOM_one": {"t2t": {"5": 0.4651466886634412, "10": 0.49457758090830606, "1": 0.4922873230555312}, "s2t": {"5": 0.3761861017599643, "10": 0.41642965357235295, "1": 0.2026857697651556}, "s2s": {"1": 0.4929985840153317, "10": 0.499000012079482, "5": 0.47369633129109506}}, "BLOOM_middle": {"t2t": {"10": 0.5117601283895875, "5": 0.5024414007136002, "1": 0.529995550751215}, "s2s": {"10": 0.5106601834945057, "1": 0.5054378875130014, "5": 0.4996705218383917}, "s2t": {"10": 0.49912866841074033, "5": 0.46984910262608715, "1": 0.4469142342096732}}, "BLOOM_last": {"s2s": {"1": 0.5115137076513334, "5": 0.5018080310977023, "10": 0.5110392818750129}, "t2t": {"1": 0.5174651399932124, "10": 0.5145799935217431, "5": 0.5022145312411983}, "s2t": {"10": 0.3810498330432907, "1": 0.22783888907359523, "5": 0.36278157276303874}}, "BLOOM_one_avg": {"s2s": {"10": 0.5148412927749599, "1": 0.5278575910998898, "5": 0.4995307639947993}, "s2t": {"5": 0.3329015354158379, "10": 0.3838058457279158, "1": 0.3756332115192894}, "t2t": {"1": 0.5021402938622731, "5": 0.49710928616316424, "10": 0.515542587066592}}, "BLOOM_middle_avg": {"s2t": {"1": 0.2968475729845494, "10": 0.36929453109858534, "5": 0.350276469580623}, "t2t": {"10": 0.5219390466220294, "1": 0.5256608975940777, "5": 0.5053858029777589}, "s2s": {"5": 0.5036389921375886, "10": 0.5108263541469461, "1": 0.5080940286691481}}, "BLOOM_last_avg": {"s2s": {"10": 0.5121520681991407, "5": 0.5055793350039735, "1": 0.5179941081129044}, "t2t": {"5": 0.49028163204492314, "10": 0.5019010793520764, "1": 0.5092862445875825}, "s2t": {"1": 0.2426322233299964, "10": 0.4165894605307711, "5": 0.3150206688393953}}}