{"BLOOM_one": {"s2t": {"5": 0.583136830802845, "1": 0.5152775872601822, "10": 0.5852052638741586}, "t2t": {"1": 0.5373442160488353, "10": 0.5883646687058356, "5": 0.5838763961796704}, "s2s": {"1": 0.5339045485430084, "5": 0.5863902919112223, "10": 0.5871972229199212}}, "BLOOM_middle": {"t2t": {"1": 0.5482826604997452, "5": 0.589315359226682, "10": 0.5954137408273964}, "s2s": {"10": 0.5972382035327287, "5": 0.5953484698099346, "1": 0.5509420107358058}, "s2t": {"10": 0.5935077937577553, "5": 0.5856265059042826, "1": 0.5446049481512529}}, "BLOOM_last": {"t2t": {"10": 0.5892620357452881, "1": 0.5428501979370598, "5": 0.5855995877369826}, "s2s": {"5": 0.5895586467602036, "1": 0.5457274227922142, "10": 0.5952565381561108}, "s2t": {"10": 0.5794206017797644, "5": 0.5769938175150529, "1": 0.5268694483214923}}, "BLOOM_one_avg": {"t2t": {"10": 0.5911455835278326, "5": 0.5878772552128837, "1": 0.5340059399015818}, "s2s": {"1": 0.5364502769979563, "10": 0.5921983286119968, "5": 0.5925529766901444}, "s2t": {"1": 0.5219271607373072, "5": 0.5787479980690442, "10": 0.5835911860402394}}, "BLOOM_middle_avg": {"s2s": {"1": 0.5465717936162892, "5": 0.5954700300668775, "10": 0.5956075005086043}, "t2t": {"5": 0.5897849337179435, "1": 0.5391114844752866, "10": 0.5888498845425519}, "s2t": {"1": 0.5218019723862763, "5": 0.5812517926538651, "10": 0.5856315510811306}}, "BLOOM_last_avg": {"s2s": {"1": 0.5395426058722108, "5": 0.5914914909558805, "10": 0.5965257735974469}, "t2t": {"5": 0.5878674091822781, "1": 0.5390160569530937, "10": 0.5905870056081667}, "s2t": {"1": 0.5101257740950631, "5": 0.5813635216341189, "10": 0.5791588255715936}}}