{"BLOOM_one": {"s2s": {"5": 0.6669487697422033, "1": 0.5714590079169499, "10": 0.6627517616295296}, "s2t": {"10": 0.6612794463901888, "5": 0.6512940937115741, "1": 0.5553422884006981}, "t2t": {"5": 0.6635787669318938, "1": 0.5752024553097755, "10": 0.6724300585363222}}, "BLOOM_middle": {"s2t": {"1": 0.5870815493873222, "5": 0.6763468329673228, "10": 0.6815760766741316}, "t2t": {"5": 0.6763069398495049, "1": 0.5891078633988799, "10": 0.6788944902391773}, "s2s": {"10": 0.6795220333685281, "1": 0.5809450840702641, "5": 0.6727096539712235}}, "BLOOM_last": {"s2s": {"1": 0.5784712110023961, "5": 0.6780446402051232, "10": 0.6911641357562287}, "t2t": {"1": 0.5834770718287573, "10": 0.6700812306534867, "5": 0.6631200982795167}, "s2t": {"1": 0.4289591615879724, "10": 0.6563134295608215, "5": 0.6497771832723862}}, "BLOOM_one_avg": {"s2s": {"5": 0.6635407130325971, "10": 0.6727445699686825, "1": 0.5755183991236178}, "s2t": {"10": 0.6457122965852027, "1": 0.550540050940787, "5": 0.6472421840952319}, "t2t": {"1": 0.5947276546726585, "5": 0.654173780203219, "10": 0.6719522922053167}}, "BLOOM_middle_avg": {"s2t": {"1": 0.5633990305214531, "5": 0.6538817472314175, "10": 0.6717728905585915}, "t2t": {"10": 0.681785725086574, "5": 0.669469077552378, "1": 0.5887821673640149}, "s2s": {"1": 0.5875119544830718, "5": 0.6778549807875053, "10": 0.6761781169550692}}, "BLOOM_last_avg": {"s2s": {"1": 0.5722339030340491, "10": 0.6771452248891587, "5": 0.6719310009491303}, "s2t": {"1": 0.5631677003893928, "10": 0.6427639567333719, "5": 0.6373723419493602}, "t2t": {"10": 0.6732469865750418, "1": 0.5714371728420022, "5": 0.657816069104926}}}