{"Laser2": {"t2t": {"2": 68.04473138525819, "20": 68.85501967765518, "10": 68.57678302036913, "5": 68.39079746961382, "1": 67.72768291681723}, "s2t": {"1": 67.47102545936804, "10": 68.34328791034916, "5": 68.31697630656393, "20": 68.65989328010804, "2": 67.93736420249972}, "s2s": {"2": 68.02500265468187, "10": 68.6787602444591, "5": 68.31971141804163, "20": 68.60990454841286, "1": 67.61601364169142}}, "Cohere": {"s2s": {"2": 67.78599172011067, "10": 68.33504573837746, "20": 68.66431283291813, "1": 67.40057622874973, "5": 68.0700992817236}, "t2t": {"20": 68.88097071662898, "2": 67.9178585866264, "5": 68.33999807087687, "1": 67.71454302455776, "10": 68.46999900558323}, "s2t": {"2": 67.83467917524123, "20": 68.69885546927347, "1": 67.64355110898903, "10": 68.41014379656741, "5": 68.16168588079739}}, "LaBSE": {"t2t": {"20": 68.56820806217316, "1": 67.62488734876851, "2": 67.65113799644138, "10": 68.62170959517096, "5": 68.42555278024611}, "s2t": {"2": 67.97184658400698, "1": 67.64891559371667, "20": 68.78660211497872, "5": 68.40234424473823, "10": 68.55218703366681}, "s2s": {"1": 67.55632591818902, "5": 68.33837480827076, "10": 68.34367696253086, "20": 68.50291958706416, "2": 67.71379773714268}}, "SONAR": {"s2s": {"10": 68.53734627504406, "1": 67.60893390347776, "2": 67.66016692140555, "5": 68.26821759158135, "20": 68.69837778663046}, "s2t": {"1": 67.61253424568518, "10": 68.49467384817297, "5": 68.20248399210523, "2": 67.77649675182212, "20": 68.64946458249804}, "t2t": {"10": 68.579049749115, "20": 68.73016060944913, "2": 68.12305678722143, "5": 68.64565980994125, "1": 67.91653032389463}}, "Random": {"s2s": {"2": {"mean": 67.95848640789484, "std": 0.14401924454355897}, "1": {"mean": 67.40180014972714, "std": 0.10865070650300307}, "0": {"mean": 52.13229472355449, "std": 0.007296236809089356}, "5": {"mean": 68.08997586922936, "std": 0.0590063405896677}, "20": {"mean": 68.50910273489943, "std": 0.0513730755291818}, "10": {"mean": 68.38019411877222, "std": 0.05913335714085145}}}, "E5": {"t2t": {"10": 68.74539450292939, "20": 68.98853092671845, "1": 67.87929909711644, "2": 68.13506675726755, "5": 68.43608368275825}, "s2t": {"1": 67.56735013903912, "10": 68.4298744456517, "20": 68.69357193844417, "5": 68.22037376749324, "2": 68.00472680278627}, "s2s": {"2": 67.73418149739562, "10": 68.50162574599025, "5": 68.14717531238603, "1": 67.505137200331, "20": 68.74044190145152}}}