{"Laser2": {"s2t": {"10": 33.091630702569255, "1": 27.7269093010888, "5": 31.894844018756245, "20": 34.124624859368566, "2": 30.527427816741966}, "t2t": {"5": 31.993995156152316, "10": 33.72164197229281, "1": 28.34992179597533, "2": 30.977534855951255, "20": 34.651497392178214}, "s2s": {"1": 28.125533757313598, "2": 30.705433624610645, "5": 32.687235102798226, "10": 33.61102675463119, "20": 34.09150541962847}}, "Cohere": {"s2t": {"20": 35.74759448846442, "1": 28.125295089367352, "10": 34.26877877942351, "5": 33.25892975298463, "2": 31.129365671677633}, "t2t": {"2": 31.197709368953213, "5": 33.23471409478662, "1": 28.058901227189757, "10": 35.04549545801107, "20": 36.32856105611561}, "s2s": {"1": 28.08893950783781, "2": 31.594894912088574, "5": 33.52538842991849, "20": 35.81290525595965, "10": 34.51141876662492}}, "LaBSE": {"s2s": {"2": 31.33070828123714, "10": 34.90996706098487, "20": 35.74671194859385, "5": 33.64004535710045, "1": 28.399556630191803}, "t2t": {"20": 35.33170291185356, "2": 31.09645150564751, "10": 34.61594432697609, "5": 33.04413701875559, "1": 28.378892946682765}, "s2t": {"1": 28.57514831248614, "5": 32.92501193266206, "10": 34.707829219979686, "2": 31.245104162292503, "20": 35.894582202343045}}, "SONAR": {"s2s": {"10": 34.87182106736598, "2": 31.556192042758617, "1": 27.968049005488083, "5": 33.21508361335101, "20": 36.06965243954926}, "s2t": {"10": 35.169465920713364, "20": 35.94159146401685, "1": 27.93638550326678, "5": 33.49551550053662, "2": 31.23195969196172}, "t2t": {"1": 28.216715178412695, "2": 31.320040770003104, "20": 35.88098821600958, "5": 33.23110841743663, "10": 35.05086450181044}}, "Random": {"s2s": {"1": {"mean": 26.345431150746293, "std": 0.1584759352900005}, "10": {"mean": 31.06118859710506, "std": 0.09538236719310456}, "20": {"mean": 31.446187499937007, "std": 0.17112790579313172}, "2": {"mean": 29.259572238928737, "std": 0.10334986074921172}, "5": {"mean": 30.395680209287963, "std": 0.0395364062772213}, "0": {"mean": 12.429169947084441, "std": 0.011635943563369812}}}, "E5": {"t2t": {"5": 33.30567030917999, "2": 31.253743598912482, "1": 28.27491435571443, "10": 34.91064705450576, "20": 35.74981214078477}, "s2t": {"5": 33.13144192763872, "2": 30.869473648020485, "10": 34.35478255332943, "1": 27.293874891652237, "20": 35.26286046355599}, "s2s": {"2": 31.482680263385387, "20": 35.59685258866045, "10": 34.66758477587872, "5": 33.56069797893766, "1": 28.156365141039053}}}