{"Laser2": {"s2s": {"10": 16.75452127688998, "2": 15.79700736703528, "1": 14.182083568694642, "5": 16.026144136319083, "20": 16.66088851349207}, "t2t": {"20": 15.59803483992094, "5": 15.555576360338918, "1": 13.895641967351432, "10": 15.801656608345205, "2": 14.834422025350857}, "s2t": {"2": 14.56725242987879, "20": 15.608173627983293, "1": 13.697056334156635, "10": 15.597119818849702, "5": 15.562299379190772}}, "Cohere": {"t2t": {"2": 15.47386119551808, "20": 16.22060773662742, "1": 14.357166045573807, "10": 15.765252511819952, "5": 15.649405820436133}, "s2s": {"20": 16.48134090746694, "10": 16.46074848763048, "1": 13.453078380476205, "2": 15.10283882932315, "5": 15.46238198315332}, "s2t": {"5": 15.41021909170404, "10": 15.911240444637023, "20": 16.60669484647469, "2": 14.430524466811484, "1": 13.398326417131493}}, "LaBSE": {"s2t": {"10": 16.08229733163271, "5": 15.68096185211334, "20": 15.75158553529662, "1": 13.59038045775039, "2": 15.022817545180164}, "s2s": {"5": 16.24642594351869, "10": 16.60590538625134, "20": 16.688775270645245, "2": 15.56591799420706, "1": 14.60856896327778}, "t2t": {"20": 15.405686407852656, "1": 13.607737778356565, "5": 15.526616177906813, "2": 15.002952891790713, "10": 15.707588656345461}}, "SONAR": {"s2s": {"10": 16.243634554475776, "5": 16.073434881329405, "2": 14.811940452961936, "20": 16.545496813442583, "1": 13.789085937734393}, "s2t": {"10": 16.818854817404407, "5": 16.34098251015633, "20": 16.958093736457883, "2": 15.562545800699839, "1": 14.201118990106135}, "t2t": {"10": 16.70041085701845, "2": 15.70153378345078, "1": 14.331602542753366, "20": 16.493447970980146, "5": 16.21419806203615}}, "Random": {"s2s": {"10": {"mean": 12.707039435447198, "std": 0.15744628876350208}, "1": {"mean": 11.064679183044374, "std": 0.2536268991653713}, "0": {"mean": 10.790662175897614, "std": 1.7763568394002505e-15}, "20": {"mean": 12.835800428988145, "std": 0.17010193535224122}, "2": {"mean": 11.795069446902646, "std": 0.09070401420026108}, "5": {"mean": 12.218659805035264, "std": 0.018601981137641915}}}, "E5": {"s2t": {"10": 15.655416247497051, "1": 12.657501106955612, "2": 13.64899741232349, "20": 15.769021464708397, "5": 15.065565941668932}, "t2t": {"20": 16.65591908683505, "10": 16.199466866794072, "1": 14.667656020860376, "2": 15.325144607483354, "5": 16.23399192868842}, "s2s": {"5": 15.671632037700453, "2": 14.84792719143491, "1": 13.601139498630282, "10": 15.947139440111538, "20": 16.136310861986598}}}