{"Laser2": {"t2t": {"10": 61.895404864955104, "2": 61.308210098112035, "1": 60.993856916242194, "5": 61.971178330077294, "20": 62.097843558554835}, "s2t": {"5": 61.70306346083607, "2": 61.29430678338169, "1": 60.91194258246443, "10": 61.59091418596938, "20": 61.812202566917115}, "s2s": {"1": 60.84619509525866, "10": 61.580845491097655, "2": 61.01541285048581, "20": 61.719034811407965, "5": 61.481240283636986}}, "Cohere": {"s2s": {"5": 61.65976165529186, "20": 62.04737175427704, "1": 61.1014985939034, "2": 61.27662253743874, "10": 61.87826450431678}, "s2t": {"5": 61.3995534535595, "20": 61.77387015079135, "10": 61.7036112048889, "2": 61.095347293161986, "1": 60.81434682731254}, "t2t": {"5": 61.625864402068196, "10": 61.910138751046176, "2": 61.10678544723759, "1": 60.9916859561348, "20": 61.91996701113064}}, "LaBSE": {"t2t": {"5": 61.54111577845443, "10": 61.74357698197802, "1": 60.991091456849766, "2": 61.48017044224263, "20": 61.770472394637856}, "s2t": {"2": 61.35723861019149, "5": 61.42864157069843, "1": 61.080335021860265, "20": 61.79049102699313, "10": 61.65866480178007}, "s2s": {"10": 61.55898720672518, "2": 61.3612405648688, "5": 61.42197820471248, "1": 60.771861984164744, "20": 61.78502064628303}}, "SONAR": {"t2t": {"10": 61.99766901075757, "5": 61.83445537458161, "20": 62.33336940792147, "1": 61.04372564474111, "2": 61.47729133300107}, "s2t": {"10": 61.62117499394528, "1": 60.987843586893895, "2": 61.31459484082483, "20": 61.89183497755246, "5": 61.729780539837655}, "s2s": {"20": 61.956321124565115, "10": 61.81577300554403, "2": 61.4144502963339, "1": 61.17942714570985, "5": 61.89512819277658}}, "Random": {"s2s": {"20": {"mean": 61.725274424727274, "std": 0.14921048815242982}, "0": {"mean": 53.31978334885063, "std": 0.08056882342037881}, "10": {"mean": 61.56960690853605, "std": 0.07076074355409331}, "2": {"mean": 61.19073967092557, "std": 0.07135496630707494}, "5": {"mean": 61.40452477335615, "std": 0.10927587243396424}, "1": {"mean": 60.97342576910476, "std": 0.09274257921364913}}}, "E5": {"t2t": {"1": 60.992817715114626, "5": 61.85266834791071, "10": 61.88335673464434, "2": 61.37575168419891, "20": 61.889429356894524}, "s2s": {"2": 61.40856782704197, "5": 61.59382842291803, "1": 61.055364260886144, "20": 61.9973847060231, "10": 61.96889101801409}, "s2t": {"1": 60.87823200746709, "5": 61.53426952332799, "10": 61.658723047800144, "2": 61.190112671956356, "20": 61.71895747749478}}}